Concept,ISO_Code,Similarity_ColdWar,Similarity_PostColdWar,Deviation_ColdWar,Deviation_PostColdWar,Deviation_Shift,Bloc
sovereignty,TTO,0.39882547,0.43133983,0.601174533367157,0.568660169839859,-0.0325143635272979,Global South (G77/Developing)
sovereignty,QAT,0.58151853,0.59349155,0.4184814691543579,0.4065084457397461,-0.0119730234146118,Global South (G77/Developing)
sovereignty,ZAF,0.35849854,0.49472383,0.6415014564990997,0.5052761733531952,-0.1362252831459045,Global South (G77/Developing)
sovereignty,USA,0.4522715,0.3847908,0.5477285087108612,0.6152091920375824,0.0674806833267211,P5 (Major Powers)
sovereignty,GTM,0.5457231,0.5193701,0.4542769193649292,0.4806299209594726,0.0263530015945434,Global South (G77/Developing)
sovereignty,SDN,0.56320643,0.5787182,0.436793565750122,0.4212818145751953,-0.0155117511749267,Global South (G77/Developing)
sovereignty,MAR,0.4542872,0.53921485,0.545712798833847,0.4607851505279541,-0.0849276483058929,Global South (G77/Developing)
sovereignty,CAN,0.45610768,0.45632157,0.5438923239707947,0.5436784327030182,-0.0002138912677764,Global North (Western/Allies)
sovereignty,ESP,0.4883615,0.48063612,0.5116384923458099,0.5193638801574707,0.0077253878116607,Global North (Western/Allies)
sovereignty,MRT,0.5749332,0.5940891,0.4250668287277221,0.4059109091758728,-0.0191559195518493,Global South (G77/Developing)
sovereignty,HTI,0.5865284,0.29067537,0.4134715795516968,0.7093246281147003,0.2958530485630035,Global South (G77/Developing)
sovereignty,MLT,0.41910127,0.47494492,0.5808987319469452,0.5250550806522369,-0.0558436512947082,Global North (Western/Allies)
sovereignty,IRQ,0.55798614,0.5886342,0.4420138597488403,0.411365807056427,-0.0306480526924133,Global South (G77/Developing)
sovereignty,JAM,0.40119585,0.31634608,0.5988041460514069,0.6836539208889008,0.0848497748374939,Global South (G77/Developing)
sovereignty,YEM,0.5543673,0.57981515,0.4456326961517334,0.420184850692749,-0.0254478454589843,Global South (G77/Developing)
sovereignty,SOM,0.49613947,0.34235683,0.5038605332374573,0.6576431691646576,0.1537826359272003,Global South (G77/Developing)
sovereignty,NGA,0.4072058,0.4663716,0.5927942097187042,0.5336284041404724,-0.0591658055782318,Global South (G77/Developing)
sovereignty,SEN,0.55186325,0.4373245,0.4481367468833923,0.5626755058765411,0.1145387589931488,Global South (G77/Developing)
sovereignty,IRN,0.5546564,0.50704014,0.4453436136245727,0.4929598569869995,0.0476162433624267,Global South (G77/Developing)
sovereignty,KWT,0.5230539,0.600019,0.4769461154937744,0.3999810218811035,-0.0769650936126709,Global South (G77/Developing)
sovereignty,LBR,0.38641334,0.48761076,0.6135866641998291,0.5123892426490784,-0.1011974215507507,Global South (G77/Developing)
sovereignty,CMR,0.493813,0.27260727,0.5061869919300079,0.7273927330970764,0.2212057411670684,Global South (G77/Developing)
sovereignty,NPL,0.49445778,0.3765748,0.5055422186851501,0.6234251856803894,0.1178829669952392,Global South (G77/Developing)
sovereignty,LAO,0.37743577,0.36011863,0.6225642263889313,0.6398813724517822,0.0173171460628509,Global South (G77/Developing)
sovereignty,UKR,0.46435952,0.541129,0.5356404781341553,0.4588710069656372,-0.076769471168518,Global North (Western/Allies)
sovereignty,ROU,0.58171743,0.58502847,0.4182825684547424,0.4149715304374695,-0.0033110380172729,Global North (Western/Allies)
sovereignty,BEN,0.5144719,0.43747237,0.4855281114578247,0.5625276267528534,0.0769995152950286,Global South (G77/Developing)
sovereignty,GAB,0.4915922,0.4545525,0.5084078013896942,0.5454474985599518,0.0370396971702575,Global South (G77/Developing)
sovereignty,PRY,0.43651226,0.45643508,0.5634877383708954,0.5435649156570435,-0.0199228227138519,Global South (G77/Developing)
sovereignty,THA,0.5550851,0.34970605,0.4449148774147033,0.6502939462661743,0.2053790688514709,Global South (G77/Developing)
sovereignty,MMR,0.5219841,0.43568075,0.4780158996582031,0.5643192529678345,0.0863033533096313,Global South (G77/Developing)
sovereignty,TGO,0.4919837,0.42381692,0.5080162882804871,0.5761830806732178,0.0681667923927307,Global South (G77/Developing)
sovereignty,AUS,0.26096886,0.3838995,0.7390311360359192,0.6161004900932312,-0.1229306459426879,Global North (Western/Allies)
sovereignty,NLD,0.46985298,0.4666758,0.5301470160484314,0.5333242118358612,0.0031771957874298,Global North (Western/Allies)
sovereignty,LBN,0.56291413,0.599337,0.4370858669281006,0.4006630182266235,-0.036422848701477,Global South (G77/Developing)
sovereignty,SLE,0.4005448,0.3300013,0.5994552075862885,0.6699987053871155,0.070543497800827,Global South (G77/Developing)
sovereignty,EGY,0.51864266,0.5919274,0.4813573360443115,0.4080725908279419,-0.0732847452163696,Global South (G77/Developing)
sovereignty,NZL,0.344072,0.34858307,0.655927985906601,0.6514169275760651,-0.0045110583305358,Global North (Western/Allies)
sovereignty,UGA,0.5067201,0.3812176,0.4932798743247986,0.6187824010848999,0.1255025267601013,Global South (G77/Developing)
sovereignty,TZA,0.507357,0.3952781,0.4926429986953735,0.6047219038009644,0.1120789051055908,Global South (G77/Developing)
sovereignty,FJI,0.5037846,0.47615385,0.4962154030799866,0.5238461494445801,0.0276307463645935,Global South (G77/Developing)
sovereignty,NIC,0.5855218,0.522866,0.4144781827926636,0.4771339893341064,0.0626558065414428,Global South (G77/Developing)
sovereignty,ITA,0.49391714,0.51528144,0.5060828626155853,0.4847185611724853,-0.0213643014430999,Global North (Western/Allies)
sovereignty,TCD,0.5328311,0.5042151,0.467168927192688,0.4957848787307739,0.0286159515380859,Global South (G77/Developing)
sovereignty,PER,0.49811023,0.4518059,0.5018897652626038,0.5481941103935242,0.0463043451309204,Global South (G77/Developing)
sovereignty,COL,0.47892517,0.40878707,0.5210748314857483,0.5912129282951355,0.0701380968093872,Global South (G77/Developing)
sovereignty,CHL,0.5109542,0.4068154,0.4890457987785339,0.5931845903396606,0.1041387915611267,Global South (G77/Developing)
sovereignty,SLV,0.56532204,0.5013123,0.4346779584884643,0.4986876845359802,0.0640097260475158,Global South (G77/Developing)
sovereignty,FIN,0.39796385,0.62460923,0.6020361483097076,0.3753907680511474,-0.2266453802585601,Global North (Western/Allies)
sovereignty,SAU,0.5776245,0.5940802,0.4223755002021789,0.4059197902679443,-0.0164557099342346,Global South (G77/Developing)
sovereignty,SGP,0.5832645,0.4248358,0.4167354702949524,0.5751641988754272,0.1584287285804748,Global South (G77/Developing)
sovereignty,CUB,0.5496896,0.6130079,0.4503104090690613,0.3869920969009399,-0.0633183121681213,Global South (G77/Developing)
sovereignty,ISR,0.3700068,0.30936384,0.629993200302124,0.690636157989502,0.0606429576873779,Global North (Western/Allies)
sovereignty,KHM,0.59087646,0.5791732,0.4091235399246216,0.42082679271698,0.0117032527923583,Global South (G77/Developing)
sovereignty,KEN,0.45048404,0.57637936,0.549515962600708,0.4236206412315368,-0.1258953213691711,Global South (G77/Developing)
sovereignty,GIN,0.5064511,0.44162327,0.4935489296913147,0.5583767294883728,0.0648277997970581,Global South (G77/Developing)
sovereignty,IDN,0.54906845,0.64346874,0.4509315490722656,0.3565312623977661,-0.0944002866744995,Global South (G77/Developing)
sovereignty,BOL,0.6086794,0.44289234,0.3913205862045288,0.5571076571941376,0.1657870709896087,Global South (G77/Developing)
sovereignty,SYR,0.557571,0.6408324,0.4424290060997009,0.3591675758361816,-0.0832614302635192,Global South (G77/Developing)
sovereignty,RUS,0.53171396,0.48094505,0.4682860374450683,0.5190549492835999,0.0507689118385314,P5 (Major Powers)
sovereignty,MDG,0.5008639,0.48946726,0.4991360902786255,0.5105327367782593,0.0113966464996337,Global South (G77/Developing)
sovereignty,TUN,0.48655492,0.5043119,0.5134450793266296,0.4956880807876587,-0.0177569985389709,Global South (G77/Developing)
sovereignty,NOR,0.42926523,0.576326,0.5707347691059113,0.4236739873886108,-0.1470607817173004,Global North (Western/Allies)
sovereignty,ALB,0.48015934,0.5335953,0.519840657711029,0.4664046764373779,-0.0534359812736511,Global South (G77/Developing)
sovereignty,IND,0.51503766,0.612025,0.4849623441696167,0.3879749774932861,-0.0969873666763305,Global South (G77/Developing)
sovereignty,ARG,0.39067584,0.40629432,0.6093241572380066,0.5937056839466095,-0.015618473291397,Global South (G77/Developing)
sovereignty,JOR,0.5074568,0.55705434,0.4925432205200195,0.442945659160614,-0.0495975613594055,Global South (G77/Developing)
sovereignty,SWE,0.37323654,0.49249434,0.6267634630203247,0.5075056552886963,-0.1192578077316284,Global North (Western/Allies)
sovereignty,CHN,0.50084895,0.63163775,0.4991510510444641,0.3683622479438782,-0.1307888031005859,P5 (Major Powers)
sovereignty,BFA,0.48869509,0.50785667,0.5113049149513245,0.4921433329582214,-0.019161581993103,Global South (G77/Developing)
sovereignty,ECU,0.5476651,0.49762243,0.4523348808288574,0.5023775696754456,0.0500426888465881,Global South (G77/Developing)
sovereignty,BGR,0.56389457,0.39908016,0.4361054301261902,0.6009198427200317,0.1648144125938415,Global North (Western/Allies)
sovereignty,GBR,0.26062632,0.28058547,0.7393736839294434,0.7194145321846008,-0.0199591517448425,P5 (Major Powers)
sovereignty,PHL,0.5322066,0.56526685,0.4677934050559997,0.4347331523895263,-0.0330602526664733,Global South (G77/Developing)
sovereignty,LKA,0.56575984,0.34409374,0.4342401623725891,0.6559062600135803,0.2216660976409912,Global South (G77/Developing)
sovereignty,POL,0.3781706,0.49417454,0.6218293905258179,0.5058254599571228,-0.116003930568695,Global North (Western/Allies)
sovereignty,DZA,0.49972332,0.61933684,0.5002766847610474,0.3806631565093994,-0.1196135282516479,Global South (G77/Developing)
sovereignty,CYP,0.55450374,0.5759287,0.4454962611198425,0.4240713119506836,-0.0214249491691589,Global North (Western/Allies)
sovereignty,COG,0.4843708,0.28377256,0.5156292021274567,0.7162274420261383,0.2005982398986816,Global South (G77/Developing)
sovereignty,AUT,0.46676162,0.35637474,0.5332383811473846,0.6436252593994141,0.1103868782520294,Global North (Western/Allies)
sovereignty,MEX,0.3893565,0.3498276,0.6106435060501099,0.6501724123954773,0.0395289063453674,Global South (G77/Developing)
sovereignty,MYS,0.47946882,0.3890937,0.520531177520752,0.6109063029289246,0.0903751254081726,Global South (G77/Developing)
sovereignty,CAF,0.48139864,0.3675275,0.5186013579368591,0.6324724853038788,0.1138711273670196,Global South (G77/Developing)
sovereignty,VEN,0.40240234,0.5264864,0.5975976586341858,0.4735136032104492,-0.1240840554237365,Global South (G77/Developing)
sovereignty,HUN,0.42677826,0.333621,0.573221743106842,0.6663790047168732,0.0931572616100311,Global North (Western/Allies)
sovereignty,YUG,0.6231029,0.36589983,0.3768970966339111,0.6341001689434052,0.257203072309494,Global South (G77/Developing)
sovereignty,ISL,0.46296534,0.2935034,0.537034660577774,0.7064965963363647,0.1694619357585907,Global North (Western/Allies)
sovereignty,GRC,0.54570353,0.6249714,0.4542964696884155,0.3750286102294922,-0.0792678594589233,Global North (Western/Allies)
sovereignty,COD,0.603171,0.525595,0.3968290090560913,0.4744049906730652,0.0775759816169738,Global South (G77/Developing)
sovereignty,LUX,0.31849557,0.42923093,0.6815044283866882,0.5707690715789795,-0.1107353568077087,Global North (Western/Allies)
sovereignty,ZMB,0.51646465,0.23100057,0.4835353493690491,0.7689994275569916,0.2854640781879425,Global South (G77/Developing)
sovereignty,URY,0.5447752,0.544957,0.4552248120307922,0.4550430178642273,-0.0001817941665649,Global South (G77/Developing)
sovereignty,PAN,0.60277253,0.5513096,0.3972274661064148,0.4486904144287109,0.0514629483222961,Global South (G77/Developing)
sovereignty,AFG,0.5430233,0.48909456,0.4569767117500305,0.5109054446220398,0.0539287328720092,Global South (G77/Developing)
sovereignty,TUR,0.48023185,0.5971908,0.5197681486606598,0.402809202671051,-0.1169589459896087,Global South (G77/Developing)
sovereignty,LBY,0.574377,0.6054533,0.4256229996681213,0.3945466876029968,-0.0310763120651245,Global South (G77/Developing)
sovereignty,BRA,0.52874106,0.4822372,0.4712589383125305,0.5177628099918365,0.046503871679306,Global South (G77/Developing)
sovereignty,ETH,0.5552521,0.5229636,0.4447479248046875,0.4770364165306091,0.0322884917259216,Global South (G77/Developing)
sovereignty,DOM,0.50996447,0.3337962,0.4900355339050293,0.6662037968635559,0.1761682629585266,Global South (G77/Developing)
sovereignty,MNG,0.5049995,0.20225301,0.4950004816055298,0.7977469861507416,0.3027465045452118,Global South (G77/Developing)
sovereignty,BDI,0.44678476,0.49808282,0.5532152354717255,0.5019171833992004,-0.051298052072525,Global South (G77/Developing)
sovereignty,NER,0.55047286,0.36150306,0.4495271444320678,0.6384969353675842,0.1889697909355163,Global South (G77/Developing)
sovereignty,MUS,0.45222408,0.46808222,0.54777592420578,0.5319177806377411,-0.0158581435680389,Global South (G77/Developing)
sovereignty,IRL,0.50491154,0.438251,0.4950884580612182,0.5617490112781525,0.0666605532169342,Global North (Western/Allies)
sovereignty,FRA,0.51423985,0.45343646,0.4857601523399353,0.5465635359287262,0.0608033835887908,P5 (Major Powers)
sovereignty,PAK,0.54605913,0.5492013,0.4539408683776855,0.4507986903190613,-0.0031421780586242,Global South (G77/Developing)
sovereignty,MLI,0.5160827,0.43992627,0.4839172959327698,0.560073733329773,0.0761564373970031,Global South (G77/Developing)
sovereignty,BEL,0.48669094,0.5551568,0.5133090615272522,0.4448431730270386,-0.0684658885002136,Global North (Western/Allies)
sovereignty,GHA,0.5436554,0.3617208,0.4563446044921875,0.6382791996002197,0.1819345951080322,Global South (G77/Developing)
sovereignty,BLR,0.45203125,0.44789684,0.5479687452316284,0.5521031618118286,0.0041344165802001,Global North (Western/Allies)
sovereignty,GUY,0.359668,0.42344537,0.6403320133686066,0.5765546262264252,-0.0637773871421814,Global South (G77/Developing)
sovereignty,JPN,0.23431727,0.38076937,0.765682727098465,0.6192306280136108,-0.1464520990848541,Global North (Western/Allies)
sovereignty,RWA,0.5123787,0.40114498,0.4876213073730469,0.5988550186157227,0.1112337112426757,Global South (G77/Developing)
sovereignty,MWI,0.4693873,0.25019008,0.5306127071380615,0.7498099207878113,0.2191972136497497,Global South (G77/Developing)
sovereignty,BHR,0.5863676,0.5987258,0.4136323928833008,0.4012742042541504,-0.0123581886291503,Global South (G77/Developing)
sovereignty,ARE,0.5390655,0.59828126,0.4609345197677612,0.4017187356948852,-0.0592157840728759,Global South (G77/Developing)
sovereignty,HND,0.5012564,0.47715905,0.4987435936927795,0.5228409469127655,0.0240973532199859,Global South (G77/Developing)
sovereignty,GMB,0.49630505,0.4486208,0.5036949515342712,0.5513792037963867,0.0476842522621154,Global South (G77/Developing)
sovereignty,BTN,0.4754549,0.38080865,0.5245451033115387,0.6191913485527039,0.0946462452411651,Global South (G77/Developing)
sovereignty,SWZ,0.48430312,0.3318894,0.5156968832015991,0.6681106090545654,0.1524137258529663,Global South (G77/Developing)
sovereignty,BRB,0.48414418,0.42954993,0.5158558189868927,0.5704500675201416,0.0545942485332489,Global South (G77/Developing)
sovereignty,DNK,0.47462243,0.47156614,0.5253775715827942,0.5284338593482971,0.0030562877655029,Global North (Western/Allies)
sovereignty,CRI,0.4784547,0.508626,0.5215452909469604,0.4913740158081054,-0.0301712751388549,Global South (G77/Developing)
sovereignty,PRT,0.5646972,0.5782664,0.4353027939796448,0.4217336177825928,-0.013569176197052,Global North (Western/Allies)
sovereignty,OMN,0.51065636,0.5206709,0.4893436431884765,0.4793291091918945,-0.010014533996582,Global South (G77/Developing)
sovereignty,BHS,0.5648353,0.49290085,0.4351646900177002,0.5070991516113281,0.0719344615936279,Global South (G77/Developing)
sovereignty,LSO,0.54745996,0.5413579,0.4525400400161743,0.4586421251296997,0.0061020851135253,Global South (G77/Developing)
sovereignty,DEU,0.36778563,0.41387105,0.632214367389679,0.5861289501190186,-0.0460854172706604,Global North (Western/Allies)
sovereignty,BGD,0.4777643,0.41154552,0.5222356915473938,0.5884544849395752,0.0662187933921814,Global South (G77/Developing)
sovereignty,GNQ,0.49716493,0.64124435,0.5028350651264191,0.3587556481361389,-0.1440794169902801,Global South (G77/Developing)
sovereignty,GRD,0.51581043,0.33875227,0.4841895699501037,0.661247730255127,0.1770581603050232,Global South (G77/Developing)
sovereignty,BWA,0.43586338,0.24171841,0.5641366243362427,0.7582815885543823,0.1941449642181396,Global South (G77/Developing)
sovereignty,MOZ,0.5285083,0.19244546,0.4714916944503784,0.8075545430183411,0.3360628485679626,Global South (G77/Developing)
sovereignty,STP,0.53357923,0.21863315,0.4664207696914673,0.7813668549060822,0.3149460852146148,Global South (G77/Developing)
sovereignty,CPV,0.51341784,0.41730955,0.4865821599960327,0.5826904475688934,0.0961082875728607,Global South (G77/Developing)
sovereignty,PNG,0.43271944,0.3834099,0.5672805607318878,0.6165901124477386,0.0493095517158508,Global South (G77/Developing)
sovereignty,MDV,0.2896063,0.6179218,0.7103936970233917,0.3820781707763672,-0.3283155262470245,Global South (G77/Developing)
sovereignty,GNB,0.52745867,0.22804886,0.472541332244873,0.7719511389732361,0.299409806728363,Global South (G77/Developing)
sovereignty,SUR,0.48730135,0.50291646,0.5126986503601074,0.4970835447311401,-0.0156151056289672,Global South (G77/Developing)
sovereignty,COM,0.52924573,0.470163,0.4707542657852173,0.5298370122909546,0.0590827465057373,Global South (G77/Developing)
sovereignty,WSM,0.3253337,0.23878326,0.6746662855148315,0.7612167447805405,0.0865504592657089,Global South (G77/Developing)
sovereignty,SYC,0.4981248,0.17542306,0.5018751919269562,0.8245769441127777,0.3227017521858215,Global South (G77/Developing)
sovereignty,AGO,0.5273093,0.45115346,0.4726907014846802,0.5488465428352356,0.0761558413505554,Global South (G77/Developing)
sovereignty,VNM,0.50978,0.5121383,0.4902200102806091,0.487861692905426,-0.0023583173751831,Global South (G77/Developing)
sovereignty,VAT,0.09220365,0.30774465,0.9077963531017303,0.6922553479671478,-0.2155410051345825,Global South (G77/Developing)
sovereignty,DMA,0.103301875,0.61600477,0.8966981247067451,0.3839952349662781,-0.5127028897404671,Global South (G77/Developing)
sovereignty,DJI,0.4624284,0.49425697,0.5375716090202332,0.5057430267333984,-0.0318285822868347,Global South (G77/Developing)
sovereignty,LCA,0.5362536,0.43160552,0.463746428489685,0.5683944821357727,0.1046480536460876,Global South (G77/Developing)
sovereignty,ZWE,0.5471769,0.5549135,0.4528231024742126,0.4450864791870117,-0.0077366232872009,Global South (G77/Developing)
sovereignty,VCT,0.4158296,0.54573107,0.584170401096344,0.4542689323425293,-0.1299014687538147,Global South (G77/Developing)
sovereignty,ATG,0.3888777,0.48411974,0.6111223101615906,0.5158802568912506,-0.0952420532703399,Global South (G77/Developing)
sovereignty,BLZ,0.51279944,0.5157342,0.4872005581855774,0.4842658042907715,-0.0029347538948059,Global South (G77/Developing)
sovereignty,VUT,0.20572793,0.3792251,0.7942720651626587,0.620774894952774,-0.1734971702098846,Global South (G77/Developing)
sovereignty,SLB,0.46298757,0.5061302,0.5370124280452728,0.4938697814941406,-0.0431426465511322,Global South (G77/Developing)
sovereignty,BRN,0.5026761,0.50689155,0.4973238706588745,0.4931084513664245,-0.0042154192924499,Global South (G77/Developing)
sovereignty,KNA,0.32845354,0.35142964,0.671546459197998,0.6485703587532043,-0.0229761004447937,Global South (G77/Developing)
sovereignty,NAM,0.43037382,0.5341983,0.5696261823177338,0.4658017158508301,-0.1038244664669036,Global South (G77/Developing)
sovereignty,FSM,0.0022497773,0.3631112,0.9977502226829528,0.6368888020515442,-0.3608614206314087,Global South (G77/Developing)
sovereignty,PRK,0.15380016,0.5238087,0.8461998403072357,0.4761912822723388,-0.3700085580348968,Global South (G77/Developing)
sovereignty,EST,0.3171258,0.43735206,0.6828742027282715,0.5626479387283325,-0.1202262639999389,Global North (Western/Allies)
sovereignty,MHL,0.16243914,0.23851022,0.8375608623027802,0.7614897787570953,-0.0760710835456848,Global South (G77/Developing)
law,TTO,0.43155506,0.5348415,0.5684449374675751,0.4651585221290588,-0.1032864153385162,Global South (G77/Developing)
law,QAT,0.395208,0.55409247,0.6047919988632202,0.4459075331687927,-0.1588844656944275,Global South (G77/Developing)
law,ZAF,0.49825647,0.49641132,0.5017435252666473,0.5035886764526367,0.0018451511859893,Global South (G77/Developing)
law,USA,0.23390931,0.41620874,0.7660906910896301,0.5837912559509277,-0.1822994351387024,P5 (Major Powers)
law,GTM,0.5350297,0.4680388,0.4649702906608581,0.53196120262146,0.0669909119606018,Global South (G77/Developing)
law,SDN,0.53708875,0.52601933,0.4629112482070923,0.4739806652069092,0.0110694169998168,Global South (G77/Developing)
law,MAR,0.48430753,0.45815086,0.5156924724578857,0.5418491363525391,0.0261566638946533,Global South (G77/Developing)
law,CAN,0.437307,0.4672297,0.5626929998397827,0.5327703058719635,-0.0299226939678192,Global North (Western/Allies)
law,ESP,0.46664482,0.4889681,0.533355176448822,0.5110318958759308,-0.0223232805728912,Global North (Western/Allies)
law,MRT,0.3833426,0.34631273,0.6166574060916901,0.6536872684955597,0.0370298624038696,Global South (G77/Developing)
law,HTI,0.4277711,0.51246667,0.5722289085388184,0.4875333309173584,-0.0846955776214599,Global South (G77/Developing)
law,MLT,0.44333035,0.3882757,0.5566696524620056,0.6117242872714996,0.055054634809494,Global North (Western/Allies)
law,IRQ,0.5836936,0.54258823,0.4163063764572143,0.4574117660522461,0.0411053895950317,Global South (G77/Developing)
law,JAM,0.5917635,0.35756457,0.4082365036010742,0.6424354314804077,0.2341989278793335,Global South (G77/Developing)
law,YEM,0.5474561,0.50956404,0.4525439143180847,0.4904359579086303,0.0378920435905456,Global South (G77/Developing)
law,SOM,0.39886022,0.42120427,0.6011397838592529,0.5787957310676575,-0.0223440527915954,Global South (G77/Developing)
law,NGA,0.4553731,0.44513637,0.5446268916130066,0.5548636317253113,0.0102367401123046,Global South (G77/Developing)
law,SEN,0.3795327,0.39616737,0.6204673051834106,0.6038326323032379,-0.0166346728801727,Global South (G77/Developing)
law,IRN,0.5503308,0.5467354,0.4496691823005676,0.4532645940780639,0.0035954117774963,Global South (G77/Developing)
law,KWT,0.5631489,0.58111954,0.4368510842323303,0.4188804626464844,-0.0179706215858459,Global South (G77/Developing)
law,LBR,0.39144605,0.39169285,0.608553946018219,0.6083071529865265,-0.0002467930316925,Global South (G77/Developing)
law,CMR,0.49140224,0.40033892,0.5085977613925934,0.5996610820293427,0.0910633206367492,Global South (G77/Developing)
law,NPL,0.54155815,0.49253395,0.4584418535232544,0.507466048002243,0.0490241944789886,Global South (G77/Developing)
law,LAO,0.43242246,0.43634912,0.5675775408744812,0.5636508762836456,-0.0039266645908355,Global South (G77/Developing)
law,UKR,0.45917702,0.4744311,0.5408229827880859,0.5255689024925232,-0.0152540802955627,Global North (Western/Allies)
law,ROU,0.45169395,0.47405186,0.5483060479164124,0.5259481370449066,-0.0223579108715057,Global North (Western/Allies)
law,BEN,0.42142865,0.40419936,0.5785713493824005,0.5958006381988525,0.017229288816452,Global South (G77/Developing)
law,GAB,0.4340485,0.40438378,0.5659514963626862,0.5956162214279175,0.0296647250652313,Global South (G77/Developing)
law,PRY,0.45113933,0.4499093,0.5488606691360474,0.5500907003879547,0.0012300312519073,Global South (G77/Developing)
law,THA,0.49364907,0.39960086,0.5063509345054626,0.6003991365432739,0.0940482020378112,Global South (G77/Developing)
law,MMR,0.43630716,0.5309026,0.5636928379535675,0.469097375869751,-0.0945954620838165,Global South (G77/Developing)
law,TGO,0.40279803,0.26840094,0.5972019731998444,0.7315990626811981,0.1343970894813537,Global South (G77/Developing)
law,AUS,0.34308755,0.3865293,0.6569124460220337,0.6134707033634186,-0.0434417426586151,Global North (Western/Allies)
law,NLD,0.31686935,0.4631858,0.6831306517124176,0.5368142127990723,-0.1463164389133453,Global North (Western/Allies)
law,LBN,0.53949887,0.49954426,0.4605011343955993,0.5004557371139526,0.0399546027183532,Global South (G77/Developing)
law,SLE,0.48004818,0.42967272,0.5199518203735352,0.5703272819519043,0.0503754615783691,Global South (G77/Developing)
law,EGY,0.5903608,0.5027884,0.4096391797065735,0.4972115755081177,0.0875723958015441,Global South (G77/Developing)
law,NZL,0.38058564,0.41522172,0.619414359331131,0.5847782790660858,-0.0346360802650451,Global North (Western/Allies)
law,UGA,0.37867436,0.5393622,0.6213256418704987,0.4606378078460693,-0.1606878340244293,Global South (G77/Developing)
law,TZA,0.49011764,0.4437328,0.5098823606967926,0.5562672019004822,0.0463848412036895,Global South (G77/Developing)
law,FJI,0.345134,0.3729418,0.6548660099506378,0.627058207988739,-0.0278078019618988,Global South (G77/Developing)
law,NIC,0.4792518,0.49167064,0.5207481980323792,0.5083293616771698,-0.0124188363552093,Global South (G77/Developing)
law,ITA,0.36041057,0.4224692,0.6395894289016724,0.5775308012962341,-0.0620586276054382,Global North (Western/Allies)
law,TCD,0.4613737,0.40234262,0.5386263132095337,0.5976573824882507,0.059031069278717,Global South (G77/Developing)
law,PER,0.48924828,0.42742902,0.5107517242431641,0.5725709795951843,0.0618192553520202,Global South (G77/Developing)
law,COL,0.4764768,0.44765723,0.523523211479187,0.5523427724838257,0.0288195610046386,Global South (G77/Developing)
law,CHL,0.46547395,0.39656606,0.5345260500907898,0.6034339368343353,0.0689078867435455,Global South (G77/Developing)
law,SLV,0.46608275,0.42852718,0.533917248249054,0.5714728236198425,0.0375555753707885,Global South (G77/Developing)
law,FIN,0.40634933,0.40243322,0.5936506688594818,0.5975667834281921,0.0039161145687103,Global North (Western/Allies)
law,SAU,0.5442735,0.5094101,0.4557265043258667,0.4905899167060852,0.0348634123802185,Global South (G77/Developing)
law,SGP,0.4694635,0.4731625,0.5305365025997162,0.5268374979496002,-0.0036990046501159,Global South (G77/Developing)
law,CIV,0.14896753,0.3776675,0.8510324656963348,0.6223325133323669,-0.2286999523639679,Global South (G77/Developing)
law,CUB,0.5559812,0.52485824,0.4440187811851501,0.4751417636871338,0.0311229825019836,Global South (G77/Developing)
law,ISR,0.45694143,0.21791019,0.5430585741996765,0.7820898145437241,0.2390312403440475,Global North (Western/Allies)
law,KHM,0.42916244,0.4989072,0.5708375573158264,0.501092791557312,-0.0697447657585144,Global South (G77/Developing)
law,KEN,0.5316316,0.36401084,0.4683684110641479,0.6359891593456268,0.1676207482814788,Global South (G77/Developing)
law,GIN,0.5996105,0.49821377,0.4003894925117492,0.5017862319946289,0.1013967394828796,Global South (G77/Developing)
law,IDN,0.6237775,0.51746905,0.3762224912643432,0.4825309514999389,0.1063084602355957,Global South (G77/Developing)
law,BOL,0.46722174,0.509674,0.532778263092041,0.4903259873390198,-0.0424522757530212,Global South (G77/Developing)
law,SYR,0.55686736,0.5516377,0.4431326389312744,0.4483622908592224,0.0052296519279479,Global South (G77/Developing)
law,RUS,0.4800911,0.41013733,0.5199089050292969,0.5898626744747162,0.0699537694454193,P5 (Major Powers)
law,MDG,0.43332776,0.4389851,0.5666722357273102,0.5610148906707764,-0.0056573450565338,Global South (G77/Developing)
law,TUN,0.4476307,0.44549316,0.5523692965507507,0.5545068383216858,0.002137541770935,Global South (G77/Developing)
law,NOR,0.38138318,0.46987566,0.6186168193817139,0.5301243364810944,-0.0884924829006195,Global North (Western/Allies)
law,ALB,0.47489262,0.45078984,0.5251073837280273,0.5492101609706879,0.0241027772426605,Global South (G77/Developing)
law,IND,0.37467402,0.40600944,0.6253259778022766,0.5939905643463135,-0.0313354134559631,Global South (G77/Developing)
law,ARG,0.48463458,0.5713444,0.5153654217720032,0.4286556243896484,-0.0867097973823547,Global South (G77/Developing)
law,JOR,0.49818385,0.51571995,0.5018161535263062,0.4842800498008728,-0.0175361037254333,Global South (G77/Developing)
law,SWE,0.36803257,0.47203118,0.6319674253463745,0.5279688239097595,-0.1039986014366149,Global North (Western/Allies)
law,CHN,0.31224227,0.4365733,0.6877577304840088,0.5634267032146454,-0.1243310272693634,P5 (Major Powers)
law,BFA,0.5026809,0.41948476,0.4973191022872925,0.5805152356624603,0.0831961333751678,Global South (G77/Developing)
law,ECU,0.44796908,0.4659799,0.5520309209823608,0.5340200960636139,-0.0180108249187469,Global South (G77/Developing)
law,BGR,0.59855866,0.47054207,0.4014413356781006,0.5294579267501831,0.1280165910720825,Global North (Western/Allies)
law,GBR,0.43897527,0.4618616,0.5610247254371643,0.5381383895874023,-0.0228863358497619,P5 (Major Powers)
law,PHL,0.5147927,0.5335804,0.4852073192596435,0.4664195775985718,-0.0187877416610717,Global South (G77/Developing)
law,LKA,0.51582384,0.46291405,0.4841761589050293,0.5370859503746033,0.0529097914695739,Global South (G77/Developing)
law,POL,0.53823984,0.5267528,0.4617601633071899,0.4732471704483032,0.0114870071411132,Global North (Western/Allies)
law,DZA,0.3719902,0.46731842,0.6280097961425781,0.5326815843582153,-0.0953282117843627,Global South (G77/Developing)
law,CYP,0.41396114,0.50784266,0.5860388576984406,0.4921573400497436,-0.0938815176486969,Global North (Western/Allies)
law,COG,0.5139635,0.3512327,0.486036479473114,0.6487672924995422,0.1627308130264282,Global South (G77/Developing)
law,AUT,0.56047475,0.5087803,0.4395252466201782,0.491219699382782,0.0516944527626037,Global North (Western/Allies)
law,MEX,0.43559498,0.44615936,0.5644050240516663,0.5538406372070312,-0.010564386844635,Global South (G77/Developing)
law,MYS,0.43478084,0.6327197,0.5652191638946533,0.3672803044319153,-0.197938859462738,Global South (G77/Developing)
law,CAF,0.41016355,0.4082194,0.589836448431015,0.5917806029319763,0.0019441545009613,Global South (G77/Developing)
law,VEN,0.4166385,0.52958906,0.5833615064620972,0.470410943031311,-0.1129505634307861,Global South (G77/Developing)
law,HUN,0.5002406,0.54642695,0.4997593760490417,0.4535730481147766,-0.0461863279342651,Global North (Western/Allies)
law,YUG,0.41285583,0.40767062,0.5871441662311554,0.5923293828964233,0.0051852166652679,Global South (G77/Developing)
law,ISL,0.340113,0.5770876,0.6598869860172272,0.4229124188423157,-0.2369745671749115,Global North (Western/Allies)
law,GRC,0.39556974,0.4339745,0.6044302582740784,0.5660254955291748,-0.0384047627449035,Global North (Western/Allies)
law,COD,0.5944294,0.47000813,0.4055706262588501,0.529991865158081,0.1244212388992309,Global South (G77/Developing)
law,LUX,0.4111012,0.43525314,0.5888988077640533,0.5647468566894531,-0.0241519510746002,Global North (Western/Allies)
law,ZMB,0.30632934,0.40329865,0.6936706602573395,0.5967013537883759,-0.0969693064689636,Global South (G77/Developing)
law,URY,0.4341503,0.5027204,0.5658496916294098,0.4972795844078064,-0.0685701072216034,Global South (G77/Developing)
law,PAN,0.49311286,0.41342145,0.5068871378898621,0.5865785479545593,0.0796914100646972,Global South (G77/Developing)
law,AFG,0.49126646,0.5334524,0.5087335407733917,0.4665476083755493,-0.0421859323978424,Global South (G77/Developing)
law,TUR,0.35095763,0.43770584,0.6490423679351807,0.5622941553592682,-0.0867482125759124,Global South (G77/Developing)
law,LBY,0.56598294,0.5970317,0.4340170621871948,0.4029682874679565,-0.0310487747192382,Global South (G77/Developing)
law,BRA,0.47316277,0.5418309,0.5268372297286987,0.4581691026687622,-0.0686681270599365,Global South (G77/Developing)
law,ETH,0.4769341,0.49276975,0.5230658948421478,0.5072302520275116,-0.0158356428146362,Global South (G77/Developing)
law,DOM,0.48618737,0.4461569,0.5138126313686371,0.5538431107997894,0.0400304794311523,Global South (G77/Developing)
law,MNG,0.16395696,0.50315034,0.836043044924736,0.4968496561050415,-0.3391933888196945,Global South (G77/Developing)
law,BDI,0.4593417,0.3931772,0.5406582951545715,0.6068227887153625,0.066164493560791,Global South (G77/Developing)
law,NER,0.5722733,0.49664968,0.427726686000824,0.5033503174781799,0.0756236314773559,Global South (G77/Developing)
law,MUS,0.44803882,0.5027858,0.5519611835479736,0.4972141981124878,-0.0547469854354858,Global South (G77/Developing)
law,IRL,0.476441,0.51087403,0.5235590040683746,0.4891259670257568,-0.0344330370426178,Global North (Western/Allies)
law,FRA,0.4769163,0.34890917,0.5230836868286133,0.6510908305644989,0.1280071437358856,P5 (Major Powers)
law,PAK,0.53961277,0.477931,0.4603872299194336,0.5220690071582794,0.0616817772388458,Global South (G77/Developing)
law,MLI,0.38360894,0.5824019,0.6163910627365112,0.4175981283187866,-0.1987929344177246,Global South (G77/Developing)
law,BEL,0.31871173,0.39436734,0.6812882721424103,0.6056326627731323,-0.0756556093692779,Global North (Western/Allies)
law,GHA,0.47577623,0.376621,0.5242237746715546,0.6233789920806885,0.0991552174091339,Global South (G77/Developing)
law,BLR,0.4289091,0.44846302,0.5710909068584442,0.5515369772911072,-0.019553929567337,Global North (Western/Allies)
law,GUY,0.32838234,0.48088902,0.6716176569461823,0.5191109776496887,-0.1525066792964935,Global South (G77/Developing)
law,JPN,0.40663686,0.37017608,0.5933631360530853,0.6298239231109619,0.0364607870578765,Global North (Western/Allies)
law,RWA,0.47816744,0.52149296,0.5218325555324554,0.4785070419311523,-0.0433255136013031,Global South (G77/Developing)
law,MWI,0.2028083,0.39214158,0.7971916943788528,0.607858419418335,-0.1893332749605178,Global South (G77/Developing)
law,BHR,0.5654223,0.5290123,0.4345777034759521,0.4709876775741577,0.0364099740982055,Global South (G77/Developing)
law,ARE,0.5390827,0.5194357,0.4609172940254211,0.4805642962455749,0.0196470022201538,Global South (G77/Developing)
law,HND,0.36483848,0.37268814,0.6351615190505981,0.6273118555545807,-0.0078496634960174,Global South (G77/Developing)
law,GMB,0.572394,0.5690429,0.4276059865951538,0.4309570789337158,0.003351092338562,Global South (G77/Developing)
law,BTN,0.2367522,0.23921266,0.7632478028535843,0.7607873380184174,-0.0024604648351669,Global South (G77/Developing)
law,SWZ,0.3736202,0.25945213,0.6263797879219055,0.7405478656291962,0.1141680777072906,Global South (G77/Developing)
law,BRB,0.49933493,0.3645563,0.5006650686264038,0.6354436874389648,0.134778618812561,Global South (G77/Developing)
law,DNK,0.42139575,0.5127618,0.5786042511463165,0.4872382283210754,-0.091366022825241,Global North (Western/Allies)
law,CRI,0.52341014,0.56890595,0.4765898585319519,0.4310940504074096,-0.0454958081245422,Global South (G77/Developing)
law,PRT,0.60678303,0.44820887,0.3932169675827026,0.5517911314964294,0.1585741639137268,Global North (Western/Allies)
law,OMN,0.5433054,0.5097457,0.4566946029663086,0.490254282951355,0.0335596799850463,Global South (G77/Developing)
law,BHS,0.50234896,0.34323537,0.4976510405540466,0.6567646265029907,0.1591135859489441,Global South (G77/Developing)
law,LSO,0.45412618,0.4159503,0.5458738207817078,0.5840497016906738,0.038175880908966,Global South (G77/Developing)
law,DEU,0.41851893,0.5006907,0.5814810693264008,0.4993093013763428,-0.0821717679500579,Global North (Western/Allies)
law,BGD,0.42540175,0.3340153,0.5745982527732849,0.6659846901893616,0.0913864374160766,Global South (G77/Developing)
law,GNQ,0.47884434,0.59011203,0.5211556553840637,0.4098879694938659,-0.1112676858901977,Global South (G77/Developing)
law,GRD,0.35602152,0.4303329,0.643978476524353,0.5696671009063721,-0.0743113756179809,Global South (G77/Developing)
law,BWA,0.32369643,0.5502708,0.6763035655021667,0.4497292041778564,-0.2265743613243103,Global South (G77/Developing)
law,MOZ,0.5674672,0.4162752,0.432532787322998,0.5837247967720032,0.1511920094490051,Global South (G77/Developing)
law,STP,0.4872892,0.35942224,0.5127108097076416,0.6405777633190155,0.1278669536113739,Global South (G77/Developing)
law,CPV,0.36694208,0.5783547,0.6330579221248627,0.4216452836990356,-0.211412638425827,Global South (G77/Developing)
law,PNG,0.5488509,0.22844616,0.4511491060256958,0.7715538442134857,0.3204047381877899,Global South (G77/Developing)
law,MDV,0.32719213,0.5074275,0.6728078722953796,0.4925724864006042,-0.1802353858947754,Global South (G77/Developing)
law,GNB,0.48067027,0.30004174,0.5193297266960144,0.6999582648277283,0.1806285381317138,Global South (G77/Developing)
law,SUR,0.4099483,0.52176684,0.5900517106056213,0.4782331585884094,-0.1118185520172119,Global South (G77/Developing)
law,COM,0.5042714,0.4552953,0.4957286119461059,0.5447047054767609,0.0489760935306549,Global South (G77/Developing)
law,WSM,0.39526618,0.3384978,0.6047338247299194,0.6615022122859955,0.056768387556076,Global South (G77/Developing)
law,SYC,0.32677892,0.36292344,0.673221081495285,0.6370765566825867,-0.0361445248126983,Global South (G77/Developing)
law,AGO,0.45418322,0.41310227,0.5458167791366577,0.5868977308273315,0.0410809516906738,Global South (G77/Developing)
law,VNM,0.0903034,0.4762209,0.909696601331234,0.5237790942192078,-0.3859175071120262,Global South (G77/Developing)
law,VAT,0.39299518,0.49053952,0.6070048213005066,0.5094604790210724,-0.0975443422794342,Global South (G77/Developing)
law,DMA,0.26679826,0.36381695,0.7332017421722412,0.6361830532550812,-0.09701868891716,Global South (G77/Developing)
law,DJI,0.34842578,0.33183825,0.6515742242336273,0.6681617498397827,0.0165875256061553,Global South (G77/Developing)
law,LCA,0.58519435,0.37732425,0.4148056507110595,0.622675746679306,0.2078700959682464,Global South (G77/Developing)
law,ZWE,0.35200447,0.54117227,0.6479955315589905,0.4588277339935303,-0.1891677975654602,Global South (G77/Developing)
law,VCT,0.112654686,0.38604647,0.8873453140258789,0.6139535307884216,-0.2733917832374573,Global South (G77/Developing)
law,ATG,0.24800837,0.49407235,0.7519916296005249,0.5059276521205902,-0.2460639774799347,Global South (G77/Developing)
law,BLZ,0.45867598,0.50287366,0.5413240194320679,0.4971263408660888,-0.044197678565979,Global South (G77/Developing)
law,VUT,0.5506575,0.4225949,0.4493424892425537,0.5774050951004028,0.1280626058578491,Global South (G77/Developing)
law,SLB,0.40709507,0.34518608,0.5929049253463745,0.6548139154911041,0.0619089901447296,Global South (G77/Developing)
law,BRN,0.119196095,0.42915916,0.8808039054274559,0.5708408355712891,-0.3099630698561668,Global South (G77/Developing)
law,NAM,0.3871228,0.4405047,0.6128771901130676,0.5594953000545502,-0.0533818900585174,Global South (G77/Developing)
law,LIE,0.3103549,0.473633,0.6896451115608215,0.5263670086860657,-0.1632781028747558,Global South (G77/Developing)
law,PRK,-0.03041965,0.5366646,1.0304196495562792,0.4633353948593139,-0.5670842546969652,Global South (G77/Developing)
law,EST,0.46263447,0.5685952,0.5373655259609222,0.4314048290252685,-0.1059606969356536,Global North (Western/Allies)
law,LTU,0.36421287,0.49748284,0.6357871294021606,0.5025171637535095,-0.1332699656486511,Global North (Western/Allies)
law,MHL,0.23752727,0.3333634,0.7624727338552475,0.66663658618927,-0.0958361476659774,Global South (G77/Developing)
multilateralism,TTO,0.3245498,0.5684471,0.6754502058029175,0.4315528869628906,-0.2438973188400268,Global South (G77/Developing)
multilateralism,GTM,0.40936232,0.5335356,0.5906376838684082,0.4664644002914428,-0.1241732835769653,Global South (G77/Developing)
multilateralism,SDN,0.40591124,0.5655837,0.5940887629985809,0.4344162940979004,-0.1596724689006805,Global South (G77/Developing)
multilateralism,MAR,0.28887525,0.5315639,0.7111247479915619,0.4684361219406128,-0.2426886260509491,Global South (G77/Developing)
multilateralism,CAN,0.34697223,0.54115987,0.6530277729034424,0.4588401317596435,-0.1941876411437988,Global North (Western/Allies)
multilateralism,ESP,0.4004124,0.5330286,0.5995875895023346,0.4669713973999023,-0.1326161921024322,Global North (Western/Allies)
multilateralism,MRT,0.23440716,0.2850244,0.7655928432941437,0.7149755954742432,-0.0506172478199005,Global South (G77/Developing)
multilateralism,MLT,0.21169218,0.46203965,0.7883078157901764,0.5379603505134583,-0.2503474652767181,Global North (Western/Allies)
multilateralism,JAM,0.33006895,0.59935945,0.6699310541152954,0.4006405472755432,-0.2692905068397522,Global South (G77/Developing)
multilateralism,SOM,0.30251572,0.5784018,0.6974842846393585,0.4215981960296631,-0.2758860886096954,Global South (G77/Developing)
multilateralism,NGA,0.5134877,0.5829536,0.4865123033523559,0.4170464277267456,-0.0694658756256103,Global South (G77/Developing)
multilateralism,SEN,0.19207416,0.6155419,0.8079258352518082,0.3844581246376037,-0.4234677106142044,Global South (G77/Developing)
multilateralism,IRN,0.34717652,0.41763198,0.6528234779834747,0.582368016242981,-0.0704554617404937,Global South (G77/Developing)
multilateralism,KWT,0.24621347,0.5354688,0.7537865340709686,0.4645311832427978,-0.2892553508281708,Global South (G77/Developing)
multilateralism,LBR,0.19371624,0.58234704,0.8062837570905685,0.41765296459198,-0.3886307924985885,Global South (G77/Developing)
multilateralism,CMR,0.38683575,0.56583905,0.6131642460823059,0.4341609477996826,-0.1790032982826233,Global South (G77/Developing)
multilateralism,NPL,0.2947859,0.6105343,0.705214112997055,0.3894656896591186,-0.3157484233379364,Global South (G77/Developing)
multilateralism,LAO,0.2701376,0.4950155,0.7298623919487,0.5049844980239868,-0.2248778939247131,Global South (G77/Developing)
multilateralism,GAB,0.3808866,0.5487069,0.6191133856773376,0.4512931108474731,-0.1678202748298645,Global South (G77/Developing)
multilateralism,PRY,0.15417516,0.52448213,0.8458248376846313,0.4755178689956665,-0.3703069686889648,Global South (G77/Developing)
multilateralism,THA,0.45458063,0.5532818,0.5454193651676178,0.4467182159423828,-0.0987011492252349,Global South (G77/Developing)
multilateralism,MMR,0.32330394,0.5813829,0.6766960620880127,0.4186171293258667,-0.258078932762146,Global South (G77/Developing)
multilateralism,TGO,0.5217414,0.51734084,0.4782586097717285,0.4826591610908508,0.0044005513191223,Global South (G77/Developing)
multilateralism,AUS,0.20876148,0.3822321,0.7912385165691376,0.6177679002285004,-0.1734706163406372,Global North (Western/Allies)
multilateralism,NLD,0.35261136,0.5025735,0.6473886370658875,0.4974265098571777,-0.1499621272087097,Global North (Western/Allies)
multilateralism,SLE,0.30299163,0.58288306,0.6970083713531494,0.4171169400215149,-0.2798914313316345,Global South (G77/Developing)
multilateralism,NZL,0.14208047,0.53842145,0.8579195290803909,0.4615785479545593,-0.3963409811258316,Global North (Western/Allies)
multilateralism,TZA,0.40495872,0.61169624,0.5950412750244141,0.3883037567138672,-0.2067375183105468,Global South (G77/Developing)
multilateralism,NIC,0.44244918,0.5155316,0.5575508177280426,0.484468400478363,-0.0730824172496795,Global South (G77/Developing)
multilateralism,ITA,0.51359665,0.55808175,0.4864033460617065,0.4419182538986206,-0.0444850921630859,Global North (Western/Allies)
multilateralism,TCD,0.23338178,0.5429114,0.7666182219982147,0.4570885896682739,-0.3095296323299408,Global South (G77/Developing)
multilateralism,PER,0.48279014,0.5583021,0.5172098577022552,0.441697895526886,-0.0755119621753692,Global South (G77/Developing)
multilateralism,COL,0.37969685,0.6146921,0.6203031539916992,0.3853079080581665,-0.2349952459335327,Global South (G77/Developing)
multilateralism,CHL,0.3848458,0.5418458,0.6151542067527771,0.4581542015075683,-0.1570000052452087,Global South (G77/Developing)
multilateralism,SLV,0.43747193,0.4927249,0.5625280737876892,0.5072751045227051,-0.0552529692649841,Global South (G77/Developing)
multilateralism,FIN,0.491507,0.6101378,0.5084930062294006,0.3898621797561645,-0.118630826473236,Global North (Western/Allies)
multilateralism,SGP,0.29987043,0.59989816,0.7001295685768127,0.4001018404960632,-0.3000277280807495,Global South (G77/Developing)
multilateralism,CUB,0.31839517,0.46366554,0.6816048324108124,0.5363344550132751,-0.1452703773975372,Global South (G77/Developing)
multilateralism,KHM,0.18614718,0.50187594,0.8138528168201447,0.4981240630149841,-0.3157287538051605,Global South (G77/Developing)
multilateralism,KEN,0.34072882,0.5732391,0.6592711806297302,0.4267609119415283,-0.2325102686882019,Global South (G77/Developing)
multilateralism,GIN,0.51173925,0.48820934,0.4882607460021972,0.5117906630039215,0.0235299170017242,Global South (G77/Developing)
multilateralism,IDN,0.58087385,0.65205574,0.4191261529922485,0.3479442596435547,-0.0711818933486938,Global South (G77/Developing)
multilateralism,BOL,0.34003744,0.57186997,0.6599625647068024,0.428130030632019,-0.2318325340747833,Global South (G77/Developing)
multilateralism,MDG,0.4067911,0.58435017,0.593208909034729,0.4156498312950134,-0.1775590777397155,Global South (G77/Developing)
multilateralism,TUN,0.376099,0.50503755,0.6239010095596313,0.4949624538421631,-0.1289385557174682,Global South (G77/Developing)
multilateralism,NOR,0.4473243,0.5545291,0.5526756942272186,0.445470929145813,-0.1072047650814056,Global North (Western/Allies)
multilateralism,IND,0.5221947,0.5653512,0.4778053164482116,0.4346488118171692,-0.0431565046310424,Global South (G77/Developing)
multilateralism,JOR,0.48765707,0.35271287,0.5123429298400879,0.647287130355835,0.134944200515747,Global South (G77/Developing)
multilateralism,BFA,0.17042667,0.5807573,0.8295733332633972,0.4192426800727844,-0.4103306531906128,Global South (G77/Developing)
multilateralism,ECU,0.36282045,0.5237958,0.6371795535087585,0.4762042164802551,-0.1609753370285034,Global South (G77/Developing)
multilateralism,GBR,0.24999253,0.45996338,0.7500074654817581,0.5400366187095642,-0.2099708467721939,P5 (Major Powers)
multilateralism,LKA,0.39296305,0.55328375,0.6070369482040405,0.4467162489891052,-0.1603206992149353,Global South (G77/Developing)
multilateralism,DZA,0.26902944,0.5212327,0.730970561504364,0.4787672758102417,-0.2522032856941223,Global South (G77/Developing)
multilateralism,COG,0.49897993,0.5865849,0.501020073890686,0.4134150743484497,-0.0876049995422363,Global South (G77/Developing)
multilateralism,MEX,0.44413713,0.55815905,0.5558628737926483,0.4418409466743469,-0.1140219271183013,Global South (G77/Developing)
multilateralism,MYS,0.4987174,0.6099809,0.5012826025485992,0.3900191187858581,-0.111263483762741,Global South (G77/Developing)
multilateralism,CAF,0.3924268,0.5205935,0.6075732111930847,0.479406476020813,-0.1281667351722717,Global South (G77/Developing)
multilateralism,VEN,0.23347756,0.56783867,0.7665224373340607,0.4321613311767578,-0.3343611061573028,Global South (G77/Developing)
multilateralism,HUN,0.47869706,0.47986475,0.5213029384613037,0.5201352536678314,-0.0011676847934722,Global North (Western/Allies)
multilateralism,YUG,0.31054562,0.28089422,0.6894543766975403,0.7191057801246643,0.029651403427124,Global South (G77/Developing)
multilateralism,ZMB,0.4290186,0.52431494,0.5709814131259918,0.4756850600242615,-0.0952963531017303,Global South (G77/Developing)
multilateralism,URY,0.40572304,0.49041367,0.5942769646644592,0.5095863342285156,-0.0846906304359436,Global South (G77/Developing)
multilateralism,AFG,0.29394388,0.46954444,0.7060561180114746,0.5304555594921112,-0.1756005585193634,Global South (G77/Developing)
multilateralism,TUR,0.31838405,0.4811914,0.681615948677063,0.5188086032867432,-0.1628073453903198,Global South (G77/Developing)
multilateralism,BRA,0.4789394,0.5798075,0.521060585975647,0.4201924800872803,-0.1008681058883667,Global South (G77/Developing)
multilateralism,ETH,0.54251575,0.56748265,0.4574842453002929,0.4325173497200012,-0.0249668955802917,Global South (G77/Developing)
multilateralism,BDI,0.36037993,0.56476337,0.6396200656890869,0.4352366328239441,-0.2043834328651428,Global South (G77/Developing)
multilateralism,MUS,0.37650388,0.53301555,0.6234961152076721,0.4669844508171081,-0.1565116643905639,Global South (G77/Developing)
multilateralism,FRA,0.24939871,0.5894257,0.7506012916564941,0.4105743169784546,-0.3400269746780395,P5 (Major Powers)
multilateralism,PAK,0.495519,0.63455826,0.5044809877872467,0.3654417395591736,-0.1390392482280731,Global South (G77/Developing)
multilateralism,MLI,0.24547711,0.6075008,0.7545228898525238,0.3924992084503174,-0.3620236814022064,Global South (G77/Developing)
multilateralism,BEL,0.34356004,0.6109706,0.6564399600028992,0.3890293836593628,-0.2674105763435364,Global North (Western/Allies)
multilateralism,GHA,0.3256055,0.65729105,0.6743944883346558,0.342708945274353,-0.3316855430603027,Global South (G77/Developing)
multilateralism,BLR,0.38981196,0.49547946,0.6101880371570587,0.5045205354690552,-0.1056675016880035,Global North (Western/Allies)
multilateralism,GUY,0.5109219,0.600696,0.4890781044960022,0.3993039727210998,-0.0897741317749023,Global South (G77/Developing)
multilateralism,ARE,0.23726238,0.45408192,0.7627376168966293,0.5459180772304535,-0.2168195396661758,Global South (G77/Developing)
multilateralism,GMB,0.19141197,0.60682154,0.8085880279541016,0.3931784629821777,-0.4154095649719238,Global South (G77/Developing)
multilateralism,BTN,0.41138542,0.5905271,0.5886145830154419,0.4094728827476501,-0.1791417002677917,Global South (G77/Developing)
multilateralism,SWZ,0.39573634,0.49560124,0.6042636632919312,0.504398763179779,-0.0998649001121521,Global South (G77/Developing)
multilateralism,BRB,0.41401216,0.60544336,0.5859878361225128,0.3945566415786743,-0.1914311945438385,Global South (G77/Developing)
multilateralism,DNK,0.37075037,0.5003103,0.629249632358551,0.4996896982192993,-0.1295599341392517,Global North (Western/Allies)
multilateralism,CRI,0.22021204,0.558623,0.7797879576683044,0.4413769841194153,-0.3384109735488891,Global South (G77/Developing)
multilateralism,BHS,0.23045605,0.48620355,0.7695439457893372,0.5137964487075806,-0.2557474970817566,Global South (G77/Developing)
multilateralism,LSO,0.30541447,0.60506034,0.694585531949997,0.394939661026001,-0.2996458709239959,Global South (G77/Developing)
multilateralism,BGD,0.4684463,0.6119418,0.5315536856651306,0.3880581855773926,-0.143495500087738,Global South (G77/Developing)
multilateralism,GNQ,0.50417227,0.53026015,0.4958277344703674,0.4697398543357849,-0.0260878801345825,Global South (G77/Developing)
multilateralism,BWA,0.19726688,0.56222284,0.8027331233024597,0.4377771615982055,-0.3649559617042541,Global South (G77/Developing)
multilateralism,CPV,0.43419,0.5039185,0.5658099949359894,0.4960814714431762,-0.0697285234928131,Global South (G77/Developing)
multilateralism,MDV,0.369493,0.59462297,0.6305069923400879,0.4053770303726196,-0.2251299619674682,Global South (G77/Developing)
multilateralism,GNB,0.51767874,0.54351425,0.4823212623596191,0.4564857482910156,-0.0258355140686035,Global South (G77/Developing)
multilateralism,SUR,0.48584852,0.55267745,0.5141514837741852,0.4473225474357605,-0.0668289363384246,Global South (G77/Developing)
multilateralism,COM,0.41992632,0.5241959,0.5800736844539642,0.4758040904998779,-0.1042695939540863,Global South (G77/Developing)
multilateralism,WSM,0.5066887,0.54762536,0.4933112859725952,0.4523746371269226,-0.0409366488456726,Global South (G77/Developing)
multilateralism,AGO,0.3825649,0.4928851,0.617435097694397,0.5071148872375488,-0.1103202104568481,Global South (G77/Developing)
multilateralism,VNM,0.11777416,0.5341734,0.8822258412837982,0.4658265709877014,-0.4163992702960968,Global South (G77/Developing)
multilateralism,ZWE,0.4221443,0.5951649,0.5778557062149048,0.4048351049423218,-0.173020601272583,Global South (G77/Developing)
multilateralism,ATG,0.48467958,0.62750685,0.5153204202651978,0.3724931478500366,-0.1428272724151611,Global South (G77/Developing)
multilateralism,BLZ,0.40817583,0.62479454,0.5918241739273071,0.3752054572105407,-0.2166187167167663,Global South (G77/Developing)
multilateralism,VUT,0.31939942,0.6187518,0.6806005835533142,0.3812481760978699,-0.2993524074554443,Global South (G77/Developing)
multilateralism,KNA,0.46159622,0.59697807,0.5384037792682648,0.4030219316482544,-0.1353818476200103,Global South (G77/Developing)
rule_law,TTO,0.6016695,0.5847234,0.3983305096626282,0.4152765870094299,0.0169460773468017,Global South (G77/Developing)
rule_law,QAT,0.58062655,0.53300977,0.4193734526634216,0.4669902324676513,0.0476167798042297,Global South (G77/Developing)
rule_law,USA,0.5890651,0.59789956,0.4109349250793457,0.4021004438400268,-0.0088344812393188,P5 (Major Powers)
rule_law,GTM,0.37765992,0.6168849,0.6223400831222534,0.3831151127815246,-0.2392249703407287,Global South (G77/Developing)
rule_law,SDN,0.4927706,0.6015466,0.5072293877601624,0.398453414440155,-0.1087759733200073,Global South (G77/Developing)
rule_law,MAR,0.29501924,0.5303382,0.7049807608127594,0.4696617722511291,-0.2353189885616302,Global South (G77/Developing)
rule_law,CAN,0.11053783,0.6678529,0.8894621729850769,0.3321471214294433,-0.5573150515556335,Global North (Western/Allies)
rule_law,ESP,0.5770435,0.6524847,0.4229565262794494,0.3475152850151062,-0.0754412412643432,Global North (Western/Allies)
rule_law,MRT,0.4480654,0.6405071,0.5519345998764038,0.3594928979873657,-0.192441701889038,Global South (G77/Developing)
rule_law,HTI,0.63178015,0.594344,0.3682198524475097,0.4056559801101684,0.0374361276626586,Global South (G77/Developing)
rule_law,MLT,0.49512133,0.6308984,0.5048786699771881,0.3691015839576721,-0.135777086019516,Global North (Western/Allies)
rule_law,IRQ,0.6424949,0.5660526,0.3575050830841064,0.4339473843574524,0.0764423012733459,Global South (G77/Developing)
rule_law,JAM,0.64184725,0.6223755,0.3581527471542358,0.37762451171875,0.0194717645645141,Global South (G77/Developing)
rule_law,YEM,0.3654624,0.5151881,0.6345376074314117,0.4848119020462036,-0.1497257053852081,Global South (G77/Developing)
rule_law,SOM,0.5740639,0.5574042,0.4259361028671264,0.4425957798957824,0.016659677028656,Global South (G77/Developing)
rule_law,SEN,0.51811886,0.6613857,0.4818811416625976,0.338614284992218,-0.1432668566703796,Global South (G77/Developing)
rule_law,IRN,0.4809752,0.6506768,0.5190247893333435,0.3493232131004333,-0.1697015762329101,Global South (G77/Developing)
rule_law,KWT,0.70705855,0.56727946,0.2929414510726928,0.4327205419540405,0.1397790908813476,Global South (G77/Developing)
rule_law,LBR,0.33216524,0.59305316,0.6678347587585449,0.4069468379020691,-0.2608879208564758,Global South (G77/Developing)
rule_law,CMR,0.38499418,0.7018907,0.6150058209896088,0.2981092929840088,-0.3168965280056,Global South (G77/Developing)
rule_law,NPL,0.5715624,0.655303,0.42843759059906,0.3446969985961914,-0.0837405920028686,Global South (G77/Developing)
rule_law,UKR,0.60110545,0.6323018,0.3988945484161377,0.3676981925964355,-0.0311963558197021,Global North (Western/Allies)
rule_law,ROU,0.45229405,0.6677816,0.5477059483528137,0.3322184085845947,-0.215487539768219,Global North (Western/Allies)
rule_law,BEN,0.046200875,0.59083235,0.9537991248071194,0.4091676473617553,-0.544631477445364,Global South (G77/Developing)
rule_law,PRY,0.48650545,0.58728194,0.5134945511817932,0.4127180576324463,-0.1007764935493469,Global South (G77/Developing)
rule_law,THA,0.46193355,0.63674116,0.5380664467811584,0.3632588386535644,-0.174807608127594,Global South (G77/Developing)
rule_law,MMR,0.56013936,0.5812439,0.4398606419563293,0.4187561273574829,-0.0211045145988464,Global South (G77/Developing)
rule_law,TGO,0.4080392,0.5434432,0.5919607877731323,0.4565567970275879,-0.1354039907455444,Global South (G77/Developing)
rule_law,AUS,0.47969192,0.58793867,0.5203080773353577,0.412061333656311,-0.1082467436790466,Global North (Western/Allies)
rule_law,NLD,0.46799847,0.5847813,0.5320015251636505,0.415218710899353,-0.1167828142642974,Global North (Western/Allies)
rule_law,LBN,0.44356918,0.56707084,0.5564308166503906,0.4329291582107544,-0.1235016584396362,Global South (G77/Developing)
rule_law,EGY,0.6898159,0.6528559,0.310184121131897,0.3471441268920898,0.0369600057601928,Global South (G77/Developing)
rule_law,NZL,0.40357193,0.4286701,0.5964280664920807,0.5713298916816711,-0.0250981748104095,Global North (Western/Allies)
rule_law,UGA,0.357382,0.5840945,0.6426180005073547,0.4159054756164551,-0.2267125248908996,Global South (G77/Developing)
rule_law,TZA,0.4276278,0.7270799,0.5723721981048584,0.2729200720787048,-0.2994521260261535,Global South (G77/Developing)
rule_law,FJI,0.77461314,0.622411,0.2253868579864502,0.3775889873504638,0.1522021293640136,Global South (G77/Developing)
rule_law,NIC,0.54379404,0.6190214,0.4562059640884399,0.3809785842895508,-0.0752273797988891,Global South (G77/Developing)
rule_law,ITA,0.50439346,0.5928815,0.4956065416336059,0.4071184992790222,-0.0884880423545837,Global North (Western/Allies)
rule_law,TCD,0.4464848,0.5210408,0.5535151958465576,0.4789592027664184,-0.0745559930801391,Global South (G77/Developing)
rule_law,PER,0.6536906,0.6793195,0.3463094234466553,0.3206804990768432,-0.025628924369812,Global South (G77/Developing)
rule_law,COL,0.64772755,0.53714275,0.3522724509239197,0.4628572463989258,0.1105847954750061,Global South (G77/Developing)
rule_law,CHL,0.52599907,0.6693186,0.4740009307861328,0.3306813836097717,-0.143319547176361,Global South (G77/Developing)
rule_law,SLV,0.4098376,0.566344,0.5901623964309692,0.4336559772491455,-0.1565064191818237,Global South (G77/Developing)
rule_law,FIN,0.22313932,0.58274156,0.7768606841564178,0.4172584414482116,-0.3596022427082062,Global North (Western/Allies)
rule_law,SAU,0.53271276,0.5221014,0.4672872424125671,0.4778985977172851,0.010611355304718,Global South (G77/Developing)
rule_law,CUB,0.48120734,0.57342184,0.5187926590442657,0.426578164100647,-0.0922144949436187,Global South (G77/Developing)
rule_law,ISR,0.45593944,0.50726974,0.5440605580806732,0.4927302598953247,-0.0513302981853485,Global North (Western/Allies)
rule_law,KHM,0.4801461,0.5369417,0.5198538899421692,0.4630582928657532,-0.056795597076416,Global South (G77/Developing)
rule_law,KEN,0.6564033,0.65183055,0.3435966968536377,0.3481694459915161,0.0045727491378784,Global South (G77/Developing)
rule_law,GIN,0.2985615,0.55750674,0.7014384865760803,0.4424932599067688,-0.2589452266693115,Global South (G77/Developing)
rule_law,IDN,0.23937833,0.61626685,0.7606216669082642,0.3837331533432007,-0.3768885135650635,Global South (G77/Developing)
rule_law,BOL,0.34058052,0.4811294,0.6594194769859314,0.5188705921173096,-0.1405488848686218,Global South (G77/Developing)
rule_law,SYR,0.6721537,0.44421923,0.3278462886810303,0.5557807683944702,0.2279344797134399,Global South (G77/Developing)
rule_law,RUS,0.60460335,0.5377378,0.3953966498374939,0.462262213230133,0.0668655633926391,P5 (Major Powers)
rule_law,TUN,0.5685449,0.65593815,0.4314550757408142,0.3440618515014648,-0.0873932242393493,Global South (G77/Developing)
rule_law,NOR,0.43968618,0.61700016,0.5603138208389282,0.382999837398529,-0.1773139834403991,Global North (Western/Allies)
rule_law,ALB,0.30475414,0.5850771,0.6952458620071411,0.4149228930473327,-0.2803229689598083,Global South (G77/Developing)
rule_law,IND,0.3272153,0.5842977,0.672784686088562,0.4157022833824157,-0.2570824027061462,Global South (G77/Developing)
rule_law,ARG,0.6178347,0.649832,0.3821653127670288,0.3501679897308349,-0.0319973230361938,Global South (G77/Developing)
rule_law,JOR,0.5001917,0.5803486,0.4998083114624023,0.4196513891220093,-0.080156922340393,Global South (G77/Developing)
rule_law,SWE,0.48660162,0.66268736,0.5133983790874481,0.337312638759613,-0.176085740327835,Global North (Western/Allies)
rule_law,BFA,0.18388662,0.5322162,0.8161133825778961,0.4677838087081909,-0.3483295738697052,Global South (G77/Developing)
rule_law,ECU,0.53411025,0.53043437,0.4658897519111633,0.4695656299591064,0.0036758780479431,Global South (G77/Developing)
rule_law,BGR,0.64836526,0.6677316,0.3516347408294678,0.3322684168815613,-0.0193663239479064,Global North (Western/Allies)
rule_law,GBR,0.43844974,0.5826769,0.5615502595901489,0.4173231124877929,-0.1442271471023559,P5 (Major Powers)
rule_law,PHL,0.47761336,0.54234827,0.5223866403102875,0.4576517343521118,-0.0647349059581756,Global South (G77/Developing)
rule_law,LKA,0.61806655,0.63738954,0.3819334506988525,0.3626104593276977,-0.0193229913711547,Global South (G77/Developing)
rule_law,POL,0.49077207,0.6794028,0.5092279314994812,0.3205971717834472,-0.1886307597160339,Global North (Western/Allies)
rule_law,DZA,0.3076489,0.5887245,0.6923511028289795,0.4112755060195923,-0.2810755968093872,Global South (G77/Developing)
rule_law,CYP,0.48275536,0.60611534,0.5172446370124817,0.3938846588134765,-0.1233599781990051,Global North (Western/Allies)
rule_law,COG,0.48051557,0.54117465,0.5194844305515289,0.4588253498077392,-0.0606590807437896,Global South (G77/Developing)
rule_law,AUT,0.39170307,0.5627004,0.6082969307899475,0.4372996091842651,-0.1709973216056823,Global North (Western/Allies)
rule_law,MEX,0.54423404,0.5962114,0.455765962600708,0.4037886261940002,-0.0519773364067077,Global South (G77/Developing)
rule_law,MYS,0.30867213,0.6285479,0.6913278698921204,0.3714520931243896,-0.3198757767677307,Global South (G77/Developing)
rule_law,CAF,0.16110861,0.60945314,0.8388913869857788,0.3905468583106994,-0.4483445286750793,Global South (G77/Developing)
rule_law,VEN,0.07224008,0.54897344,0.9277599230408669,0.4510265588760376,-0.4767333641648292,Global South (G77/Developing)
rule_law,HUN,0.41933316,0.61295253,0.5806668400764465,0.3870474696159363,-0.1936193704605102,Global North (Western/Allies)
rule_law,ISL,0.50282425,0.63809854,0.4971757531166076,0.3619014620780945,-0.1352742910385131,Global North (Western/Allies)
rule_law,GRC,0.48098433,0.67418224,0.5190156698226929,0.3258177638053894,-0.1931979060173034,Global North (Western/Allies)
rule_law,COD,0.58189553,0.55804974,0.4181044697761535,0.441950261592865,0.0238457918167114,Global South (G77/Developing)
rule_law,LUX,0.29314262,0.60649633,0.7068573832511902,0.3935036659240722,-0.3133537173271179,Global North (Western/Allies)
rule_law,ZMB,0.08990325,0.6317489,0.910096749663353,0.368251085281372,-0.5418456643819809,Global South (G77/Developing)
rule_law,URY,0.42212075,0.6599139,0.5778792500495911,0.3400861024856567,-0.2377931475639343,Global South (G77/Developing)
rule_law,PAN,0.7379114,0.609877,0.2620885968208313,0.3901230096817016,0.1280344128608703,Global South (G77/Developing)
rule_law,AFG,0.42865154,0.6323232,0.5713484585285187,0.3676767945289612,-0.2036716639995575,Global South (G77/Developing)
rule_law,TUR,0.64685345,0.665571,0.3531465530395508,0.3344290256500244,-0.0187175273895263,Global South (G77/Developing)
rule_law,LBY,0.29779387,0.5556213,0.7022061347961426,0.4443786740303039,-0.2578274607658386,Global South (G77/Developing)
rule_law,BRA,0.5006275,0.627103,0.4993724822998047,0.3728970289230346,-0.12647545337677,Global South (G77/Developing)
rule_law,ETH,0.20874791,0.5879532,0.7912520915269852,0.4120467901229858,-0.3792053014039993,Global South (G77/Developing)
rule_law,DOM,0.45916957,0.6034716,0.5408304333686829,0.396528422832489,-0.1443020105361938,Global South (G77/Developing)
rule_law,BDI,0.47267616,0.48249888,0.527323842048645,0.5175011157989502,-0.0098227262496948,Global South (G77/Developing)
rule_law,NER,0.43418592,0.67816484,0.5658140778541565,0.3218351602554321,-0.2439789175987243,Global South (G77/Developing)
rule_law,MUS,0.27939636,0.6091484,0.7206036448478699,0.390851616859436,-0.3297520279884338,Global South (G77/Developing)
rule_law,IRL,0.617292,0.5527514,0.3827080130577087,0.4472485780715942,0.0645405650138855,Global North (Western/Allies)
rule_law,FRA,0.5340258,0.50590897,0.46597421169281,0.4940910339355469,0.0281168222427368,P5 (Major Powers)
rule_law,PAK,0.63518643,0.55544937,0.3648135662078857,0.4445506334304809,0.0797370672225952,Global South (G77/Developing)
rule_law,MLI,0.4867316,0.6586006,0.5132684111595154,0.3413993716239929,-0.1718690395355224,Global South (G77/Developing)
rule_law,BEL,0.6728294,0.6643721,0.3271706104278564,0.3356279134750366,0.0084573030471801,Global North (Western/Allies)
rule_law,GHA,0.5151672,0.7028455,0.4848328232765198,0.2971544861793518,-0.1876783370971679,Global South (G77/Developing)
rule_law,BLR,0.23308691,0.4912696,0.7669130861759186,0.508730411529541,-0.2581826746463775,Global North (Western/Allies)
rule_law,GUY,0.49506405,0.66078967,0.5049359500408173,0.3392103314399719,-0.1657256186008453,Global South (G77/Developing)
rule_law,JPN,0.14868943,0.56278074,0.8513105660676956,0.4372192621231079,-0.4140913039445877,Global North (Western/Allies)
rule_law,RWA,0.55378425,0.72623134,0.4462157487869262,0.273768663406372,-0.1724470853805542,Global South (G77/Developing)
rule_law,BHR,0.66876537,0.5939824,0.3312346339225769,0.4060176014900207,0.0747829675674438,Global South (G77/Developing)
rule_law,ARE,0.6238387,0.53949916,0.3761612772941589,0.4605008363723755,0.0843395590782165,Global South (G77/Developing)
rule_law,HND,0.56644654,0.52139056,0.4335534572601318,0.4786094427108764,0.0450559854507446,Global South (G77/Developing)
rule_law,GMB,0.5594391,0.66690403,0.4405608773231506,0.3330959677696228,-0.1074649095535278,Global South (G77/Developing)
rule_law,BTN,0.3380829,0.5518506,0.6619170904159546,0.4481493830680847,-0.2137677073478698,Global South (G77/Developing)
rule_law,SWZ,0.13951853,0.48146462,0.860481470823288,0.5185353755950928,-0.3419460952281952,Global South (G77/Developing)
rule_law,BRB,0.6863936,0.64222026,0.3136063814163208,0.3577797412872314,0.0441733598709106,Global South (G77/Developing)
rule_law,DNK,0.40570158,0.67454123,0.5942984223365784,0.3254587650299072,-0.2688396573066711,Global North (Western/Allies)
rule_law,CRI,0.29074854,0.6445522,0.7092514634132385,0.3554478287696838,-0.3538036346435547,Global South (G77/Developing)
rule_law,PRT,0.6950757,0.6220498,0.3049243092536926,0.3779501914978027,0.0730258822441101,Global North (Western/Allies)
rule_law,OMN,0.5253117,0.49870276,0.4746882915496826,0.5012972354888916,0.0266089439392089,Global South (G77/Developing)
rule_law,BHS,0.66195714,0.63635707,0.3380428552627563,0.363642930984497,0.0256000757217407,Global South (G77/Developing)
rule_law,LSO,0.26620448,0.63229656,0.7337955236434937,0.3677034378051758,-0.3660920858383178,Global South (G77/Developing)
rule_law,DEU,0.5321623,0.6180607,0.4678376913070678,0.3819392919540405,-0.0858983993530273,Global North (Western/Allies)
rule_law,BGD,0.42998323,0.6750561,0.5700167715549469,0.3249439001083374,-0.2450728714466095,Global South (G77/Developing)
rule_law,GRD,0.44486588,0.54499876,0.555134117603302,0.4550012350082397,-0.1001328825950622,Global South (G77/Developing)
rule_law,BWA,0.42234617,0.6946662,0.5776538252830505,0.3053337931632995,-0.272320032119751,Global South (G77/Developing)
rule_law,MOZ,0.27907184,0.6132194,0.7209281623363495,0.3867806196212768,-0.3341475427150726,Global South (G77/Developing)
rule_law,STP,0.37379965,0.5333709,0.6262003481388092,0.4666290879249573,-0.1595712602138519,Global South (G77/Developing)
rule_law,CPV,0.13747966,0.66304255,0.8625203371047974,0.3369574546813965,-0.5255628824234009,Global South (G77/Developing)
rule_law,PNG,0.12636423,0.5448543,0.8736357688903809,0.4551457166671753,-0.4184900522232055,Global South (G77/Developing)
rule_law,MDV,0.2694002,0.65792954,0.7305997908115387,0.342070460319519,-0.3885293304920196,Global South (G77/Developing)
rule_law,GNB,0.56749797,0.67023134,0.4325020313262939,0.3297686576843261,-0.1027333736419677,Global South (G77/Developing)
rule_law,SUR,0.6219296,0.6082456,0.3780704140663147,0.3917543888092041,0.0136839747428894,Global South (G77/Developing)
rule_law,COM,0.5129945,0.5699972,0.4870054721832275,0.4300028085708618,-0.0570026636123657,Global South (G77/Developing)
rule_law,AGO,0.33992204,0.63143337,0.6600779592990875,0.368566632270813,-0.2915113270282745,Global South (G77/Developing)
rule_law,DMA,0.3652231,0.6820543,0.6347768902778625,0.3179457187652588,-0.3168311715126037,Global South (G77/Developing)
rule_law,LCA,0.5975657,0.57749,0.4024342894554138,0.422510027885437,0.0200757384300231,Global South (G77/Developing)
rule_law,ZWE,0.34276608,0.68499994,0.6572339236736298,0.315000057220459,-0.3422338664531708,Global South (G77/Developing)
rule_law,VCT,0.26410216,0.7086366,0.7358978390693665,0.2913634181022644,-0.444534420967102,Global South (G77/Developing)
rule_law,ATG,0.40685755,0.63011867,0.5931424498558044,0.3698813319206238,-0.2232611179351806,Global South (G77/Developing)
rule_law,BLZ,0.47183135,0.61802906,0.528168648481369,0.3819709420204162,-0.1461977064609527,Global South (G77/Developing)
rule_law,VUT,0.064372905,0.6098875,0.9356270954012872,0.3901125192642212,-0.5455145761370659,Global South (G77/Developing)
rule_law,BRN,0.4218992,0.53548366,0.5781008005142212,0.4645163416862488,-0.1135844588279724,Global South (G77/Developing)
rule_law,NAM,0.19331633,0.69911325,0.806683674454689,0.3008867502212524,-0.5057969242334366,Global South (G77/Developing)
rule_law,LIE,0.4721786,0.566484,0.5278213918209076,0.4335160255432129,-0.0943053662776947,Global South (G77/Developing)
rule_law,EST,0.2403748,0.64763963,0.7596251964569092,0.3523603677749634,-0.4072648286819458,Global North (Western/Allies)
rule_law,KOR,0.4435567,0.6675558,0.5564433038234711,0.3324441909790039,-0.2239991128444671,Global North (Western/Allies)
self_determination,TTO,0.65035987,0.66344583,0.3496401309967041,0.3365541696548462,-0.0130859613418579,Global South (G77/Developing)
self_determination,QAT,0.6127775,0.5862752,0.3872225284576416,0.4137247800827026,0.026502251625061,Global South (G77/Developing)
self_determination,ZAF,0.26598215,0.5629503,0.7340178489685059,0.4370496869087219,-0.2969681620597839,Global South (G77/Developing)
self_determination,USA,0.46020454,0.41080487,0.539795458316803,0.5891951322555542,0.0493996739387512,P5 (Major Powers)
self_determination,GTM,0.590235,0.46202695,0.4097650051116943,0.5379730463027954,0.128208041191101,Global South (G77/Developing)
self_determination,SDN,0.638651,0.58373624,0.3613489866256714,0.4162637591361999,0.0549147725105285,Global South (G77/Developing)
self_determination,MAR,0.62093544,0.5920793,0.3790645599365234,0.4079207181930542,0.0288561582565307,Global South (G77/Developing)
self_determination,CAN,0.30696625,0.32693815,0.693033754825592,0.6730618476867676,-0.0199719071388244,Global North (Western/Allies)
self_determination,ESP,0.61854756,0.5037974,0.3814524412155151,0.4962025880813598,0.1147501468658447,Global North (Western/Allies)
self_determination,MRT,0.65185,0.62569,0.3481500148773193,0.3743100166320801,0.0261600017547607,Global South (G77/Developing)
self_determination,HTI,0.6308627,0.43453836,0.3691372871398926,0.5654616355895996,0.196324348449707,Global South (G77/Developing)
self_determination,MLT,0.6480898,0.3614003,0.3519101738929748,0.638599693775177,0.2866895198822021,Global North (Western/Allies)
self_determination,IRQ,0.6265193,0.4754627,0.3734806776046753,0.5245372951030731,0.1510566174983978,Global South (G77/Developing)
self_determination,JAM,0.6203593,0.5562874,0.3796406984329223,0.4437125921249389,0.0640718936920166,Global South (G77/Developing)
self_determination,YEM,0.6307275,0.602119,0.3692724704742431,0.3978809714317322,0.028608500957489,Global South (G77/Developing)
self_determination,SOM,0.64016587,0.5922449,0.3598341345787048,0.4077550768852234,0.0479209423065185,Global South (G77/Developing)
self_determination,NGA,0.6219279,0.6099201,0.3780720829963684,0.390079915523529,0.0120078325271606,Global South (G77/Developing)
self_determination,SEN,0.64442754,0.43169585,0.3555724620819092,0.5683041512966156,0.2127316892147064,Global South (G77/Developing)
self_determination,IRN,0.65254134,0.5799204,0.3474586606025696,0.4200795888900757,0.0726209282875061,Global South (G77/Developing)
self_determination,KWT,0.6242901,0.6332602,0.3757098913192749,0.366739809513092,-0.0089700818061828,Global South (G77/Developing)
self_determination,LBR,0.6376948,0.35772538,0.362305223941803,0.6422746181488037,0.2799693942070007,Global South (G77/Developing)
self_determination,CMR,0.6354061,0.50071335,0.3645939230918884,0.4992866516113281,0.1346927285194397,Global South (G77/Developing)
self_determination,NPL,0.6231942,0.56089747,0.3768057823181152,0.4391025304794311,0.0622967481613159,Global South (G77/Developing)
self_determination,LAO,0.6147807,0.63620377,0.3852192759513855,0.3637962341308594,-0.0214230418205261,Global South (G77/Developing)
self_determination,UKR,0.57682896,0.36290237,0.4231710433959961,0.6370976269245148,0.2139265835285186,Global North (Western/Allies)
self_determination,ROU,0.59527504,0.11847702,0.4047249555587768,0.8815229833126068,0.4767980277538299,Global North (Western/Allies)
self_determination,GAB,0.6156883,0.3400488,0.3843116760253906,0.6599512100219727,0.275639533996582,Global South (G77/Developing)
self_determination,PRY,0.556102,0.44297445,0.4438980221748352,0.5570255517959595,0.1131275296211242,Global South (G77/Developing)
self_determination,MMR,0.64396036,0.43292892,0.3560396432876587,0.5670710802078247,0.211031436920166,Global South (G77/Developing)
self_determination,TGO,0.6246252,0.5428073,0.3753747940063476,0.4571927189826965,0.0818179249763488,Global South (G77/Developing)
self_determination,AUS,0.6178421,0.36391166,0.3821579217910766,0.6360883414745331,0.2539304196834564,Global North (Western/Allies)
self_determination,NLD,0.6132089,0.265135,0.3867911100387573,0.7348650097846985,0.3480738997459411,Global North (Western/Allies)
self_determination,LBN,0.5427642,0.5264667,0.4572358131408691,0.4735332727432251,0.0162974596023559,Global South (G77/Developing)
self_determination,SLE,0.5904521,0.5565505,0.4095479249954223,0.4434494972229004,0.033901572227478,Global South (G77/Developing)
self_determination,EGY,0.602728,0.60089797,0.397271990776062,0.3991020321846008,0.0018300414085388,Global South (G77/Developing)
self_determination,NZL,0.5589211,0.43029127,0.4410789012908935,0.5697087347507477,0.1286298334598541,Global North (Western/Allies)
self_determination,UGA,0.63571954,0.5590124,0.3642804622650146,0.4409875869750976,0.076707124710083,Global South (G77/Developing)
self_determination,CSK,0.61353445,0.19023728,0.3864655494689941,0.809762716293335,0.4232971668243408,Global South (G77/Developing)
self_determination,TZA,0.6567123,0.5544912,0.343287706375122,0.4455087780952453,0.1022210717201232,Global South (G77/Developing)
self_determination,FJI,0.6185472,0.4247865,0.3814527988433838,0.5752134919166565,0.1937606930732727,Global South (G77/Developing)
self_determination,NIC,0.61375374,0.5846059,0.3862462639808655,0.415394127368927,0.0291478633880615,Global South (G77/Developing)
self_determination,ITA,0.57878023,0.10578121,0.4212197661399841,0.8942187875509262,0.4729990214109421,Global North (Western/Allies)
self_determination,TCD,0.65695626,0.5332093,0.3430437445640564,0.4667906761169433,0.1237469315528869,Global South (G77/Developing)
self_determination,PER,0.56645185,0.4984437,0.4335481524467468,0.5015563070774078,0.068008154630661,Global South (G77/Developing)
self_determination,COL,0.5233015,0.22214255,0.4766985177993774,0.7778574526309967,0.3011589348316192,Global South (G77/Developing)
self_determination,CHL,0.62852657,0.45546442,0.3714734315872192,0.5445355772972107,0.1730621457099914,Global South (G77/Developing)
self_determination,SLV,0.5464242,0.5500009,0.4535757899284363,0.4499990940093994,-0.0035766959190368,Global South (G77/Developing)
self_determination,FIN,0.5822903,0.5759904,0.4177097082138061,0.424009621143341,0.0062999129295349,Global North (Western/Allies)
self_determination,SAU,0.6123748,0.6248642,0.3876252174377441,0.3751357793807983,-0.0124894380569458,Global South (G77/Developing)
self_determination,SGP,0.59418136,-0.054350622,0.4058186411857605,1.05435062199831,0.6485319808125496,Global South (G77/Developing)
self_determination,CUB,0.6256603,0.63936335,0.3743396997451782,0.3606366515159607,-0.0137030482292175,Global South (G77/Developing)
self_determination,ISR,0.37775138,0.37194923,0.6222486197948456,0.6280507743358612,0.0058021545410156,Global North (Western/Allies)
self_determination,KHM,0.6222184,0.5146165,0.3777816295623779,0.4853835105895996,0.1076018810272216,Global South (G77/Developing)
self_determination,KEN,0.6208499,0.15531367,0.3791500926017761,0.8446863293647766,0.4655362367630005,Global South (G77/Developing)
self_determination,GIN,0.63631535,0.3914346,0.3636846542358398,0.6085653901100159,0.244880735874176,Global South (G77/Developing)
self_determination,IDN,0.6559525,0.69714963,0.344047486782074,0.3028503656387329,-0.041197121143341,Global South (G77/Developing)
self_determination,BOL,0.5916548,0.51765794,0.4083452224731445,0.4823420643806457,0.0739968419075012,Global South (G77/Developing)
self_determination,SYR,0.6323528,0.5963682,0.3676471710205078,0.4036318063735962,0.0359846353530883,Global South (G77/Developing)
self_determination,RUS,0.58425057,0.49935403,0.4157494306564331,0.5006459653377533,0.0848965346813201,P5 (Major Powers)
self_determination,MDG,0.62388325,0.28541446,0.3761167526245117,0.714585542678833,0.3384687900543213,Global South (G77/Developing)
self_determination,TUN,0.5953325,0.5914861,0.4046674966812134,0.4085139036178589,0.0038464069366455,Global South (G77/Developing)
self_determination,ALB,0.50344014,0.42010286,0.4965598583221435,0.5798971354961395,0.0833372771739959,Global South (G77/Developing)
self_determination,IND,0.55221653,0.6043136,0.4477834701538086,0.395686388015747,-0.0520970821380615,Global South (G77/Developing)
self_determination,ARG,0.63644767,0.61510026,0.3635523319244385,0.3848997354507446,0.0213474035263061,Global South (G77/Developing)
self_determination,JOR,0.6167617,0.57848674,0.3832383155822754,0.4215132594108581,0.0382749438285827,Global South (G77/Developing)
self_determination,SWE,0.5997583,0.47610605,0.4002416729927063,0.5238939523696899,0.1236522793769836,Global North (Western/Allies)
self_determination,BFA,0.6487378,0.55318624,0.3512622117996216,0.4468137621879577,0.0955515503883361,Global South (G77/Developing)
self_determination,ECU,0.62394553,0.5540541,0.3760544657707214,0.4459459185600281,0.0698914527893066,Global South (G77/Developing)
self_determination,GBR,0.58020663,0.3614279,0.4197933673858642,0.638572096824646,0.2187787294387817,P5 (Major Powers)
self_determination,PHL,0.59653056,0.42015868,0.403469443321228,0.5798413157463074,0.1763718724250793,Global South (G77/Developing)
self_determination,POL,0.59887064,0.46413505,0.4011293649673462,0.5358649492263794,0.1347355842590332,Global North (Western/Allies)
self_determination,DZA,0.6240205,0.63207054,0.375979483127594,0.367929458618164,-0.0080500245094299,Global South (G77/Developing)
self_determination,CYP,0.66475534,0.24450362,0.3352446556091308,0.7554963827133179,0.420251727104187,Global North (Western/Allies)
self_determination,COG,0.6485458,0.20232937,0.3514541983604431,0.7976706326007843,0.4462164342403412,Global South (G77/Developing)
self_determination,AUT,0.5639491,0.46969634,0.4360508918762207,0.5303036570549011,0.0942527651786804,Global North (Western/Allies)
self_determination,MEX,0.55269456,0.5361091,0.4473054409027099,0.4638909101486206,0.0165854692459106,Global South (G77/Developing)
self_determination,MYS,0.63049984,0.5981705,0.3695001602172851,0.4018294811248779,0.0323293209075927,Global South (G77/Developing)
self_determination,CAF,0.6222693,0.39685577,0.3777307271957397,0.6031442284584045,0.2254135012626648,Global South (G77/Developing)
self_determination,VEN,0.5778763,0.6588422,0.4221236705780029,0.3411577939987182,-0.0809658765792846,Global South (G77/Developing)
self_determination,HUN,0.53075993,0.49093774,0.4692400693893432,0.509062260389328,0.0398221909999847,Global North (Western/Allies)
self_determination,ISL,0.5457007,0.5115134,0.4542992711067199,0.4884865880012512,0.0341873168945312,Global North (Western/Allies)
self_determination,GRC,0.60208255,0.28764534,0.3979174494743347,0.7123546600341797,0.3144372105598449,Global North (Western/Allies)
self_determination,LUX,0.5809461,0.47974277,0.4190539121627807,0.5202572345733643,0.1012033224105835,Global North (Western/Allies)
self_determination,ZMB,0.6226062,0.575275,0.3773937821388244,0.4247249960899353,0.0473312139511108,Global South (G77/Developing)
self_determination,URY,0.60145247,0.49568006,0.3985475301742553,0.5043199360370636,0.1057724058628082,Global South (G77/Developing)
self_determination,PAN,0.62372816,0.5243244,0.3762718439102173,0.4756755828857422,0.0994037389755249,Global South (G77/Developing)
self_determination,AFG,0.6534468,0.5663624,0.3465532064437866,0.4336376190185547,0.087084412574768,Global South (G77/Developing)
self_determination,LBY,0.65811664,0.6299999,0.3418833613395691,0.3700001239776611,0.028116762638092,Global South (G77/Developing)
self_determination,BRA,0.62287015,0.5892043,0.377129852771759,0.4107956886291504,0.0336658358573913,Global South (G77/Developing)
self_determination,ETH,0.6439905,0.5993118,0.3560094833374023,0.4006881713867187,0.0446786880493164,Global South (G77/Developing)
self_determination,DOM,0.5716965,0.55331385,0.4283034801483154,0.4466861486434936,0.0183826684951782,Global South (G77/Developing)
self_determination,MNG,0.5986069,0.3157705,0.4013931155204773,0.6842294931411743,0.282836377620697,Global South (G77/Developing)
self_determination,BDI,0.6753166,0.45415166,0.3246834278106689,0.5458483397960663,0.2211649119853973,Global South (G77/Developing)
self_determination,NER,0.6402941,0.54702616,0.3597059249877929,0.4529738426208496,0.0932679176330566,Global South (G77/Developing)
self_determination,MUS,0.63587666,0.639717,0.3641233444213867,0.3602830171585083,-0.0038403272628784,Global South (G77/Developing)
self_determination,IRL,0.5808927,0.44433886,0.4191073179244995,0.555661141872406,0.1365538239479065,Global North (Western/Allies)
self_determination,FRA,0.54771453,0.44230318,0.4522854685783386,0.5576968193054199,0.1054113507270813,P5 (Major Powers)
self_determination,PAK,0.62682205,0.65032524,0.3731779456138611,0.3496747612953186,-0.0235031843185424,Global South (G77/Developing)
self_determination,MLI,0.63006234,0.6426858,0.3699376583099365,0.3573142290115356,-0.0126234292984008,Global South (G77/Developing)
self_determination,BEL,0.64490855,0.44717953,0.3550914525985718,0.552820473909378,0.1977290213108062,Global North (Western/Allies)
self_determination,GHA,0.6322579,0.67731726,0.367742121219635,0.3226827383041382,-0.0450593829154968,Global South (G77/Developing)
self_determination,BLR,0.5964235,0.23236871,0.4035764932632446,0.7676312923431396,0.364054799079895,Global North (Western/Allies)
self_determination,GUY,0.6166018,0.5015267,0.383398175239563,0.4984732866287231,0.1150751113891601,Global South (G77/Developing)
self_determination,RWA,0.6248108,0.4228076,0.3751891851425171,0.5771923959255219,0.2020032107830047,Global South (G77/Developing)
self_determination,MWI,0.5842278,0.5162144,0.4157721996307373,0.4837856292724609,0.0680134296417236,Global South (G77/Developing)
self_determination,BHR,0.6337208,0.6569915,0.3662791848182678,0.3430085182189941,-0.0232706665992736,Global South (G77/Developing)
self_determination,ARE,0.6347971,0.6071412,0.3652029037475586,0.3928588032722473,0.0276558995246887,Global South (G77/Developing)
self_determination,HND,0.5492135,0.47358298,0.4507864713668823,0.5264170169830322,0.0756305456161499,Global South (G77/Developing)
self_determination,GMB,0.6911081,0.43806058,0.3088918924331665,0.5619394183158875,0.2530475258827209,Global South (G77/Developing)
self_determination,BTN,0.65813243,0.5730363,0.3418675661087036,0.4269636869430542,0.0850961208343505,Global South (G77/Developing)
self_determination,SWZ,0.6038738,0.16628778,0.3961262106895447,0.8337122201919556,0.4375860095024109,Global South (G77/Developing)
self_determination,BRB,0.62644625,0.43167546,0.3735537528991699,0.5683245360851288,0.1947707831859588,Global South (G77/Developing)
self_determination,DNK,0.5841407,0.4444951,0.4158592820167541,0.5555048882961273,0.1396456062793731,Global North (Western/Allies)
self_determination,PRT,0.6212597,0.5990356,0.3787403106689453,0.4009643793106079,0.0222240686416625,Global North (Western/Allies)
self_determination,OMN,0.63405204,0.59272546,0.365947961807251,0.4072745442390442,0.0413265824317932,Global South (G77/Developing)
self_determination,BHS,0.6076249,0.46667388,0.392375111579895,0.533326119184494,0.140951007604599,Global South (G77/Developing)
self_determination,LSO,0.65323186,0.68516046,0.3467681407928467,0.3148395419120788,-0.0319285988807678,Global South (G77/Developing)
self_determination,DEU,0.5135989,0.43186828,0.4864010810852051,0.5681317150592804,0.0817306339740753,Global North (Western/Allies)
self_determination,BGD,0.6368427,0.51121485,0.3631572723388672,0.4887851476669311,0.1256278753280639,Global South (G77/Developing)
self_determination,GNQ,0.59571546,0.33728647,0.4042845368385315,0.6627135276794434,0.2584289908409118,Global South (G77/Developing)
self_determination,GRD,0.63487864,0.5291894,0.3651213645935058,0.47081059217453,0.1056892275810241,Global South (G77/Developing)
self_determination,BWA,0.64134216,0.5017065,0.3586578369140625,0.4982935190200805,0.139635682106018,Global South (G77/Developing)
self_determination,MOZ,0.6368952,0.5740586,0.3631048202514648,0.4259414076805115,0.0628365874290466,Global South (G77/Developing)
self_determination,STP,0.6238929,0.621596,0.3761070966720581,0.3784040212631225,0.0022969245910644,Global South (G77/Developing)
self_determination,CPV,0.5993522,0.5367479,0.4006478190422058,0.4632521271705627,0.0626043081283569,Global South (G77/Developing)
self_determination,PNG,0.5228817,0.5504661,0.4771183133125305,0.4495338797569275,-0.027584433555603,Global South (G77/Developing)
self_determination,MDV,0.63005155,0.5893992,0.3699484467506408,0.4106007814407348,0.0406523346900939,Global South (G77/Developing)
self_determination,GNB,0.64713943,0.583094,0.3528605699539184,0.4169059991836548,0.0640454292297363,Global South (G77/Developing)
self_determination,SUR,0.61839193,0.5549741,0.3816080689430237,0.4450259208679199,0.0634178519248962,Global South (G77/Developing)
self_determination,COM,0.61348486,0.62226963,0.3865151405334472,0.3777303695678711,-0.0087847709655761,Global South (G77/Developing)
self_determination,WSM,0.534667,0.48328456,0.4653329849243164,0.5167154371738434,0.0513824522495269,Global South (G77/Developing)
self_determination,AGO,0.6426387,0.6335604,0.3573613166809082,0.3664395809173584,0.0090782642364501,Global South (G77/Developing)
self_determination,VNM,0.58485836,0.5536443,0.4151416420936584,0.4463557004928589,0.0312140583992004,Global South (G77/Developing)
self_determination,DMA,0.6234087,0.5271828,0.3765913248062134,0.4728171825408935,0.0962258577346801,Global South (G77/Developing)
self_determination,DJI,0.6457158,0.41572967,0.3542842268943786,0.5842703282833099,0.2299861013889312,Global South (G77/Developing)
self_determination,LCA,0.64925015,0.56899947,0.3507498502731323,0.4310005307197571,0.0802506804466247,Global South (G77/Developing)
self_determination,ZWE,0.63712215,0.6050799,0.3628778457641601,0.3949201107025146,0.0320422649383544,Global South (G77/Developing)
self_determination,VCT,0.5606495,0.6026677,0.4393504858016968,0.3973323106765747,-0.042018175125122,Global South (G77/Developing)
self_determination,ATG,0.47674355,0.5005429,0.5232564508914948,0.4994571208953857,-0.023799329996109,Global South (G77/Developing)
self_determination,BLZ,0.6242089,0.60995805,0.375791072845459,0.3900419473648071,0.0142508745193481,Global South (G77/Developing)
self_determination,VUT,0.4269455,0.49850622,0.5730544924736023,0.5014937818050385,-0.0715607106685638,Global South (G77/Developing)
self_determination,SLB,0.576527,0.5625799,0.4234730005264282,0.437420129776001,0.0139471292495727,Global South (G77/Developing)
self_determination,BRN,0.50235283,0.61633503,0.4976471662521362,0.3836649656295776,-0.1139822006225586,Global South (G77/Developing)
self_determination,KNA,0.55007184,0.2487543,0.4499281644821167,0.7512457072734833,0.3013175427913666,Global South (G77/Developing)
self_determination,NAM,0.5832845,0.71055233,0.4167155027389526,0.2894476652145386,-0.127267837524414,Global South (G77/Developing)
self_determination,LIE,0.44540375,0.4242502,0.5545962452888489,0.5757498145103455,0.0211535692214965,Global South (G77/Developing)
self_determination,FSM,0.33204436,0.5848724,0.6679556369781494,0.4151275753974914,-0.2528280615806579,Global South (G77/Developing)
self_determination,LTU,0.4596518,0.36661148,0.5403482019901276,0.6333885192871094,0.0930403172969818,Global North (Western/Allies)
jurisdiction,TTO,0.26664504,0.5683697,0.7333549559116364,0.4316303133964538,-0.3017246425151825,Global South (G77/Developing)
jurisdiction,CAN,0.40664056,0.5076915,0.5933594405651093,0.492308497428894,-0.1010509431362152,Global North (Western/Allies)
jurisdiction,ESP,0.3448586,0.23588839,0.6551414132118225,0.7641116082668304,0.1089701950550079,Global North (Western/Allies)
jurisdiction,IRQ,0.26807112,0.5260784,0.7319288849830627,0.4739215970039367,-0.258007287979126,Global South (G77/Developing)
jurisdiction,JAM,0.030183323,0.43825006,0.9698166772723198,0.5617499351501465,-0.4080667421221733,Global South (G77/Developing)
jurisdiction,IRN,0.3094639,0.09490429,0.6905361115932465,0.905095711350441,0.2145595997571945,Global South (G77/Developing)
jurisdiction,KWT,0.43435442,0.41494137,0.5656455755233765,0.5850586295127869,0.0194130539894104,Global South (G77/Developing)
jurisdiction,ROU,0.19976607,-0.027049799,0.80023393034935,1.0270497985184193,0.2268158681690693,Global North (Western/Allies)
jurisdiction,PRY,0.0639834,0.3719241,0.9360165968537332,0.628075897693634,-0.307940699160099,Global South (G77/Developing)
jurisdiction,THA,0.46094158,0.009081736,0.5390584170818329,0.9909182637929916,0.4518598467111587,Global South (G77/Developing)
jurisdiction,MMR,0.12726714,0.4542154,0.872732862830162,0.545784592628479,-0.326948270201683,Global South (G77/Developing)
jurisdiction,AUS,0.40491614,0.3505726,0.5950838625431061,0.6494274139404297,0.0543435513973236,Global North (Western/Allies)
jurisdiction,NLD,0.49816376,0.53992355,0.5018362402915955,0.4600764513015747,-0.0417597889900207,Global North (Western/Allies)
jurisdiction,LBN,0.35489285,0.07652015,0.6451071500778198,0.9234798476099968,0.2783726975321769,Global South (G77/Developing)
jurisdiction,NZL,0.20576428,0.1563597,0.7942357212305069,0.8436402976512909,0.049404576420784,Global North (Western/Allies)
jurisdiction,UGA,0.46659428,-0.20233375,0.5334057211875916,1.2023337483406067,0.6689280271530151,Global South (G77/Developing)
jurisdiction,TZA,0.13572721,0.39483365,0.8642727881669998,0.6051663458347321,-0.2591064423322677,Global South (G77/Developing)
jurisdiction,FJI,0.33657336,0.24464351,0.6634266376495361,0.75535649061203,0.0919298529624939,Global South (G77/Developing)
jurisdiction,PER,0.63664746,-0.020368496,0.3633525371551513,1.0203684959560633,0.6570159588009119,Global South (G77/Developing)
jurisdiction,COL,0.48368934,0.60323536,0.5163106620311737,0.3967646360397339,-0.1195460259914398,Global South (G77/Developing)
jurisdiction,CHL,0.5560634,0.56257665,0.4439365863800049,0.4374233484268188,-0.006513237953186,Global South (G77/Developing)
jurisdiction,CUB,0.40280834,0.39560223,0.5971916615962982,0.6043977737426758,0.0072061121463775,Global South (G77/Developing)
jurisdiction,ISR,0.21433236,0.14155634,0.7856676429510117,0.8584436625242233,0.0727760195732116,Global North (Western/Allies)
jurisdiction,RUS,0.34757245,0.23172309,0.6524275541305542,0.7682769149541855,0.1158493608236312,P5 (Major Powers)
jurisdiction,MDG,0.26590508,0.1895932,0.7340949177742004,0.8104068040847778,0.0763118863105773,Global South (G77/Developing)
jurisdiction,NOR,0.39359844,0.1985918,0.6064015626907349,0.80140820145607,0.195006638765335,Global North (Western/Allies)
jurisdiction,ARG,0.46383208,0.39422202,0.5361679196357727,0.6057779788970947,0.069610059261322,Global South (G77/Developing)
jurisdiction,CHN,0.6740025,0.45194972,0.3259974718093872,0.5480502843856812,0.2220528125762939,P5 (Major Powers)
jurisdiction,PHL,0.4493338,0.31757957,0.5506662130355835,0.6824204325675964,0.1317542195320129,Global South (G77/Developing)
jurisdiction,LKA,0.05058761,0.20204934,0.949412390589714,0.7979506552219391,-0.1514617353677749,Global South (G77/Developing)
jurisdiction,POL,0.20699549,0.26061907,0.7930045127868652,0.7393809258937836,-0.0536235868930816,Global North (Western/Allies)
jurisdiction,CYP,0.579049,0.3702611,0.4209510087966919,0.6297388970851898,0.2087878882884979,Global North (Western/Allies)
jurisdiction,AUT,0.17575687,0.46533534,0.8242431282997131,0.534664660692215,-0.2895784676074981,Global North (Western/Allies)
jurisdiction,MEX,0.5063237,0.37970507,0.4936763048171997,0.6202949285507202,0.1266186237335205,Global South (G77/Developing)
jurisdiction,COD,0.48077655,0.16925114,0.5192234516143799,0.8307488560676575,0.3115254044532776,Global South (G77/Developing)
jurisdiction,ZMB,0.2641025,0.6025001,0.7358975112438202,0.3974999189376831,-0.3383975923061371,Global South (G77/Developing)
jurisdiction,URY,0.5651511,0.4859397,0.4348489046096802,0.5140602886676788,0.0792113840579986,Global South (G77/Developing)
jurisdiction,PAN,0.6480899,0.2864084,0.3519101142883301,0.713591605424881,0.3616814911365509,Global South (G77/Developing)
jurisdiction,BRA,0.53154546,0.52426267,0.4684545397758484,0.4757373332977295,0.0072827935218811,Global South (G77/Developing)
jurisdiction,DOM,0.32785857,0.112114124,0.672141432762146,0.8878858759999275,0.2157444432377815,Global South (G77/Developing)
jurisdiction,IRL,0.2393468,0.30785748,0.7606531977653503,0.692142516374588,-0.0685106813907623,Global North (Western/Allies)
jurisdiction,FRA,0.20568863,0.07051625,0.7943113744258881,0.929483748972416,0.1351723745465278,P5 (Major Powers)
jurisdiction,BEL,0.22818732,0.033507623,0.7718126773834229,0.9664923772215844,0.1946796998381614,Global North (Western/Allies)
jurisdiction,GHA,0.41250926,0.3704299,0.5874907374382019,0.6295700967311859,0.042079359292984,Global South (G77/Developing)
jurisdiction,GUY,0.103128,0.45884645,0.8968719989061356,0.5411535501480103,-0.3557184487581253,Global South (G77/Developing)
jurisdiction,RWA,0.19701363,0.26995116,0.8029863685369492,0.7300488352775574,-0.0729375332593917,Global South (G77/Developing)
jurisdiction,HND,0.35687506,0.06380336,0.6431249380111694,0.9361966401338576,0.2930717021226883,Global South (G77/Developing)
jurisdiction,GMB,0.46593672,0.34139782,0.5340632796287537,0.6586021780967712,0.1245388984680175,Global South (G77/Developing)
jurisdiction,BRB,0.56219363,0.13413844,0.4378063678741455,0.865861564874649,0.4280551970005035,Global South (G77/Developing)
jurisdiction,CRI,0.6648561,0.51843274,0.3351439237594604,0.4815672636032104,0.14642333984375,Global South (G77/Developing)
jurisdiction,PRT,0.48776248,0.31188455,0.5122375190258026,0.6881154477596283,0.1758779287338256,Global North (Western/Allies)
jurisdiction,OMN,0.36687574,0.62543494,0.6331242620944977,0.374565064907074,-0.2585591971874237,Global South (G77/Developing)
jurisdiction,BHS,0.7230544,0.24188966,0.2769455909729004,0.7581103444099426,0.4811647534370422,Global South (G77/Developing)
jurisdiction,LSO,0.10214563,0.40994343,0.8978543728590012,0.5900565683841705,-0.3077978044748306,Global South (G77/Developing)
jurisdiction,DEU,0.14595133,0.21643685,0.8540486693382263,0.7835631519556046,-0.0704855173826217,Global North (Western/Allies)
jurisdiction,BGD,0.39884683,0.08982463,0.601153165102005,0.9101753681898116,0.3090222030878067,Global South (G77/Developing)
jurisdiction,GRD,0.40627414,0.20257723,0.593725860118866,0.7974227666854858,0.2036969065666198,Global South (G77/Developing)
jurisdiction,GNB,0.16269106,0.3052233,0.837308943271637,0.694776713848114,-0.1425322294235229,Global South (G77/Developing)
jurisdiction,SYC,0.3674765,0.41643432,0.6325235068798065,0.5835656821727753,-0.0489578247070312,Global South (G77/Developing)
jurisdiction,LCA,0.44285226,0.048735194,0.557147741317749,0.9512648060917854,0.3941170647740364,Global South (G77/Developing)
jurisdiction,VCT,0.6216277,0.08918394,0.378372311592102,0.9108160585165024,0.5324437469244003,Global South (G77/Developing)
jurisdiction,ATG,-0.082004905,0.24330774,1.0820049047470093,0.7566922605037689,-0.3253126442432403,Global South (G77/Developing)
jurisdiction,BLZ,0.27550828,0.20364773,0.7244917154312134,0.7963522672653198,0.0718605518341064,Global South (G77/Developing)
jurisdiction,VUT,0.2883628,0.09629918,0.7116371989250183,0.9037008211016656,0.1920636221766472,Global South (G77/Developing)
decolonization,QAT,0.4592561,0.24946432,0.540743887424469,0.7505356818437576,0.2097917944192886,Global South (G77/Developing)
decolonization,MAR,0.5136217,0.17650123,0.4863783121109009,0.8234987705945969,0.337120458483696,Global South (G77/Developing)
decolonization,CAN,0.26596078,0.29070586,0.7340392172336578,0.7092941403388977,-0.0247450768947601,Global North (Western/Allies)
decolonization,ESP,0.4352213,0.38243383,0.5647786855697632,0.6175661683082581,0.0527874827384948,Global North (Western/Allies)
decolonization,MRT,0.41773182,0.32385582,0.5822681784629822,0.6761441826820374,0.0938760042190551,Global South (G77/Developing)
decolonization,MLT,0.46524394,0.03551062,0.534756064414978,0.9644893817603588,0.4297333173453808,Global North (Western/Allies)
decolonization,JAM,0.49613166,0.1837241,0.5038683414459229,0.8162758946418762,0.3124075531959533,Global South (G77/Developing)
decolonization,NGA,0.5258436,0.23484161,0.474156379699707,0.7651583850383759,0.2910020053386688,Global South (G77/Developing)
decolonization,SEN,0.5336169,0.13840297,0.4663830995559692,0.8615970313549042,0.3952139317989349,Global South (G77/Developing)
decolonization,IRN,0.47528917,0.15009043,0.5247108340263367,0.8499095737934113,0.3251987397670746,Global South (G77/Developing)
decolonization,LBR,0.5469448,0.20788375,0.453055202960968,0.7921162545681,0.3390610516071319,Global South (G77/Developing)
decolonization,CMR,0.5162728,0.30864584,0.483727216720581,0.6913541555404663,0.2076269388198852,Global South (G77/Developing)
decolonization,NPL,0.5201555,0.19313252,0.4798445105552673,0.8068674802780151,0.3270229697227478,Global South (G77/Developing)
decolonization,UKR,0.44982243,0.2910849,0.5501775741577148,0.708915114402771,0.1587375402450561,Global North (Western/Allies)
decolonization,PRY,0.3114456,0.2037309,0.6885544061660767,0.796269103884697,0.1077146977186203,Global South (G77/Developing)
decolonization,AUS,0.51820344,0.27136487,0.4817965626716614,0.7286351323127747,0.2468385696411132,Global North (Western/Allies)
decolonization,SLE,0.3522333,0.33072892,0.6477667093276978,0.6692710816860199,0.0215043723583221,Global South (G77/Developing)
decolonization,EGY,0.2526106,0.20453772,0.747389405965805,0.7954622805118561,0.048072874546051,Global South (G77/Developing)
decolonization,NZL,0.4839656,0.309299,0.5160343945026398,0.6907010078430176,0.1746666133403778,Global North (Western/Allies)
decolonization,UGA,0.5395322,0.33223522,0.4604678153991699,0.6677647829055786,0.2072969675064087,Global South (G77/Developing)
decolonization,TZA,0.51671416,0.60092264,0.4832858443260193,0.3990773558616638,-0.0842084884643554,Global South (G77/Developing)
decolonization,FJI,0.59355974,0.4921571,0.406440258026123,0.5078428983688354,0.1014026403427124,Global South (G77/Developing)
decolonization,NIC,0.33454406,0.3308736,0.6654559373855591,0.6691263914108276,0.0036704540252685,Global South (G77/Developing)
decolonization,ITA,0.3322708,-0.053728975,0.6677291989326477,1.0537289753556252,0.3859997764229774,Global North (Western/Allies)
decolonization,TCD,0.54225713,0.109396,0.4577428698539734,0.8906039968132973,0.4328611269593239,Global South (G77/Developing)
decolonization,CHL,0.5622931,0.0123447925,0.4377068877220154,0.9876552075147628,0.5499483197927475,Global South (G77/Developing)
decolonization,SLV,0.4536022,0.22113344,0.5463978052139282,0.7788665592670441,0.2324687540531158,Global South (G77/Developing)
decolonization,SGP,-0.0062466273,0.073936716,1.0062466273084285,0.926063284277916,-0.0801833430305123,Global South (G77/Developing)
decolonization,CIV,0.41977867,0.11072401,0.5802213251590729,0.8892759904265404,0.3090546652674675,Global South (G77/Developing)
decolonization,CUB,0.3841185,0.1690876,0.6158815026283264,0.83091239631176,0.2150308936834335,Global South (G77/Developing)
decolonization,KEN,0.45997405,0.123666495,0.5400259494781494,0.8763335049152374,0.336307555437088,Global South (G77/Developing)
decolonization,IDN,0.5307645,0.20709619,0.4692354798316955,0.7929038107395172,0.3236683309078216,Global South (G77/Developing)
decolonization,BOL,0.2681988,0.12586458,0.7318012118339539,0.8741354197263718,0.1423342078924179,Global South (G77/Developing)
decolonization,RUS,0.37001586,0.45029643,0.6299841403961182,0.5497035682201385,-0.0802805721759796,P5 (Major Powers)
decolonization,MDG,0.4504471,0.27710682,0.5495528876781464,0.7228931784629822,0.1733402907848358,Global South (G77/Developing)
decolonization,NOR,0.030349687,0.08365461,0.9696503132581712,0.9163453876972198,-0.0533049255609512,Global North (Western/Allies)
decolonization,IND,0.6402223,0.18561545,0.3597776889801025,0.8143845498561859,0.4546068608760834,Global South (G77/Developing)
decolonization,ARG,0.43489403,0.40190995,0.5651059746742249,0.5980900526046753,0.0329840779304504,Global South (G77/Developing)
decolonization,ECU,0.36521986,0.24380796,0.6347801387310028,0.7561920434236526,0.1214119046926498,Global South (G77/Developing)
decolonization,POL,0.39015603,0.0813282,0.6098439693450928,0.9186718016862868,0.3088278323411941,Global North (Western/Allies)
decolonization,DZA,0.46200725,0.4266035,0.5379927456378937,0.5733965039253235,0.0354037582874298,Global South (G77/Developing)
decolonization,COG,0.54306495,0.33398545,0.4569350481033325,0.666014552116394,0.2090795040130615,Global South (G77/Developing)
decolonization,MEX,0.34122062,0.041393735,0.6587793827056885,0.9586062654852868,0.2998268827795982,Global South (G77/Developing)
decolonization,MYS,0.45515376,0.41394383,0.54484623670578,0.5860561728477478,0.0412099361419677,Global South (G77/Developing)
decolonization,CAF,0.49648023,0.200406,0.5035197734832764,0.7995939999818802,0.2960742264986038,Global South (G77/Developing)
decolonization,VEN,0.39948398,0.19949457,0.6005160212516785,0.8005054295063019,0.1999894082546234,Global South (G77/Developing)
decolonization,GRC,0.39740476,0.17744225,0.6025952398777008,0.8225577473640442,0.2199625074863433,Global North (Western/Allies)
decolonization,COD,0.5791068,0.3933413,0.4208931922912597,0.6066586971282959,0.1857655048370361,Global South (G77/Developing)
decolonization,ZMB,0.60374,0.10929963,0.3962600231170654,0.8907003700733185,0.494440346956253,Global South (G77/Developing)
decolonization,LBY,0.524613,0.18691765,0.4753869771957397,0.8130823522806168,0.337695375084877,Global South (G77/Developing)
decolonization,BRA,0.42422968,0.3553151,0.5757703185081482,0.644684910774231,0.0689145922660827,Global South (G77/Developing)
decolonization,ETH,0.47183618,0.24730974,0.5281638205051422,0.7526902556419373,0.224526435136795,Global South (G77/Developing)
decolonization,DOM,0.27195227,0.009515353,0.7280477285385132,0.9904846474528312,0.2624369189143181,Global South (G77/Developing)
decolonization,NER,0.60500586,0.020970732,0.3949941396713257,0.979029268026352,0.5840351283550262,Global South (G77/Developing)
decolonization,MUS,0.4980872,0.52271914,0.5019128024578094,0.477280855178833,-0.0246319472789764,Global South (G77/Developing)
decolonization,IRL,0.38644898,0.43936193,0.6135510206222534,0.5606380701065063,-0.052912950515747,Global North (Western/Allies)
decolonization,FRA,0.43971655,0.19784172,0.5602834522724152,0.8021582812070847,0.2418748289346695,P5 (Major Powers)
decolonization,PAK,0.20487726,0.3094334,0.7951227426528931,0.6905665993690491,-0.104556143283844,Global South (G77/Developing)
decolonization,BEL,0.42495894,0.12416683,0.5750410556793213,0.8758331686258316,0.3007921129465103,Global North (Western/Allies)
decolonization,GHA,0.53154266,0.47341833,0.4684573411941528,0.5265816748142242,0.0581243336200714,Global South (G77/Developing)
decolonization,GUY,0.5846654,0.40762347,0.4153345823287964,0.5923765301704407,0.1770419478416443,Global South (G77/Developing)
decolonization,RWA,0.47524065,0.15751486,0.5247593522071838,0.8424851447343826,0.3177257925271988,Global South (G77/Developing)
decolonization,BHR,0.45065325,0.3507443,0.5493467450141907,0.6492556929588318,0.0999089479446411,Global South (G77/Developing)
decolonization,GMB,0.5197011,0.31533322,0.4802988767623901,0.684666782617569,0.2043679058551788,Global South (G77/Developing)
decolonization,BRB,0.52382755,0.13569191,0.4761724472045898,0.864308089017868,0.3881356418132782,Global South (G77/Developing)
decolonization,CRI,0.2975945,0.1716546,0.7024055123329163,0.8283454030752182,0.1259398907423019,Global South (G77/Developing)
decolonization,PRT,0.4424808,0.32755065,0.5575191974639893,0.6724493503570557,0.1149301528930664,Global North (Western/Allies)
decolonization,BHS,0.3910535,0.38676655,0.6089465022087097,0.6132334470748901,0.0042869448661804,Global South (G77/Developing)
decolonization,LSO,0.43896973,0.3958099,0.5610302686691284,0.6041901111602783,0.0431598424911499,Global South (G77/Developing)
decolonization,DEU,0.48275918,0.074094236,0.5172408223152161,0.9259057641029358,0.4086649417877197,Global North (Western/Allies)
decolonization,BGD,0.116847254,-0.15938726,0.8831527456641197,1.1593872606754303,0.2762345150113106,Global South (G77/Developing)
decolonization,GNQ,0.39738166,0.11044271,0.6026183366775513,0.8895572870969772,0.2869389504194259,Global South (G77/Developing)
decolonization,MOZ,0.4751352,0.2602923,0.5248647928237915,0.7397077083587646,0.2148429155349731,Global South (G77/Developing)
decolonization,PNG,0.44140843,0.427946,0.5585915744304657,0.572053998708725,0.0134624242782592,Global South (G77/Developing)
decolonization,MDV,0.39292789,0.17484838,0.607072114944458,0.8251516222953796,0.2180795073509216,Global South (G77/Developing)
decolonization,SUR,0.4080993,0.08642514,0.5919007062911987,0.9135748594999312,0.3216741532087326,Global South (G77/Developing)
decolonization,COM,0.35361362,0.23147616,0.6463863849639893,0.7685238420963287,0.1221374571323394,Global South (G77/Developing)
decolonization,WSM,0.5068278,0.19730529,0.4931722283363342,0.802694708108902,0.3095224797725677,Global South (G77/Developing)
decolonization,AGO,0.5187248,0.21467093,0.481275200843811,0.7853290736675262,0.3040538728237152,Global South (G77/Developing)
decolonization,DJI,0.54180014,-0.0047650076,0.4581998586654663,1.0047650076448915,0.5465651489794254,Global South (G77/Developing)
decolonization,LCA,0.14263219,0.40370756,0.8573678135871887,0.5962924361228943,-0.2610753774642944,Global South (G77/Developing)
decolonization,ZWE,0.37921134,0.41873854,0.6207886636257172,0.5812614560127258,-0.0395272076129913,Global South (G77/Developing)
decolonization,VCT,0.18131247,0.47489497,0.8186875283718109,0.5251050293445587,-0.2935824990272522,Global South (G77/Developing)
decolonization,VUT,0.35262516,0.40843064,0.647374838590622,0.5915693640708923,-0.0558054745197296,Global South (G77/Developing)
decolonization,SLB,0.31209254,0.4732761,0.6879074573516846,0.5267238914966583,-0.1611835658550262,Global South (G77/Developing)
treaty,TTO,0.6230979,0.4994602,0.3769021034240722,0.5005398094654083,0.123637706041336,Global South (G77/Developing)
treaty,QAT,0.5347637,0.545752,0.4652363061904907,0.4542480111122131,-0.0109882950782775,Global South (G77/Developing)
treaty,ZAF,0.15116099,0.5530419,0.8488390147686005,0.4469581246376037,-0.4018808901309967,Global South (G77/Developing)
treaty,USA,0.555493,0.6075526,0.4445070028305053,0.3924474120140075,-0.0520595908164978,P5 (Major Powers)
treaty,GTM,0.5435061,0.47352517,0.4564939141273498,0.5264748334884644,0.0699809193611145,Global South (G77/Developing)
treaty,SDN,0.5423994,0.5221785,0.4576005935668945,0.4778215289115906,0.020220935344696,Global South (G77/Developing)
treaty,MAR,0.54809964,0.5677289,0.4519003629684448,0.4322711229324341,-0.0196292400360107,Global South (G77/Developing)
treaty,CAN,0.5176456,0.64438415,0.4823544025421142,0.3556158542633056,-0.1267385482788086,Global North (Western/Allies)
treaty,ESP,0.5715407,0.5751526,0.4284592866897583,0.4248474240303039,-0.0036118626594543,Global North (Western/Allies)
treaty,MRT,0.4958287,0.33727527,0.5041713118553162,0.6627247333526611,0.1585534214973449,Global South (G77/Developing)
treaty,HTI,0.46796513,0.47576013,0.5320348739624023,0.5242398679256439,-0.0077950060367584,Global South (G77/Developing)
treaty,MLT,0.62946653,0.6044313,0.3705334663391113,0.3955687284469604,0.0250352621078491,Global North (Western/Allies)
treaty,IRQ,0.6239859,0.48075965,0.3760141134262085,0.5192403495311737,0.1432262361049652,Global South (G77/Developing)
treaty,JAM,0.50300056,0.5574311,0.496999442577362,0.4425688982009887,-0.0544305443763732,Global South (G77/Developing)
treaty,YEM,0.44724086,0.5096089,0.5527591407299042,0.4903910756111145,-0.0623680651187896,Global South (G77/Developing)
treaty,NGA,0.54820347,0.58426654,0.4517965316772461,0.4157334566116333,-0.0360630750656127,Global South (G77/Developing)
treaty,SEN,0.43889412,0.4723249,0.561105877161026,0.5276750922203064,-0.0334307849407196,Global South (G77/Developing)
treaty,IRN,0.64761233,0.5555406,0.3523876667022705,0.4444593787193298,0.0920717120170593,Global South (G77/Developing)
treaty,KWT,0.467799,0.5499748,0.5322009921073914,0.450025200843811,-0.0821757912635803,Global South (G77/Developing)
treaty,LBR,0.60735184,0.45587692,0.3926481604576111,0.5441230833530426,0.1514749228954315,Global South (G77/Developing)
treaty,CMR,0.6055866,0.54537714,0.394413411617279,0.4546228647232055,0.0602094531059265,Global South (G77/Developing)
treaty,NPL,0.589412,0.574199,0.4105880260467529,0.4258009791374206,0.0152129530906677,Global South (G77/Developing)
treaty,LAO,0.51917887,0.48234856,0.4808211326599121,0.5176514387130737,0.0368303060531616,Global South (G77/Developing)
treaty,UKR,0.6069391,0.62277246,0.3930609226226806,0.3772275447845459,-0.0158333778381347,Global North (Western/Allies)
treaty,ROU,0.5595363,0.52761793,0.4404637217521667,0.4723820686340332,0.0319183468818664,Global North (Western/Allies)
treaty,BEN,0.6201092,0.59820724,0.3798907995223999,0.4017927646636963,0.0219019651412963,Global South (G77/Developing)
treaty,GAB,0.5406791,0.4999771,0.4593209028244018,0.5000228881835938,0.0407019853591918,Global South (G77/Developing)
treaty,PRY,0.5094929,0.5139206,0.4905071258544922,0.4860793948173523,-0.0044277310371398,Global South (G77/Developing)
treaty,THA,0.5083091,0.56060946,0.4916908740997314,0.4393905401229858,-0.0523003339767456,Global South (G77/Developing)
treaty,MMR,0.54977596,0.60997915,0.4502240419387817,0.3900208473205566,-0.0602031946182251,Global South (G77/Developing)
treaty,TGO,0.41639724,0.5490357,0.5836027562618256,0.4509642720222473,-0.1326384842395782,Global South (G77/Developing)
treaty,AUS,0.5465683,0.5599935,0.4534317255020141,0.4400064945220947,-0.0134252309799194,Global North (Western/Allies)
treaty,NLD,0.53159404,0.5387788,0.4684059619903564,0.4612212181091308,-0.0071847438812255,Global North (Western/Allies)
treaty,LBN,0.26893604,0.57307804,0.731063961982727,0.4269219636917114,-0.3041419982910156,Global South (G77/Developing)
treaty,SLE,0.55343574,0.49492866,0.446564257144928,0.5050713419914246,0.0585070848464965,Global South (G77/Developing)
treaty,EGY,0.5611539,0.5808749,0.4388461112976074,0.4191250801086426,-0.0197210311889648,Global South (G77/Developing)
treaty,NZL,0.58440924,0.55270755,0.415590763092041,0.4472924470901489,0.0317016839981079,Global North (Western/Allies)
treaty,UGA,0.46068567,0.5191447,0.539314329624176,0.4808552861213684,-0.0584590435028076,Global South (G77/Developing)
treaty,TZA,0.63824064,0.47820282,0.3617593646049499,0.5217971801757812,0.1600378155708313,Global South (G77/Developing)
treaty,FJI,0.5769318,0.6101812,0.4230682253837585,0.389818787574768,-0.0332494378089904,Global South (G77/Developing)
treaty,NIC,0.39744633,0.45897922,0.60255366563797,0.5410207808017731,-0.0615328848361969,Global South (G77/Developing)
treaty,ITA,0.5725393,0.6535853,0.4274606704711914,0.3464146852493286,-0.0810459852218627,Global North (Western/Allies)
treaty,TCD,0.6006814,0.5253986,0.3993185758590698,0.4746013879776001,0.0752828121185302,Global South (G77/Developing)
treaty,PER,0.5562866,0.44065747,0.4437134265899658,0.5593425333499908,0.115629106760025,Global South (G77/Developing)
treaty,COL,0.70659775,0.43272585,0.2934022545814514,0.5672741532325745,0.273871898651123,Global South (G77/Developing)
treaty,CHL,0.43652165,0.5021633,0.5634783506393433,0.497836709022522,-0.0656416416168212,Global South (G77/Developing)
treaty,SLV,0.40723723,0.4215396,0.5927627682685852,0.5784603953361511,-0.014302372932434,Global South (G77/Developing)
treaty,FIN,0.56828666,0.5774374,0.431713342666626,0.4225625991821289,-0.009150743484497,Global North (Western/Allies)
treaty,SAU,0.44494954,0.5063133,0.5550504624843597,0.4936866760253906,-0.0613637864589691,Global South (G77/Developing)
treaty,SGP,0.51159036,0.35818478,0.4884096384048462,0.6418152153491974,0.1534055769443512,Global South (G77/Developing)
treaty,CIV,0.048187573,0.25851867,0.9518124274909496,0.7414813339710236,-0.210331093519926,Global South (G77/Developing)
treaty,CUB,0.51071894,0.49279508,0.4892810583114624,0.5072049200534821,0.0179238617420196,Global South (G77/Developing)
treaty,ISR,0.32659066,0.3259571,0.6734093427658081,0.6740429103374481,0.00063356757164,Global North (Western/Allies)
treaty,KHM,0.32057178,0.6355477,0.679428219795227,0.3644523024559021,-0.3149759173393249,Global South (G77/Developing)
treaty,KEN,0.5279604,0.5056149,0.4720395803451538,0.4943851232528686,0.0223455429077148,Global South (G77/Developing)
treaty,GIN,0.5001681,0.5422416,0.4998319149017334,0.4577584266662597,-0.0420734882354736,Global South (G77/Developing)
treaty,IDN,0.56876826,0.6051899,0.4312317371368408,0.3948100805282593,-0.0364216566085815,Global South (G77/Developing)
treaty,BOL,0.44416586,0.5837523,0.5558341443538666,0.4162477254867553,-0.1395864188671112,Global South (G77/Developing)
treaty,SYR,0.5541734,0.5883176,0.4458265900611877,0.4116824269294739,-0.0341441631317138,Global South (G77/Developing)
treaty,RUS,0.62750626,0.5521977,0.3724937438964844,0.4478023052215576,0.0753085613250732,P5 (Major Powers)
treaty,MDG,0.59281695,0.6464134,0.4071830511093139,0.3535866141319275,-0.0535964369773864,Global South (G77/Developing)
treaty,TUN,0.50507927,0.67798436,0.4949207305908203,0.322015643119812,-0.1729050874710083,Global South (G77/Developing)
treaty,NOR,0.5814202,0.5384344,0.4185798168182373,0.461565613746643,0.0429857969284057,Global North (Western/Allies)
treaty,ALB,0.4621985,0.3768696,0.5378015041351318,0.6231304109096527,0.0853289067745208,Global South (G77/Developing)
treaty,IND,0.66647744,0.53504014,0.3335225582122803,0.4649598598480224,0.1314373016357422,Global South (G77/Developing)
treaty,ARG,0.55715024,0.5725568,0.4428497552871704,0.4274432063102722,-0.0154065489768981,Global South (G77/Developing)
treaty,JOR,0.56261027,0.44497305,0.4373897314071655,0.5550269484519958,0.1176372170448303,Global South (G77/Developing)
treaty,SWE,0.55590117,0.59700274,0.4440988302230835,0.4029972553253174,-0.0411015748977661,Global North (Western/Allies)
treaty,CHN,0.585172,0.60744184,0.4148280024528503,0.3925581574440002,-0.02226984500885,P5 (Major Powers)
treaty,BFA,0.4286497,0.51346946,0.5713503062725067,0.4865305423736572,-0.0848197638988494,Global South (G77/Developing)
treaty,ECU,0.4965984,0.51007056,0.5034016072750092,0.4899294376373291,-0.01347216963768,Global South (G77/Developing)
treaty,BGR,0.58547044,0.6009507,0.4145295619964599,0.3990492820739746,-0.0154802799224853,Global North (Western/Allies)
treaty,GBR,0.5686832,0.6038513,0.4313167929649353,0.396148681640625,-0.0351681113243103,P5 (Major Powers)
treaty,PHL,0.46000987,0.6419467,0.5399901270866394,0.3580533266067505,-0.1819368004798889,Global South (G77/Developing)
treaty,LKA,0.5531289,0.5434248,0.4468711018562317,0.4565752148628235,0.0097041130065917,Global South (G77/Developing)
treaty,POL,0.5769894,0.59140766,0.4230105876922607,0.4085923433303833,-0.0144182443618774,Global North (Western/Allies)
treaty,DZA,0.43491337,0.5302459,0.5650866329669952,0.4697540998458862,-0.095332533121109,Global South (G77/Developing)
treaty,CYP,0.5342774,0.5125069,0.4657226204872131,0.487493097782135,0.0217704772949218,Global North (Western/Allies)
treaty,COG,0.6529821,0.44105753,0.3470178842544555,0.5589424669742584,0.2119245827198028,Global South (G77/Developing)
treaty,AUT,0.56481755,0.58812153,0.4351824522018432,0.4118784666061401,-0.0233039855957031,Global North (Western/Allies)
treaty,MEX,0.60322785,0.59929967,0.3967721462249756,0.4007003307342529,0.0039281845092773,Global South (G77/Developing)
treaty,MYS,0.46797168,0.61539173,0.532028317451477,0.3846082687377929,-0.147420048713684,Global South (G77/Developing)
treaty,CAF,0.48349088,0.3542804,0.5165091156959534,0.645719587802887,0.1292104721069336,Global South (G77/Developing)
treaty,VEN,0.5463375,0.2484507,0.4536625146865845,0.7515493035316467,0.2978867888450622,Global South (G77/Developing)
treaty,HUN,0.5672262,0.53600746,0.4327738285064697,0.4639925360679626,0.0312187075614929,Global North (Western/Allies)
treaty,ISL,0.5640558,0.6497253,0.4359441995620727,0.3502746820449829,-0.0856695175170898,Global North (Western/Allies)
treaty,GRC,0.55372393,0.5757166,0.4462760686874389,0.4242833852767944,-0.0219926834106445,Global North (Western/Allies)
treaty,COD,0.61082745,0.3506715,0.3891725540161133,0.6493285000324249,0.2601559460163116,Global South (G77/Developing)
treaty,LUX,0.5098035,0.5550953,0.4901965260505676,0.4449046850204468,-0.0452918410301208,Global North (Western/Allies)
treaty,ZMB,0.5843662,0.61139023,0.4156337976455688,0.388609766960144,-0.0270240306854248,Global South (G77/Developing)
treaty,URY,0.39073056,0.59017867,0.6092694401741028,0.4098213315010071,-0.1994481086730957,Global South (G77/Developing)
treaty,PAN,0.5094631,0.50066745,0.4905369281768799,0.4993325471878052,0.0087956190109252,Global South (G77/Developing)
treaty,AFG,0.60371995,0.34077302,0.3962800502777099,0.6592269837856293,0.2629469335079193,Global South (G77/Developing)
treaty,TUR,0.7194301,0.5422545,0.2805699110031128,0.4577454924583435,0.1771755814552307,Global South (G77/Developing)
treaty,LBY,0.5537936,0.5521157,0.4462063908576965,0.4478843212127685,0.001677930355072,Global South (G77/Developing)
treaty,BRA,0.55579364,0.5020592,0.4442063570022583,0.4979407787322998,0.0537344217300415,Global South (G77/Developing)
treaty,ETH,0.5875608,0.47339284,0.412439227104187,0.5266071557998657,0.1141679286956787,Global South (G77/Developing)
treaty,DOM,0.42300916,0.3878717,0.5769908428192139,0.6121282875537872,0.0351374447345733,Global South (G77/Developing)
treaty,MNG,0.57519984,0.61748874,0.424800157546997,0.3825112581253052,-0.0422888994216918,Global South (G77/Developing)
treaty,BDI,0.42479947,0.48377562,0.5752005279064178,0.5162243843078613,-0.0589761435985565,Global South (G77/Developing)
treaty,NER,0.5723745,0.63410616,0.4276254773139953,0.3658938407897949,-0.0617316365242004,Global South (G77/Developing)
treaty,MUS,0.51893795,0.54188406,0.4810620546340942,0.4581159353256225,-0.0229461193084716,Global South (G77/Developing)
treaty,IRL,0.5889534,0.5439001,0.4110466241836548,0.4560999274253845,0.0450533032417297,Global North (Western/Allies)
treaty,FRA,0.58993185,0.59460235,0.410068154335022,0.4053976535797119,-0.00467050075531,P5 (Major Powers)
treaty,PAK,0.6021488,0.584093,0.3978512287139892,0.4159070253372192,0.0180557966232299,Global South (G77/Developing)
treaty,MLI,0.5310218,0.6607854,0.4689782261848449,0.3392146229743957,-0.1297636032104492,Global South (G77/Developing)
treaty,BEL,0.5427655,0.58713204,0.4572345018386841,0.4128679633140564,-0.0443665385246276,Global North (Western/Allies)
treaty,GHA,0.46475673,0.55134684,0.5352432727813721,0.4486531615257263,-0.0865901112556457,Global South (G77/Developing)
treaty,BLR,0.6249511,0.6559794,0.3750488758087158,0.3440206050872803,-0.0310282707214355,Global North (Western/Allies)
treaty,GUY,0.55728483,0.58378625,0.4427151679992676,0.4162137508392334,-0.0265014171600341,Global South (G77/Developing)
treaty,JPN,0.5587609,0.59407246,0.4412391185760498,0.4059275388717651,-0.0353115797042846,Global North (Western/Allies)
treaty,RWA,0.4754802,0.40150082,0.5245198011398315,0.5984991788864136,0.073979377746582,Global South (G77/Developing)
treaty,MWI,0.6068493,0.54686075,0.3931506872177124,0.4531392455101013,0.0599885582923889,Global South (G77/Developing)
treaty,BHR,0.5254045,0.5521278,0.4745954871177673,0.4478722214698791,-0.0267232656478881,Global South (G77/Developing)
treaty,ARE,0.5909297,0.5069008,0.4090703129768371,0.4930992126464844,0.0840288996696472,Global South (G77/Developing)
treaty,HND,0.55015063,0.4604717,0.4498493671417236,0.5395283102989197,0.089678943157196,Global South (G77/Developing)
treaty,GMB,0.2189597,0.3842198,0.781040295958519,0.6157802045345306,-0.1652600914239883,Global South (G77/Developing)
treaty,BTN,0.47009513,0.55023706,0.5299048721790314,0.4497629404067993,-0.080141931772232,Global South (G77/Developing)
treaty,SWZ,0.07720621,0.58183795,0.9227937906980516,0.4181620478630066,-0.5046317428350449,Global South (G77/Developing)
treaty,BRB,0.4502313,0.5116304,0.5497686862945557,0.4883695840835571,-0.0613991022109985,Global South (G77/Developing)
treaty,DNK,0.5396407,0.5658751,0.4603592753410339,0.4341248869895935,-0.0262343883514404,Global North (Western/Allies)
treaty,CRI,0.5769105,0.5647783,0.4230895042419433,0.4352216720581054,0.0121321678161621,Global South (G77/Developing)
treaty,PRT,0.68825877,0.48837912,0.3117412328720093,0.5116208791732788,0.1998796463012695,Global North (Western/Allies)
treaty,OMN,0.47296643,0.6071772,0.5270335674285889,0.392822802066803,-0.1342107653617859,Global South (G77/Developing)
treaty,BHS,0.42350432,0.5008439,0.5764956772327423,0.49915611743927,-0.0773395597934722,Global South (G77/Developing)
treaty,LSO,0.39084685,0.61620617,0.609153151512146,0.383793830871582,-0.2253593206405639,Global South (G77/Developing)
treaty,DEU,0.5755884,0.60203034,0.4244115948677063,0.3979696631431579,-0.0264419317245483,Global North (Western/Allies)
treaty,BGD,0.543381,0.5629216,0.4566190242767334,0.4370784163475036,-0.0195406079292297,Global South (G77/Developing)
treaty,GNQ,0.41522163,0.4556283,0.584778368473053,0.5443716943264008,-0.0404066741466522,Global South (G77/Developing)
treaty,GRD,0.53281677,0.4902833,0.4671832323074341,0.5097166895866394,0.0425334572792053,Global South (G77/Developing)
treaty,BWA,0.5960629,0.5529287,0.4039371013641357,0.4470713138580322,0.0431342124938964,Global South (G77/Developing)
treaty,MOZ,0.29530096,0.59979063,0.7046990394592285,0.400209367275238,-0.3044896721839905,Global South (G77/Developing)
treaty,STP,0.7062664,0.5582931,0.2937335968017578,0.441706895828247,0.1479732990264892,Global South (G77/Developing)
treaty,CPV,0.49041936,0.46751317,0.5095806419849396,0.5324868261814117,0.0229061841964721,Global South (G77/Developing)
treaty,PNG,0.5121613,0.57471025,0.4878386855125427,0.4252897500991821,-0.0625489354133606,Global South (G77/Developing)
treaty,MDV,0.51081204,0.6120086,0.4891879558563232,0.3879914283752441,-0.1011965274810791,Global South (G77/Developing)
treaty,SUR,0.60458875,0.5632088,0.3954112529754638,0.436791181564331,0.0413799285888671,Global South (G77/Developing)
treaty,WSM,0.583406,0.5924107,0.4165940284729004,0.407589316368103,-0.0090047121047973,Global South (G77/Developing)
treaty,SYC,0.28710532,0.4804375,0.7128946781158447,0.5195625126361847,-0.19333216547966,Global South (G77/Developing)
treaty,AGO,0.59632635,0.5320098,0.4036736488342285,0.4679902195930481,0.0643165707588195,Global South (G77/Developing)
treaty,VNM,0.45549357,0.5865344,0.5445064306259155,0.4134656190872192,-0.1310408115386963,Global South (G77/Developing)
treaty,DMA,0.60121787,0.5276685,0.3987821340560913,0.4723315238952636,0.0735493898391723,Global South (G77/Developing)
treaty,DJI,0.43809968,0.3680346,0.5619003176689148,0.6319653987884521,0.0700650811195373,Global South (G77/Developing)
treaty,LCA,0.49996057,0.50044715,0.5000394284725189,0.499552845954895,-0.0004865825176239,Global South (G77/Developing)
treaty,ZWE,0.6117877,0.5513685,0.3882123231887817,0.4486315250396728,0.0604192018508911,Global South (G77/Developing)
treaty,VCT,0.43672138,0.3804494,0.5632786154747009,0.6195505857467651,0.0562719702720642,Global South (G77/Developing)
treaty,ATG,0.31055102,0.4787144,0.6894489824771881,0.5212855935096741,-0.168163388967514,Global South (G77/Developing)
treaty,BLZ,0.4100331,0.38550976,0.589966893196106,0.6144902408123016,0.0245233476161956,Global South (G77/Developing)
treaty,VUT,0.2906831,0.5115597,0.7093169093132019,0.4884402751922607,-0.2208766341209411,Global South (G77/Developing)
treaty,SLB,0.5641322,0.6124707,0.4358677864074707,0.3875293135643005,-0.0483384728431701,Global South (G77/Developing)
treaty,BRN,0.51282763,0.59292805,0.4871723651885986,0.4070719480514526,-0.080100417137146,Global South (G77/Developing)
treaty,KNA,0.57691133,0.3991715,0.4230886697769165,0.6008284986019135,0.1777398288249969,Global South (G77/Developing)
treaty,NAM,0.13431704,0.50078154,0.8656829595565796,0.4992184638977051,-0.3664644956588745,Global South (G77/Developing)
treaty,LIE,-0.023132816,0.4825901,1.0231328159570694,0.5174098908901215,-0.5057229250669479,Global South (G77/Developing)
treaty,FSM,0.5674014,0.48957413,0.4325985908508301,0.510425865650177,0.0778272747993469,Global South (G77/Developing)
treaty,PRK,0.39176023,0.5154948,0.6082397699356079,0.4845051765441894,-0.1237345933914184,Global South (G77/Developing)
treaty,KOR,0.4395662,0.6011002,0.5604338049888611,0.3988997936248779,-0.1615340113639831,Global North (Western/Allies)
treaty,LTU,0.40867686,0.6181389,0.5913231372833252,0.3818610906600952,-0.2094620466232299,Global North (Western/Allies)
diplomacy,TTO,0.45648777,0.33620843,0.543512225151062,0.6637915670871735,0.1202793419361114,Global South (G77/Developing)
diplomacy,USA,0.30588487,0.44338992,0.6941151320934296,0.5566100776195526,-0.1375050544738769,P5 (Major Powers)
diplomacy,GTM,0.34314877,0.40526286,0.6568512320518494,0.5947371423244476,-0.0621140897274017,Global South (G77/Developing)
diplomacy,SDN,0.18571506,0.32003236,0.814284935593605,0.6799676418304443,-0.1343172937631607,Global South (G77/Developing)
diplomacy,CAN,0.45218873,0.28402498,0.5478112697601318,0.7159750163555145,0.1681637465953827,Global North (Western/Allies)
diplomacy,ESP,0.15554932,0.43093878,0.8444506824016571,0.5690612196922302,-0.2753894627094269,Global North (Western/Allies)
diplomacy,MRT,0.20146352,0.37989968,0.798536479473114,0.6201003193855286,-0.1784361600875854,Global South (G77/Developing)
diplomacy,HTI,0.2740882,0.039962914,0.7259117960929871,0.9600370861589907,0.2341252900660038,Global South (G77/Developing)
diplomacy,MLT,0.495218,0.25806046,0.5047819912433624,0.7419395446777344,0.2371575534343719,Global North (Western/Allies)
diplomacy,JAM,0.17915969,0.46185166,0.8208403140306473,0.5381483435630798,-0.2826919704675674,Global South (G77/Developing)
diplomacy,YEM,0.08205038,0.36513442,0.9179496169090272,0.6348655819892883,-0.2830840349197387,Global South (G77/Developing)
diplomacy,SOM,0.4788797,0.36700833,0.5211203098297119,0.6329916715621948,0.1118713617324829,Global South (G77/Developing)
diplomacy,KWT,0.38330978,0.4572494,0.6166902184486389,0.5427505970001221,-0.0739396214485168,Global South (G77/Developing)
diplomacy,LBR,0.44698304,0.24368864,0.5530169606208801,0.7563113570213318,0.2032943964004516,Global South (G77/Developing)
diplomacy,CMR,0.07127424,0.2762054,0.9287257567048072,0.7237946093082428,-0.2049311473965644,Global South (G77/Developing)
diplomacy,NPL,0.031767685,0.52747935,0.9682323150336742,0.472520649433136,-0.4957116656005382,Global South (G77/Developing)
diplomacy,LAO,0.34435874,0.47310224,0.6556412577629089,0.5268977582454681,-0.1287434995174408,Global South (G77/Developing)
diplomacy,UKR,0.20984128,0.15196373,0.7901587188243866,0.8480362743139267,0.0578775554895401,Global North (Western/Allies)
diplomacy,GAB,0.14607555,0.37977803,0.8539244532585144,0.6202219724655151,-0.2337024807929992,Global South (G77/Developing)
diplomacy,PRY,0.45549884,0.4304632,0.5445011556148529,0.5695368051528931,0.0250356495380401,Global South (G77/Developing)
diplomacy,TGO,-0.053556204,0.21002367,1.053556203842163,0.7899763286113739,-0.2635798752307892,Global South (G77/Developing)
diplomacy,AUS,0.12702738,0.36288476,0.8729726225137711,0.6371152400970459,-0.2358573824167251,Global North (Western/Allies)
diplomacy,NLD,0.27410722,0.33399513,0.7258927822113037,0.666004866361618,-0.0598879158496856,Global North (Western/Allies)
diplomacy,LBN,0.31552458,0.2890776,0.6844754219055176,0.7109223902225494,0.0264469683170318,Global South (G77/Developing)
diplomacy,SLE,0.45546824,0.34925053,0.5445317625999451,0.6507494747638702,0.1062177121639251,Global South (G77/Developing)
diplomacy,EGY,0.09577325,0.079353265,0.9042267501354218,0.920646734535694,0.0164199844002723,Global South (G77/Developing)
diplomacy,NZL,0.043017093,0.45089507,0.9569829069077967,0.5491049289703369,-0.4078779779374599,Global North (Western/Allies)
diplomacy,TZA,0.10165359,0.48435077,0.898346409201622,0.5156492292881012,-0.3826971799135208,Global South (G77/Developing)
diplomacy,FJI,0.43583766,0.41982237,0.5641623437404633,0.5801776349544525,0.0160152912139892,Global South (G77/Developing)
diplomacy,NIC,-0.042768426,0.43114924,1.0427684262394905,0.5688507556915283,-0.4739176705479622,Global South (G77/Developing)
diplomacy,ITA,0.04849546,0.47565123,0.9515045396983624,0.5243487656116486,-0.4271557740867138,Global North (Western/Allies)
diplomacy,PER,0.26209173,0.2112482,0.737908273935318,0.7887517958879471,0.050843521952629,Global South (G77/Developing)
diplomacy,COL,0.10439269,0.41384226,0.8956073075532913,0.5861577391624451,-0.3094495683908462,Global South (G77/Developing)
diplomacy,CHL,0.35946912,0.10720174,0.6405308842658997,0.8927982598543167,0.252267375588417,Global South (G77/Developing)
diplomacy,SLV,0.30212376,0.29487228,0.6978762447834015,0.7051277160644531,0.0072514712810516,Global South (G77/Developing)
diplomacy,FIN,0.17842314,0.3791323,0.821576863527298,0.6208676993846893,-0.2007091641426086,Global North (Western/Allies)
diplomacy,SGP,0.34382272,0.18646458,0.656177282333374,0.8135354220867157,0.1573581397533416,Global South (G77/Developing)
diplomacy,CIV,0.19865742,0.2827777,0.8013425767421722,0.7172223031520844,-0.0841202735900878,Global South (G77/Developing)
diplomacy,CUB,0.19366471,0.13828883,0.8063352853059769,0.861711174249649,0.0553758889436721,Global South (G77/Developing)
diplomacy,ISR,0.4246214,0.39264578,0.5753785967826843,0.6073542237281799,0.0319756269454956,Global North (Western/Allies)
diplomacy,KHM,0.27032995,0.36891586,0.7296700477600098,0.631084144115448,-0.0985859036445617,Global South (G77/Developing)
diplomacy,KEN,0.5884692,0.42907703,0.4115307927131653,0.5709229707717896,0.1593921780586242,Global South (G77/Developing)
diplomacy,GIN,0.0919662,0.20728213,0.9080338031053544,0.7927178740501404,-0.1153159290552139,Global South (G77/Developing)
diplomacy,IDN,0.28496432,0.4438549,0.7150356769561768,0.5561451017856598,-0.1588905751705169,Global South (G77/Developing)
diplomacy,BOL,0.30023593,0.4320724,0.69976407289505,0.5679275989532471,-0.1318364739418029,Global South (G77/Developing)
diplomacy,RUS,0.21048887,0.48153812,0.7895111292600632,0.5184618830680847,-0.2710492461919784,P5 (Major Powers)
diplomacy,MDG,0.3465613,0.35595682,0.6534386873245239,0.6440431773662567,-0.0093955099582672,Global South (G77/Developing)
diplomacy,TUN,0.35941416,0.33654785,0.6405858397483826,0.6634521484375,0.0228663086891174,Global South (G77/Developing)
diplomacy,NOR,0.2520773,0.4638767,0.7479226887226105,0.5361233055591583,-0.2117993831634521,Global North (Western/Allies)
diplomacy,ALB,0.22696848,0.3645569,0.7730315178632736,0.6354430913925171,-0.1375884264707565,Global South (G77/Developing)
diplomacy,IND,0.25408596,0.40505493,0.7459140419960022,0.5949450731277466,-0.1509689688682556,Global South (G77/Developing)
diplomacy,JOR,0.18012641,0.5008302,0.8198735862970352,0.4991698265075683,-0.3207037597894668,Global South (G77/Developing)
diplomacy,CHN,0.2966038,0.45849577,0.703396201133728,0.5415042340755463,-0.1618919670581817,P5 (Major Powers)
diplomacy,ECU,0.18744129,0.4560116,0.8125587105751038,0.5439884066581726,-0.2685703039169311,Global South (G77/Developing)
diplomacy,BGR,0.15229797,0.393661,0.8477020263671875,0.6063390076160431,-0.2413630187511444,Global North (Western/Allies)
diplomacy,GBR,0.41640586,0.34004584,0.5835941433906555,0.659954160451889,0.0763600170612335,P5 (Major Powers)
diplomacy,PHL,0.30233184,0.3122409,0.6976681649684906,0.6877591013908386,-0.0099090635776519,Global South (G77/Developing)
diplomacy,LKA,0.19539152,0.45685345,0.804608479142189,0.543146550655365,-0.261461928486824,Global South (G77/Developing)
diplomacy,POL,0.14355488,0.16909197,0.8564451187849045,0.8309080302715302,-0.0255370885133743,Global North (Western/Allies)
diplomacy,COG,0.263203,0.43986458,0.7367970049381256,0.5601354241371155,-0.1766615808010101,Global South (G77/Developing)
diplomacy,AUT,0.2742866,0.369902,0.7257134020328522,0.6300979852676392,-0.095615416765213,Global North (Western/Allies)
diplomacy,MEX,0.28150836,0.39915985,0.7184916436672211,0.600840151309967,-0.117651492357254,Global South (G77/Developing)
diplomacy,MYS,0.3779143,0.40195525,0.622085690498352,0.598044753074646,-0.024040937423706,Global South (G77/Developing)
diplomacy,CAF,0.27292305,0.41000414,0.7270769476890564,0.5899958610534668,-0.1370810866355896,Global South (G77/Developing)
diplomacy,VEN,0.22945058,0.5226083,0.7705494165420532,0.4773917198181152,-0.293157696723938,Global South (G77/Developing)
diplomacy,HUN,0.27078843,0.60992175,0.7292115688323975,0.3900782465934753,-0.3391333222389221,Global North (Western/Allies)
diplomacy,ISL,0.22291493,0.35862356,0.7770850658416748,0.6413764357566833,-0.1357086300849914,Global North (Western/Allies)
diplomacy,LUX,0.43757394,0.4852702,0.5624260604381561,0.5147297978401184,-0.0476962625980377,Global North (Western/Allies)
diplomacy,ZMB,0.17489839,0.44382632,0.8251016139984131,0.5561736822128296,-0.2689279317855835,Global South (G77/Developing)
diplomacy,URY,0.31167096,0.6683435,0.6883290410041809,0.3316565155982971,-0.3566725254058838,Global South (G77/Developing)
diplomacy,PAN,0.19815591,0.33506823,0.8018440902233124,0.6649317741394043,-0.136912316083908,Global South (G77/Developing)
diplomacy,TUR,0.075226724,0.43062437,0.9247732758522034,0.5693756341934204,-0.3553976416587829,Global South (G77/Developing)
diplomacy,BRA,0.3904776,0.4964214,0.6095224022865295,0.5035786032676697,-0.1059437990188598,Global South (G77/Developing)
diplomacy,ETH,0.27104115,0.35121915,0.7289588451385498,0.6487808525562286,-0.0801779925823211,Global South (G77/Developing)
diplomacy,DOM,0.32241818,0.0781672,0.6775818169116974,0.921832799911499,0.2442509829998016,Global South (G77/Developing)
diplomacy,NER,0.14316379,0.20852217,0.8568362146615982,0.7914778292179108,-0.0653583854436874,Global South (G77/Developing)
diplomacy,MUS,0.4609534,0.34526974,0.539046585559845,0.6547302603721619,0.1156836748123169,Global South (G77/Developing)
diplomacy,IRL,0.19412652,0.37413454,0.8058734834194183,0.6258654594421387,-0.1800080239772796,Global North (Western/Allies)
diplomacy,FRA,0.34874642,0.19055286,0.6512535810470581,0.8094471395015717,0.1581935584545135,P5 (Major Powers)
diplomacy,PAK,0.29705852,0.45761603,0.7029414772987366,0.5423839688301086,-0.1605575084686279,Global South (G77/Developing)
diplomacy,BEL,0.49183652,0.27628368,0.5081634819507599,0.7237163186073303,0.2155528366565704,Global North (Western/Allies)
diplomacy,GHA,0.6022238,0.28601825,0.397776186466217,0.7139817476272583,0.3162055611610412,Global South (G77/Developing)
diplomacy,BLR,0.17288974,0.2325237,0.8271102607250214,0.7674763053655624,-0.0596339553594589,Global North (Western/Allies)
diplomacy,GUY,0.37681514,0.543816,0.623184859752655,0.4561840295791626,-0.1670008301734924,Global South (G77/Developing)
diplomacy,JPN,0.27155614,0.30859262,0.7284438610076904,0.6914073824882507,-0.0370364785194397,Global North (Western/Allies)
diplomacy,RWA,0.3979458,0.3683308,0.6020542085170746,0.6316691935062408,0.0296149849891662,Global South (G77/Developing)
diplomacy,BHR,0.28583574,0.45497894,0.7141642570495605,0.5450210571289062,-0.1691431999206543,Global South (G77/Developing)
diplomacy,ARE,0.32145858,0.40022755,0.6785414218902588,0.5997724533081055,-0.0787689685821533,Global South (G77/Developing)
diplomacy,HND,0.12298741,0.18919367,0.877012588083744,0.8108063340187073,-0.0662062540650367,Global South (G77/Developing)
diplomacy,GMB,0.21905267,0.4773936,0.7809473276138306,0.5226064026355743,-0.2583409249782562,Global South (G77/Developing)
diplomacy,BTN,0.37032261,0.20107755,0.6296773850917816,0.7989224493503571,0.1692450642585754,Global South (G77/Developing)
diplomacy,SWZ,0.3769414,0.321362,0.6230585873126984,0.6786380112171173,0.0555794239044189,Global South (G77/Developing)
diplomacy,BRB,0.30050775,0.5248278,0.6994922459125519,0.475172221660614,-0.2243200242519378,Global South (G77/Developing)
diplomacy,DNK,0.27305353,0.22830857,0.7269464731216431,0.7716914266347885,0.0447449535131454,Global North (Western/Allies)
diplomacy,CRI,0.27690727,0.46783412,0.7230927348136902,0.5321658849716187,-0.1909268498420715,Global South (G77/Developing)
diplomacy,PRT,0.19442794,0.4432326,0.8055720627307892,0.5567674040794373,-0.2488046586513519,Global North (Western/Allies)
diplomacy,OMN,0.30134398,0.41249937,0.6986560225486755,0.5875006318092346,-0.1111553907394409,Global South (G77/Developing)
diplomacy,BHS,0.21990629,0.25428367,0.780093714594841,0.7457163333892822,-0.0343773812055587,Global South (G77/Developing)
diplomacy,LSO,0.43712813,0.33465606,0.5628718733787537,0.6653439402580261,0.1024720668792724,Global South (G77/Developing)
diplomacy,DEU,0.26510558,0.45391464,0.7348944246768951,0.5460853576660156,-0.1888090670108795,Global North (Western/Allies)
diplomacy,BGD,0.5389178,0.30840313,0.4610822200775146,0.6915968656539917,0.230514645576477,Global South (G77/Developing)
diplomacy,GRD,0.24669513,0.32322967,0.7533048689365387,0.6767703294754028,-0.0765345394611358,Global South (G77/Developing)
diplomacy,BWA,0.22139236,0.55197984,0.7786076366901398,0.4480201601982116,-0.3305874764919281,Global South (G77/Developing)
diplomacy,MOZ,0.43047705,0.3149684,0.5695229470729828,0.6850315928459167,0.1155086457729339,Global South (G77/Developing)
diplomacy,STP,0.3870154,0.34204286,0.6129845976829529,0.657957136631012,0.044972538948059,Global South (G77/Developing)
diplomacy,CPV,0.30308014,0.29580936,0.696919858455658,0.7041906416416168,0.0072707831859588,Global South (G77/Developing)
diplomacy,PNG,0.14237237,0.2868871,0.8576276302337646,0.7131128907203674,-0.1445147395133972,Global South (G77/Developing)
diplomacy,MDV,0.5419068,0.22061227,0.4580932259559631,0.7793877273797989,0.3212945014238357,Global South (G77/Developing)
diplomacy,GNB,0.13222761,0.5225375,0.8677723854780197,0.4774624705314636,-0.3903099149465561,Global South (G77/Developing)
diplomacy,WSM,0.38248292,0.29460156,0.6175170838832855,0.705398440361023,0.0878813564777374,Global South (G77/Developing)
diplomacy,DJI,0.3784663,0.10386248,0.6215336918830872,0.8961375206708908,0.2746038287878036,Global South (G77/Developing)
diplomacy,ZWE,0.22914273,0.39727312,0.7708572745323181,0.6027268767356873,-0.1681303977966308,Global South (G77/Developing)
diplomacy,VCT,0.1275725,0.43229806,0.8724274933338165,0.5677019357681274,-0.3047255575656891,Global South (G77/Developing)
diplomacy,BLZ,0.22630434,0.21990469,0.7736956626176834,0.7800953090190887,0.0063996464014053,Global South (G77/Developing)
diplomacy,VUT,0.37871465,0.47376227,0.6212853491306305,0.5262377262115479,-0.0950476229190826,Global South (G77/Developing)
diplomacy,SLB,0.19890168,0.35641626,0.8010983169078827,0.643583744764328,-0.1575145721435547,Global South (G77/Developing)
diplomacy,KNA,0.12682906,0.47525424,0.8731709420681,0.524745762348175,-0.3484251797199249,Global South (G77/Developing)
governance,TTO,0.16514422,0.5084069,0.834855780005455,0.4915931224822998,-0.3432626575231552,Global South (G77/Developing)
governance,MLT,0.50076824,0.39426404,0.49923175573349,0.6057359576225281,0.106504201889038,Global North (Western/Allies)
governance,IDN,0.2317338,0.57477325,0.7682662010192871,0.4252267479896545,-0.3430394530296325,Global South (G77/Developing)
governance,NOR,0.18101951,0.455751,0.818980485200882,0.5442489981651306,-0.2747314870357513,Global North (Western/Allies)
governance,IND,0.26951098,0.5671563,0.7304890155792236,0.4328436851501465,-0.2976453304290771,Global South (G77/Developing)
governance,MEX,0.27964443,0.44967812,0.7203555703163147,0.5503218770027161,-0.1700336933135986,Global South (G77/Developing)
governance,ISL,0.24988772,0.24534194,0.7501122802495956,0.7546580582857132,0.0045457780361175,Global North (Western/Allies)
governance,ZMB,0.36317477,0.4796642,0.6368252336978912,0.5203357934951782,-0.116489440202713,Global South (G77/Developing)
governance,MUS,0.26118135,0.48616102,0.7388186454772949,0.5138389766216278,-0.2249796688556671,Global South (G77/Developing)
governance,PAK,0.024909569,0.49967644,0.975090431049466,0.5003235638141632,-0.4747668672353029,Global South (G77/Developing)
governance,GUY,0.47660992,0.53727114,0.5233900845050812,0.4627288579940796,-0.0606612265110015,Global South (G77/Developing)
governance,BRB,0.38921753,0.54558784,0.6107824742794037,0.4544121623039245,-0.1563703119754791,Global South (G77/Developing)
governance,DNK,0.33984125,0.56243294,0.6601587533950806,0.4375670552253723,-0.2225916981697082,Global North (Western/Allies)
governance,GRD,0.31894562,0.48076546,0.6810543835163116,0.5192345380783081,-0.1618198454380035,Global South (G77/Developing)
governance,DMA,0.048809826,0.45643485,0.951190173625946,0.5435651540756226,-0.4076250195503235,Global South (G77/Developing)
governance,BLZ,-0.11364947,0.5016278,1.1136494725942612,0.4983721971511841,-0.6152772754430771,Global South (G77/Developing)
human_right,TTO,0.51557696,0.5432347,0.4844230413436889,0.4567652940750122,-0.0276577472686767,Global South (G77/Developing)
human_right,QAT,0.39044225,0.53494036,0.6095577478408813,0.4650596380233764,-0.1444981098175048,Global South (G77/Developing)
human_right,USA,0.5207105,0.49196166,0.4792894721031189,0.508038341999054,0.028748869895935,P5 (Major Powers)
human_right,GTM,0.48525867,0.46114844,0.5147413313388824,0.5388515591621399,0.0241102278232574,Global South (G77/Developing)
human_right,SDN,0.5081589,0.50373924,0.4918410778045654,0.4962607622146606,0.0044196844100952,Global South (G77/Developing)
human_right,MAR,0.43818194,0.4773277,0.5618180632591248,0.5226722955703735,-0.0391457676887512,Global South (G77/Developing)
human_right,CAN,0.5324154,0.58482695,0.4675846099853515,0.4151730537414551,-0.0524115562438964,Global North (Western/Allies)
human_right,ESP,0.43421406,0.5202641,0.5657859444618225,0.4797359108924866,-0.0860500335693359,Global North (Western/Allies)
human_right,MRT,0.35522237,0.48811138,0.6447776257991791,0.5118886232376099,-0.1328890025615692,Global South (G77/Developing)
human_right,HTI,0.39571652,0.4694225,0.604283481836319,0.5305775105953217,-0.0737059712409973,Global South (G77/Developing)
human_right,MLT,0.46537513,0.51108706,0.5346248745918274,0.4889129400253296,-0.0457119345664978,Global North (Western/Allies)
human_right,IRQ,0.45686215,0.48049012,0.5431378483772278,0.519509881734848,-0.0236279666423797,Global South (G77/Developing)
human_right,JAM,0.55460495,0.49139923,0.4453950524330139,0.5086007714271545,0.0632057189941406,Global South (G77/Developing)
human_right,YEM,0.3966632,0.465492,0.6033368110656738,0.5345079898834229,-0.0688288211822509,Global South (G77/Developing)
human_right,SOM,0.4102425,0.45086867,0.58975750207901,0.5491313338279724,-0.0406261682510376,Global South (G77/Developing)
human_right,NGA,0.46267444,0.5650712,0.5373255610466003,0.4349287748336792,-0.1023967862129211,Global South (G77/Developing)
human_right,SEN,0.49135098,0.52998364,0.5086490213871002,0.4700163602828979,-0.0386326611042022,Global South (G77/Developing)
human_right,IRN,0.5091603,0.5014183,0.4908397197723388,0.4985817074775696,0.0077419877052307,Global South (G77/Developing)
human_right,KWT,0.52151114,0.47666514,0.4784888625144958,0.5233348608016968,0.0448459982872009,Global South (G77/Developing)
human_right,LBR,0.45873183,0.50418854,0.5412681698799133,0.4958114624023437,-0.0454567074775695,Global South (G77/Developing)
human_right,CMR,0.3979402,0.49753898,0.6020598113536835,0.5024610161781311,-0.0995987951755523,Global South (G77/Developing)
human_right,NPL,0.5444135,0.5859771,0.4555864930152893,0.4140229225158691,-0.0415635704994201,Global South (G77/Developing)
human_right,LAO,0.41817448,0.4787593,0.5818255245685577,0.5212407112121582,-0.0605848133563995,Global South (G77/Developing)
human_right,UKR,0.5095356,0.53013027,0.4904643893241882,0.4698697328567505,-0.0205946564674377,Global North (Western/Allies)
human_right,ROU,0.45119673,0.5292699,0.5488032698631287,0.4707301259040832,-0.0780731439590454,Global North (Western/Allies)
human_right,BEN,0.5781769,0.48618558,0.4218230843544006,0.5138144195079803,0.0919913351535797,Global South (G77/Developing)
human_right,GAB,0.46863106,0.406611,0.5313689410686493,0.5933890044689178,0.0620200634002685,Global South (G77/Developing)
human_right,PRY,0.39627898,0.48993957,0.603721022605896,0.5100604295730591,-0.0936605930328369,Global South (G77/Developing)
human_right,THA,0.51188684,0.5012636,0.4881131649017334,0.4987363815307617,0.0106232166290283,Global South (G77/Developing)
human_right,MMR,0.4749862,0.57142854,0.52501380443573,0.4285714626312256,-0.0964423418045044,Global South (G77/Developing)
human_right,TGO,0.52573454,0.40805802,0.474265456199646,0.5919419825077057,0.1176765263080596,Global South (G77/Developing)
human_right,AUS,0.48775446,0.5146344,0.5122455358505249,0.485365629196167,-0.0268799066543579,Global North (Western/Allies)
human_right,NLD,0.5570699,0.55149156,0.4429301023483276,0.4485084414482116,0.005578339099884,Global North (Western/Allies)
human_right,LBN,0.48014686,0.43170846,0.5198531448841095,0.5682915449142456,0.0484384000301361,Global South (G77/Developing)
human_right,SLE,0.5283648,0.523363,0.4716352224349975,0.4766370058059692,0.0050017833709716,Global South (G77/Developing)
human_right,EGY,0.42544702,0.49681687,0.574552983045578,0.503183126449585,-0.071369856595993,Global South (G77/Developing)
human_right,NZL,0.5399692,0.53632593,0.4600307941436767,0.4636740684509277,0.0036432743072509,Global North (Western/Allies)
human_right,UGA,0.51012427,0.6388077,0.4898757338523865,0.3611922860145569,-0.1286834478378296,Global South (G77/Developing)
human_right,CSK,0.5182409,0.22158714,0.4817590713500976,0.778412863612175,0.2966537922620773,Global South (G77/Developing)
human_right,TZA,0.35429257,0.5516075,0.6457074284553528,0.4483925104141235,-0.1973149180412292,Global South (G77/Developing)
human_right,FJI,0.56521815,0.5524689,0.4347818493843078,0.4475311040878296,0.0127492547035217,Global South (G77/Developing)
human_right,NIC,0.46292245,0.45210117,0.5370775461196899,0.5478988289833069,0.0108212828636169,Global South (G77/Developing)
human_right,ITA,0.4603389,0.53479993,0.5396611094474792,0.4652000665664673,-0.0744610428810119,Global North (Western/Allies)
human_right,TCD,0.48394018,0.47545713,0.5160598158836365,0.5245428681373596,0.0084830522537231,Global South (G77/Developing)
human_right,PER,0.4171796,0.5096086,0.5828203856945038,0.4903913736343384,-0.0924290120601654,Global South (G77/Developing)
human_right,COL,0.46008682,0.4157691,0.5399131774902344,0.584230899810791,0.0443177223205566,Global South (G77/Developing)
human_right,CHL,0.44444412,0.48441902,0.5555558800697327,0.5155809819698334,-0.0399748980998992,Global South (G77/Developing)
human_right,SLV,0.44888985,0.4584232,0.5511101484298706,0.5415768027305603,-0.0095333456993103,Global South (G77/Developing)
human_right,FIN,0.5061491,0.562044,0.4938508868217468,0.4379559755325317,-0.055894911289215,Global North (Western/Allies)
human_right,SAU,0.29365733,0.38508213,0.7063426673412323,0.6149178743362427,-0.0914247930049896,Global South (G77/Developing)
human_right,SGP,0.26972872,0.4633739,0.7302712798118591,0.5366261005401611,-0.193645179271698,Global South (G77/Developing)
human_right,CIV,0.49787366,0.45666564,0.5021263360977173,0.5433343648910522,0.0412080287933349,Global South (G77/Developing)
human_right,CUB,0.45648682,0.4482067,0.5435131788253784,0.5517933070659637,0.0082801282405853,Global South (G77/Developing)
human_right,ISR,0.4240157,0.38966465,0.5759842991828918,0.6103353500366211,0.0343510508537292,Global North (Western/Allies)
human_right,KHM,0.29511148,0.5026405,0.7048885226249695,0.4973595142364502,-0.2075290083885193,Global South (G77/Developing)
human_right,KEN,0.4476936,0.5440383,0.5523064136505127,0.4559617042541504,-0.0963447093963623,Global South (G77/Developing)
human_right,GIN,0.49339753,0.47689685,0.5066024661064148,0.5231031477451324,0.0165006816387176,Global South (G77/Developing)
human_right,IDN,0.49988252,0.4452642,0.5001174807548523,0.5547358095645905,0.0546183288097381,Global South (G77/Developing)
human_right,BOL,0.42639536,0.47844273,0.5736046433448792,0.5215572714805603,-0.0520473718643188,Global South (G77/Developing)
human_right,SYR,0.42480877,0.568941,0.5751912295818329,0.4310590028762817,-0.1441322267055511,Global South (G77/Developing)
human_right,RUS,0.5317298,0.49663946,0.4682701826095581,0.5033605396747589,0.0350903570652008,P5 (Major Powers)
human_right,MDG,0.38988736,0.538553,0.6101126372814178,0.46144700050354,-0.1486656367778778,Global South (G77/Developing)
human_right,TUN,0.3961429,0.491673,0.6038571000099182,0.5083270072937012,-0.095530092716217,Global South (G77/Developing)
human_right,NOR,0.5475015,0.55418074,0.4524984955787658,0.4458192586898803,-0.0066792368888854,Global North (Western/Allies)
human_right,ALB,0.34172353,0.46337137,0.6582764685153961,0.5366286337375641,-0.121647834777832,Global South (G77/Developing)
human_right,IND,0.53651583,0.5534564,0.4634841680526733,0.4465435743331909,-0.0169405937194824,Global South (G77/Developing)
human_right,ARG,0.4876887,0.5337506,0.5123113095760345,0.466249406337738,-0.0460619032382965,Global South (G77/Developing)
human_right,JOR,0.3385676,0.5096159,0.6614323854446411,0.4903841018676758,-0.1710482835769653,Global South (G77/Developing)
human_right,SWE,0.5252751,0.55223775,0.4747248888015747,0.4477622509002685,-0.0269626379013061,Global North (Western/Allies)
human_right,CHN,0.54161596,0.5237142,0.4583840370178222,0.4762858152389526,0.0179017782211303,P5 (Major Powers)
human_right,BFA,0.46895862,0.5617087,0.5310413837432861,0.4382913112640381,-0.092750072479248,Global South (G77/Developing)
human_right,ECU,0.40065232,0.46985734,0.5993476808071136,0.5301426649093628,-0.0692050158977508,Global South (G77/Developing)
human_right,BGR,0.43510443,0.50967133,0.5648955702781677,0.4903286695480346,-0.074566900730133,Global North (Western/Allies)
human_right,GBR,0.5518429,0.47977322,0.4481570720672607,0.520226776599884,0.0720697045326232,P5 (Major Powers)
human_right,PHL,0.5180111,0.5899858,0.4819889068603515,0.4100142121315002,-0.0719746947288513,Global South (G77/Developing)
human_right,LKA,0.5081401,0.5684843,0.4918599128723144,0.4315156936645508,-0.0603442192077636,Global South (G77/Developing)
human_right,POL,0.41129506,0.5362345,0.5887049436569214,0.4637655019760132,-0.1249394416809082,Global North (Western/Allies)
human_right,DZA,0.27819872,0.539817,0.7218012809753418,0.4601830244064331,-0.2616182565689087,Global South (G77/Developing)
human_right,CYP,0.5037333,0.4899061,0.4962667226791382,0.5100938975811005,0.0138271749019622,Global North (Western/Allies)
human_right,COG,0.4612872,0.518798,0.5387127995491028,0.4812020063400268,-0.0575107932090759,Global South (G77/Developing)
human_right,AUT,0.5762768,0.57635003,0.4237232208251953,0.4236499667167663,-7.325410842895508e-05,Global North (Western/Allies)
human_right,MEX,0.42549115,0.522118,0.5745088458061218,0.4778820276260376,-0.0966268181800842,Global South (G77/Developing)
human_right,MYS,0.4386382,0.6432215,0.5613617897033691,0.3567785024642944,-0.2045832872390747,Global South (G77/Developing)
human_right,CAF,0.51945305,0.49758115,0.4805469512939453,0.5024188458919525,0.0218718945980072,Global South (G77/Developing)
human_right,VEN,0.42124763,0.4410708,0.5787523686885834,0.5589292049407959,-0.0198231637477874,Global South (G77/Developing)
human_right,HUN,0.4744538,0.57278895,0.5255461931228638,0.427211046218872,-0.0983351469039917,Global North (Western/Allies)
human_right,YUG,0.44066125,0.36731273,0.5593387484550476,0.6326872706413269,0.0733485221862793,Global South (G77/Developing)
human_right,ISL,0.53327614,0.5807179,0.4667238593101501,0.4192820787429809,-0.0474417805671691,Global North (Western/Allies)
human_right,GRC,0.47937602,0.5703583,0.5206239819526672,0.4296417236328125,-0.0909822583198547,Global North (Western/Allies)
human_right,COD,0.50556576,0.4805777,0.4944342374801636,0.5194222927093506,0.024988055229187,Global South (G77/Developing)
human_right,LUX,0.4801029,0.552201,0.5198971033096313,0.4477990269660949,-0.0720980763435363,Global North (Western/Allies)
human_right,ZMB,0.353315,0.5102088,0.646685004234314,0.4897912144660949,-0.156893789768219,Global South (G77/Developing)
human_right,URY,0.47378784,0.5138376,0.5262121558189392,0.4861624240875244,-0.0400497317314147,Global South (G77/Developing)
human_right,PAN,0.49687827,0.49845028,0.5031217336654663,0.5015497207641602,-0.0015720129013061,Global South (G77/Developing)
human_right,AFG,0.48819917,0.5599054,0.5118008255958557,0.4400945901870727,-0.0717062354087829,Global South (G77/Developing)
human_right,TUR,0.52208006,0.52442443,0.4779199361801147,0.4755755662918091,-0.0023443698883056,Global South (G77/Developing)
human_right,LBY,0.5923789,0.5141244,0.4076210856437683,0.4858756065368652,0.0782545208930969,Global South (G77/Developing)
human_right,BRA,0.4325661,0.5196081,0.5674338936805725,0.4803919196128845,-0.0870419740676879,Global South (G77/Developing)
human_right,ETH,0.509486,0.48391002,0.4905139803886413,0.5160899758338928,0.0255759954452514,Global South (G77/Developing)
human_right,DOM,0.50393164,0.470066,0.4960683584213257,0.5299339890480042,0.0338656306266784,Global South (G77/Developing)
human_right,MNG,0.44869792,0.57734394,0.5513020753860474,0.4226560592651367,-0.1286460161209106,Global South (G77/Developing)
human_right,BDI,0.5054512,0.52979594,0.4945487976074219,0.4702040553092956,-0.0243447422981262,Global South (G77/Developing)
human_right,NER,0.4521155,0.50290775,0.5478844940662384,0.4970922470092773,-0.050792247056961,Global South (G77/Developing)
human_right,MUS,0.4271751,0.57534695,0.5728248953819275,0.4246530532836914,-0.148171842098236,Global South (G77/Developing)
human_right,IRL,0.4798665,0.5586572,0.5201334953308105,0.4413427710533142,-0.0787907242774963,Global North (Western/Allies)
human_right,FRA,0.5053828,0.5502688,0.494617223739624,0.449731171131134,-0.0448860526084899,P5 (Major Powers)
human_right,PAK,0.42647526,0.46496245,0.5735247433185577,0.5350375473499298,-0.0384871959686279,Global South (G77/Developing)
human_right,MLI,0.4612794,0.46779537,0.5387206077575684,0.5322046279907227,-0.0065159797668457,Global South (G77/Developing)
human_right,BEL,0.4874594,0.5700826,0.5125406086444855,0.4299173951148987,-0.0826232135295867,Global North (Western/Allies)
human_right,GHA,0.47072843,0.4895222,0.5292715728282928,0.5104778110980988,-0.018793761730194,Global South (G77/Developing)
human_right,BLR,0.47357497,0.55055785,0.5264250338077545,0.4494421482086181,-0.0769828855991363,Global North (Western/Allies)
human_right,GUY,0.45282915,0.56854874,0.5471708476543427,0.4314512610435486,-0.115719586610794,Global South (G77/Developing)
human_right,JPN,0.3333388,0.4971637,0.6666612029075623,0.502836287021637,-0.1638249158859253,Global North (Western/Allies)
human_right,RWA,0.45463157,0.4451483,0.5453684329986572,0.5548517107963562,0.0094832777976989,Global South (G77/Developing)
human_right,MWI,0.33943573,0.54476166,0.6605642735958099,0.4552383422851562,-0.2053259313106537,Global South (G77/Developing)
human_right,BHR,0.47942305,0.4947345,0.5205769538879395,0.5052655041217804,-0.015311449766159,Global South (G77/Developing)
human_right,ARE,0.41596216,0.40749523,0.5840378403663635,0.5925047695636749,0.0084669291973114,Global South (G77/Developing)
human_right,HND,0.4940691,0.5399026,0.5059309005737305,0.4600973725318908,-0.0458335280418396,Global South (G77/Developing)
human_right,GMB,0.51176536,0.5460716,0.4882346391677856,0.4539284110069275,-0.0343062281608581,Global South (G77/Developing)
human_right,BTN,0.38385862,0.46777648,0.6161413788795471,0.5322235226631165,-0.0839178562164306,Global South (G77/Developing)
human_right,SWZ,0.49729106,0.45307097,0.5027089416980743,0.5469290316104889,0.0442200899124145,Global South (G77/Developing)
human_right,BRB,0.50191957,0.55020237,0.4980804324150085,0.4497976303100586,-0.0482828021049499,Global South (G77/Developing)
human_right,DNK,0.5136263,0.5700849,0.4863737225532532,0.4299150705337524,-0.0564586520195007,Global North (Western/Allies)
human_right,CRI,0.49234253,0.53465194,0.5076574683189392,0.4653480648994446,-0.0423094034194946,Global South (G77/Developing)
human_right,PRT,0.47457284,0.49144495,0.5254271626472473,0.5085550546646118,-0.0168721079826354,Global North (Western/Allies)
human_right,OMN,0.29513445,0.41622776,0.7048655450344086,0.5837722420692444,-0.1210933029651641,Global South (G77/Developing)
human_right,BHS,0.52780527,0.552268,0.4721947312355041,0.4477319717407226,-0.0244627594947814,Global South (G77/Developing)
human_right,LSO,0.49984944,0.53059745,0.5001505613327026,0.469402551651001,-0.0307480096817016,Global South (G77/Developing)
human_right,DEU,0.6161436,0.5617295,0.3838564157485962,0.4382705092430115,0.0544140934944152,Global North (Western/Allies)
human_right,BGD,0.52179885,0.54351205,0.478201150894165,0.4564879536628723,-0.0217131972312927,Global South (G77/Developing)
human_right,GNQ,0.39248306,0.50643384,0.6075169444084167,0.4935661554336548,-0.1139507889747619,Global South (G77/Developing)
human_right,GRD,0.55743814,0.56153286,0.4425618648529053,0.4384671449661255,-0.0040947198867797,Global South (G77/Developing)
human_right,BWA,0.39493367,0.5660682,0.605066329240799,0.433931827545166,-0.1711345016956329,Global South (G77/Developing)
human_right,MOZ,0.32718176,0.5095593,0.6728182435035706,0.4904407262802124,-0.1823775172233581,Global South (G77/Developing)
human_right,STP,0.40732193,0.41163364,0.5926780700683594,0.5883663594722748,-0.0043117105960845,Global South (G77/Developing)
human_right,CPV,0.51143426,0.49293667,0.4885657429695129,0.5070633292198181,0.0184975862503051,Global South (G77/Developing)
human_right,PNG,0.506008,0.52241987,0.4939919710159302,0.4775801301002502,-0.0164118409156799,Global South (G77/Developing)
human_right,MDV,0.24502209,0.52333504,0.7549779117107391,0.4766649603843689,-0.2783129513263702,Global South (G77/Developing)
human_right,GNB,0.45834675,0.461801,0.5416532456874847,0.5381990075111389,-0.0034542381763458,Global South (G77/Developing)
human_right,SUR,0.4359936,0.5108255,0.5640063881874084,0.489174485206604,-0.0748319029808044,Global South (G77/Developing)
human_right,COM,0.36126572,0.45964175,0.6387342810630798,0.5403582453727722,-0.0983760356903076,Global South (G77/Developing)
human_right,WSM,0.61038935,0.43723702,0.3896106481552124,0.562762975692749,0.1731523275375366,Global South (G77/Developing)
human_right,SYC,0.15230714,0.4247924,0.8476928621530533,0.5752075910568237,-0.2724852710962295,Global South (G77/Developing)
human_right,AGO,0.45334908,0.45122707,0.5466509163379669,0.548772931098938,0.002122014760971,Global South (G77/Developing)
human_right,VNM,0.32946706,0.50662297,0.6705329418182373,0.4933770298957824,-0.1771559119224548,Global South (G77/Developing)
human_right,VAT,0.5045441,0.5511345,0.4954559206962585,0.4488654732704162,-0.0465904474258422,Global South (G77/Developing)
human_right,DMA,0.552397,0.5198051,0.4476029872894287,0.4801949262619018,0.0325919389724731,Global South (G77/Developing)
human_right,DJI,0.48811632,0.41948158,0.5118836760520935,0.5805184245109558,0.0686347484588623,Global South (G77/Developing)
human_right,LCA,0.45236716,0.50253654,0.5476328432559967,0.4974634647369385,-0.0501693785190582,Global South (G77/Developing)
human_right,ZWE,0.33502445,0.48354784,0.6649755537509918,0.5164521634578705,-0.1485233902931213,Global South (G77/Developing)
human_right,VCT,0.44305974,0.50884384,0.5569402575492859,0.4911561608314514,-0.0657840967178344,Global South (G77/Developing)
human_right,ATG,0.7784383,0.47770795,0.2215616703033447,0.5222920477390289,0.3007303774356842,Global South (G77/Developing)
human_right,BLZ,0.47830802,0.5666715,0.5216919779777527,0.4333285093307495,-0.0883634686470031,Global South (G77/Developing)
human_right,VUT,0.32634032,0.48372942,0.6736596822738647,0.5162705779075623,-0.1573891043663025,Global South (G77/Developing)
human_right,SLB,0.4108613,0.5712852,0.5891386866569519,0.4287148118019104,-0.1604238748550415,Global South (G77/Developing)
human_right,BRN,0.2927472,0.39640543,0.7072528004646301,0.603594571352005,-0.1036582291126251,Global South (G77/Developing)
human_right,KNA,0.3965939,0.49760038,0.6034061014652252,0.5023996233940125,-0.1010064780712127,Global South (G77/Developing)
human_right,NAM,0.32567525,0.5252901,0.6743247509002686,0.4747099280357361,-0.1996148228645324,Global South (G77/Developing)
human_right,LIE,0.42378044,0.53525263,0.5762195587158203,0.4647473692893982,-0.1114721894264221,Global South (G77/Developing)
human_right,FSM,0.2766226,0.47495857,0.7233774065971375,0.5250414311885834,-0.198335975408554,Global South (G77/Developing)
human_right,EST,0.35941055,0.65122616,0.6405894458293915,0.3487738370895386,-0.2918156087398529,Global North (Western/Allies)
human_right,LTU,0.17128107,0.5834776,0.8287189304828644,0.4165223836898803,-0.412196546792984,Global North (Western/Allies)
human_right,LVA,0.37469065,0.57041186,0.6253093481063843,0.4295881390571594,-0.1957212090492248,Global North (Western/Allies)
human_right,MHL,-0.03580694,0.45025143,1.0358069390058515,0.549748569726944,-0.4860583692789078,Global South (G77/Developing)
democracy,TTO,0.43694744,0.42582947,0.5630525648593903,0.5741705298423767,0.0111179649829864,Global South (G77/Developing)
democracy,QAT,0.15983185,0.4766616,0.8401681482791901,0.5233384072780609,-0.3168297410011291,Global South (G77/Developing)
democracy,USA,0.61982614,0.5204707,0.3801738619804382,0.479529321193695,0.0993554592132568,P5 (Major Powers)
democracy,GTM,0.49410048,0.5058403,0.5058995187282562,0.4941596984863281,-0.0117398202419281,Global South (G77/Developing)
democracy,SDN,0.48106572,0.39190573,0.5189342796802521,0.6080942749977112,0.0891599953174591,Global South (G77/Developing)
democracy,MAR,0.48023525,0.44200897,0.5197647511959076,0.5579910278320312,0.0382262766361236,Global South (G77/Developing)
democracy,CAN,0.52825356,0.52297187,0.4717464447021484,0.4770281314849853,0.0052816867828369,Global North (Western/Allies)
democracy,ESP,0.59069175,0.5665044,0.4093082547187805,0.4334955811500549,0.0241873264312744,Global North (Western/Allies)
democracy,MRT,0.47017753,0.49308586,0.5298224687576294,0.5069141387939453,-0.022908329963684,Global South (G77/Developing)
democracy,HTI,0.5688298,0.55124027,0.4311702251434326,0.4487597346305847,0.0175895094871521,Global South (G77/Developing)
democracy,MLT,0.40141806,0.5838216,0.5985819399356842,0.4161784052848816,-0.1824035346508026,Global North (Western/Allies)
democracy,IRQ,0.30433074,0.5135542,0.6956692636013031,0.4864457845687866,-0.2092234790325164,Global South (G77/Developing)
democracy,JAM,0.3897405,0.49574426,0.6102595031261444,0.5042557418346405,-0.1060037612915039,Global South (G77/Developing)
democracy,YEM,0.5503823,0.4972263,0.4496176838874817,0.5027737021446228,0.0531560182571411,Global South (G77/Developing)
democracy,NGA,0.46727178,0.5166088,0.5327282249927521,0.4833912253379822,-0.0493369996547699,Global South (G77/Developing)
democracy,SEN,0.5543532,0.48283026,0.4456468224525451,0.5171697437763214,0.0715229213237762,Global South (G77/Developing)
democracy,IRN,0.58851206,0.5040976,0.4114879369735718,0.495902419090271,0.0844144821166992,Global South (G77/Developing)
democracy,KWT,0.55277884,0.34272817,0.4472211599349975,0.6572718322277069,0.2100506722927093,Global South (G77/Developing)
democracy,LBR,0.5219652,0.5341822,0.4780347943305969,0.4658178091049194,-0.0122169852256774,Global South (G77/Developing)
democracy,CMR,0.5926488,0.52319646,0.4073511958122253,0.4768035411834717,0.0694523453712463,Global South (G77/Developing)
democracy,NPL,0.5151992,0.5147611,0.4848008155822754,0.4852389097213745,0.0004380941390991,Global South (G77/Developing)
democracy,LAO,0.52551496,0.4326376,0.4744850397109985,0.5673623979091644,0.0928773581981659,Global South (G77/Developing)
democracy,UKR,0.53272164,0.4774215,0.4672783613204956,0.5225785076618195,0.0553001463413238,Global North (Western/Allies)
democracy,ROU,0.5319468,0.5299037,0.4680532217025757,0.4700962901115417,0.002043068408966,Global North (Western/Allies)
democracy,BEN,0.51153094,0.4610437,0.4884690642356872,0.5389563143253326,0.0504872500896453,Global South (G77/Developing)
democracy,GAB,0.44760484,0.4852255,0.5523951649665833,0.5147745013237,-0.0376206636428833,Global South (G77/Developing)
democracy,PRY,0.57691175,0.5857887,0.4230882525444031,0.4142112731933594,-0.0088769793510437,Global South (G77/Developing)
democracy,THA,0.5275545,0.5278443,0.4724454879760742,0.4721556901931762,-0.0002897977828979,Global South (G77/Developing)
democracy,MMR,0.39783555,0.410114,0.6021644473075867,0.5898860096931458,-0.0122784376144409,Global South (G77/Developing)
democracy,TGO,0.56471264,0.49680153,0.4352873563766479,0.5031984746456146,0.0679111182689666,Global South (G77/Developing)
democracy,AUS,0.5799643,0.38567814,0.420035719871521,0.6143218576908112,0.1942861378192901,Global North (Western/Allies)
democracy,NLD,0.6089418,0.6088375,0.3910582065582275,0.3911625146865845,0.0001043081283569,Global North (Western/Allies)
democracy,LBN,0.45320183,0.5338491,0.5467981696128845,0.4661508798599243,-0.0806472897529602,Global South (G77/Developing)
democracy,SLE,0.218651,0.45012248,0.7813490033149719,0.5498775243759155,-0.2314714789390564,Global South (G77/Developing)
democracy,EGY,0.4368548,0.4922064,0.5631451904773712,0.5077936053276062,-0.055351585149765,Global South (G77/Developing)
democracy,NZL,0.31107816,0.36137015,0.6889218389987946,0.6386298537254333,-0.0502919852733612,Global North (Western/Allies)
democracy,UGA,0.43389866,0.4587072,0.5661013424396515,0.5412927865982056,-0.0248085558414459,Global South (G77/Developing)
democracy,CSK,0.53380597,0.3754999,0.4661940336227417,0.6245000958442688,0.1583060622215271,Global South (G77/Developing)
democracy,TZA,0.3805863,0.5182725,0.6194137036800385,0.4817274808883667,-0.1376862227916717,Global South (G77/Developing)
democracy,FJI,0.32938808,0.5812645,0.6706119179725647,0.4187355041503906,-0.2518764138221741,Global South (G77/Developing)
democracy,NIC,0.604331,0.5421745,0.3956689834594726,0.4578254818916321,0.0621564984321594,Global South (G77/Developing)
democracy,ITA,0.50448906,0.52989364,0.4955109357833862,0.4701063632965088,-0.0254045724868774,Global North (Western/Allies)
democracy,TCD,0.41052347,0.5105853,0.5894765257835388,0.4894146919250488,-0.1000618338584899,Global South (G77/Developing)
democracy,PER,0.50570476,0.5726384,0.4942952394485473,0.4273616075515747,-0.0669336318969726,Global South (G77/Developing)
democracy,COL,0.62802035,0.53774333,0.3719796538352966,0.4622566699981689,0.0902770161628723,Global South (G77/Developing)
democracy,CHL,0.5614447,0.54971445,0.4385553002357483,0.4502855539321899,0.0117302536964416,Global South (G77/Developing)
democracy,SLV,0.53094095,0.4554721,0.4690590500831604,0.5445278882980347,0.0754688382148742,Global South (G77/Developing)
democracy,FIN,0.41618866,0.41520065,0.583811342716217,0.5847993493080139,0.0009880065917968,Global North (Western/Allies)
democracy,SGP,0.41633135,0.30669153,0.5836686491966248,0.6933084726333618,0.109639823436737,Global South (G77/Developing)
democracy,CIV,0.3883086,0.4767629,0.6116913855075836,0.5232371091842651,-0.0884542763233184,Global South (G77/Developing)
democracy,CUB,0.5083437,0.46962252,0.4916563034057617,0.5303774774074554,0.0387211740016937,Global South (G77/Developing)
democracy,ISR,0.52104735,0.5024557,0.4789526462554931,0.4975442886352539,0.0185916423797607,Global North (Western/Allies)
democracy,KHM,0.5824016,0.42566872,0.4175984263420105,0.5743312835693359,0.1567328572273254,Global South (G77/Developing)
democracy,KEN,0.60568786,0.47403222,0.3943121433258056,0.5259677767753601,0.1316556334495544,Global South (G77/Developing)
democracy,GIN,0.53735054,0.4286831,0.4626494646072387,0.5713168978691101,0.1086674332618713,Global South (G77/Developing)
democracy,IDN,0.34459573,0.62709165,0.655404269695282,0.372908353805542,-0.28249591588974,Global South (G77/Developing)
democracy,BOL,0.5932817,0.58740723,0.4067183136940002,0.4125927686691284,0.0058744549751281,Global South (G77/Developing)
democracy,RUS,0.4744851,0.4382117,0.5255149006843567,0.5617882907390594,0.0362733900547027,P5 (Major Powers)
democracy,MDG,0.36246094,0.5130253,0.6375390589237213,0.4869747161865234,-0.1505643427371978,Global South (G77/Developing)
democracy,TUN,0.5675047,0.5083048,0.4324952960014343,0.4916952252388,0.0591999292373657,Global South (G77/Developing)
democracy,NOR,0.37990397,0.44982284,0.6200960278511047,0.5501771569252014,-0.0699188709259033,Global North (Western/Allies)
democracy,ALB,0.5358817,0.4990625,0.4641183018684387,0.5009374916553497,0.036819189786911,Global South (G77/Developing)
democracy,IND,0.497566,0.5855628,0.5024339854717255,0.4144371747970581,-0.0879968106746673,Global South (G77/Developing)
democracy,ARG,0.44317943,0.48423955,0.5568205714225769,0.5157604515552521,-0.0410601198673248,Global South (G77/Developing)
democracy,JOR,0.47319213,0.44773126,0.5268078744411469,0.5522687435150146,0.0254608690738677,Global South (G77/Developing)
democracy,SWE,0.5279772,0.49689755,0.4720227718353271,0.5031024515628815,0.0310796797275543,Global North (Western/Allies)
democracy,CHN,0.45796922,0.4214598,0.5420307815074921,0.5785402059555054,0.0365094244480133,P5 (Major Powers)
democracy,BFA,0.6169578,0.56747115,0.3830422163009643,0.4325288534164428,0.0494866371154785,Global South (G77/Developing)
democracy,ECU,0.5347582,0.49919996,0.46524178981781,0.5008000433444977,0.0355582535266876,Global South (G77/Developing)
democracy,BGR,0.59470326,0.4986184,0.4052967429161072,0.5013816058635712,0.0960848629474639,Global North (Western/Allies)
democracy,GBR,0.4111914,0.5745433,0.5888085961341858,0.425456702709198,-0.1633518934249878,P5 (Major Powers)
democracy,PHL,0.54277736,0.6249929,0.4572226405143738,0.3750070929527282,-0.0822155475616455,Global South (G77/Developing)
democracy,LKA,0.41562116,0.5358386,0.5843788385391235,0.4641613960266113,-0.1202174425125122,Global South (G77/Developing)
democracy,POL,0.4909498,0.5604427,0.509050190448761,0.4395573139190674,-0.0694928765296936,Global North (Western/Allies)
democracy,DZA,0.29743797,0.47316456,0.7025620341300964,0.5268354415893555,-0.1757265925407409,Global South (G77/Developing)
democracy,CYP,0.45355293,0.47759354,0.5464470684528351,0.5224064588546753,-0.0240406095981597,Global North (Western/Allies)
democracy,COG,0.55913043,0.53741735,0.4408695697784424,0.4625826478004455,0.0217130780220031,Global South (G77/Developing)
democracy,AUT,0.53159165,0.46427572,0.4684083461761474,0.5357242822647095,0.067315936088562,Global North (Western/Allies)
democracy,MEX,0.5365704,0.5043558,0.4634295701980591,0.495644211769104,0.0322146415710449,Global South (G77/Developing)
democracy,MYS,0.6014341,0.64049894,0.3985658884048462,0.3595010638236999,-0.0390648245811462,Global South (G77/Developing)
democracy,CAF,0.49516615,0.4965118,0.504833847284317,0.5034882128238678,-0.0013456344604492,Global South (G77/Developing)
democracy,VEN,0.5223258,0.60893387,0.4776741862297058,0.3910661339759826,-0.0866080522537231,Global South (G77/Developing)
democracy,HUN,0.5170154,0.51272255,0.4829846024513244,0.4872774481773376,0.0042928457260131,Global North (Western/Allies)
democracy,YUG,0.52430665,0.43921706,0.4756933450698852,0.5607829391956329,0.0850895941257476,Global South (G77/Developing)
democracy,ISL,0.55433124,0.59912425,0.4456687569618225,0.4008757472038269,-0.0447930097579956,Global North (Western/Allies)
democracy,GRC,0.61079156,0.5426111,0.389208436012268,0.4573888778686523,0.0681804418563842,Global North (Western/Allies)
democracy,COD,0.5283116,0.41652414,0.4716883897781372,0.5834758579730988,0.1117874681949615,Global South (G77/Developing)
democracy,LUX,0.54214036,0.49781632,0.4578596353530884,0.5021836757659912,0.0443240404129028,Global North (Western/Allies)
democracy,ZMB,0.3972515,0.53844416,0.6027485132217407,0.4615558385848999,-0.1411926746368408,Global South (G77/Developing)
democracy,URY,0.582816,0.5861388,0.4171839952468872,0.4138612151145935,-0.0033227801322937,Global South (G77/Developing)
democracy,PAN,0.60559183,0.47959054,0.3944081664085388,0.5204094648361206,0.1260012984275818,Global South (G77/Developing)
democracy,AFG,0.42027098,0.563339,0.5797290205955505,0.4366610050201416,-0.1430680155754089,Global South (G77/Developing)
democracy,TUR,0.5971986,0.5236334,0.4028013944625854,0.4763665795326233,0.0735651850700378,Global South (G77/Developing)
democracy,LBY,0.3693359,0.5228806,0.6306641101837158,0.4771193861961365,-0.1535447239875793,Global South (G77/Developing)
democracy,BRA,0.61028874,0.52757347,0.3897112607955932,0.4724265336990356,0.0827152729034423,Global South (G77/Developing)
democracy,ETH,0.5372206,0.49012086,0.4627794027328491,0.5098791420459747,0.0470997393131256,Global South (G77/Developing)
democracy,DOM,0.51520985,0.50119525,0.4847901463508606,0.4988047480583191,0.0140146017074584,Global South (G77/Developing)
democracy,MNG,0.47368127,0.5160737,0.5263187289237976,0.4839262962341308,-0.0423924326896667,Global South (G77/Developing)
democracy,BDI,0.49900013,0.48994917,0.5009998679161072,0.5100508332252502,0.009050965309143,Global South (G77/Developing)
democracy,NER,0.4794445,0.4908776,0.5205554962158203,0.5091224014759064,-0.0114330947399139,Global South (G77/Developing)
democracy,MUS,0.41564658,0.46687663,0.5843534171581268,0.5331233739852905,-0.0512300431728363,Global South (G77/Developing)
democracy,IRL,0.48379374,0.39958516,0.5162062644958496,0.6004148423671722,0.0842085778713226,Global North (Western/Allies)
democracy,FRA,0.4208855,0.4615624,0.5791144967079163,0.5384376049041748,-0.0406768918037414,P5 (Major Powers)
democracy,PAK,0.41517773,0.54925084,0.58482226729393,0.4507491588592529,-0.1340731084346771,Global South (G77/Developing)
democracy,MLI,0.49449176,0.5021553,0.5055082440376282,0.4978446960449219,-0.0076635479927062,Global South (G77/Developing)
democracy,BEL,0.62446725,0.57603586,0.3755327463150024,0.4239641427993774,0.048431396484375,Global North (Western/Allies)
democracy,GHA,0.48443168,0.5425066,0.5155683159828186,0.4574934244155884,-0.0580748915672302,Global South (G77/Developing)
democracy,BLR,0.568878,0.4842301,0.4311220049858093,0.515769898891449,0.0846478939056396,Global North (Western/Allies)
democracy,GUY,0.48320276,0.49587438,0.5167972445487976,0.5041256248950958,-0.0126716196537017,Global South (G77/Developing)
democracy,JPN,0.37598333,0.5500263,0.624016672372818,0.4499737024307251,-0.1740429699420929,Global North (Western/Allies)
democracy,RWA,0.46175575,0.4327019,0.5382442474365234,0.5672981142997742,0.0290538668632507,Global South (G77/Developing)
democracy,BHR,0.10060428,0.413161,0.8993957191705704,0.5868389904499054,-0.312556728720665,Global South (G77/Developing)
democracy,ARE,0.35121518,0.14021921,0.6487848162651062,0.8597807884216309,0.2109959721565246,Global South (G77/Developing)
democracy,HND,0.48160544,0.5660881,0.5183945596218109,0.433911919593811,-0.0844826400279998,Global South (G77/Developing)
democracy,GMB,0.4468475,0.55118316,0.5531525015830994,0.4488168358802795,-0.1043356657028198,Global South (G77/Developing)
democracy,SWZ,0.4637735,0.5151115,0.5362265110015869,0.48488849401474,-0.0513380169868469,Global South (G77/Developing)
democracy,BRB,0.5863422,0.47787493,0.4136577844619751,0.5221250653266907,0.1084672808647155,Global South (G77/Developing)
democracy,DNK,0.40477774,0.48948303,0.5952222645282745,0.5105169713497162,-0.0847052931785583,Global North (Western/Allies)
democracy,CRI,0.5991206,0.5282518,0.4008793830871582,0.4717481732368469,0.0708687901496887,Global South (G77/Developing)
democracy,PRT,0.5675429,0.4827177,0.4324570894241333,0.5172823071479797,0.0848252177238464,Global North (Western/Allies)
democracy,BHS,0.49449566,0.48981208,0.5055043399333954,0.5101879239082336,0.0046835839748382,Global South (G77/Developing)
democracy,LSO,0.3309155,0.5371289,0.6690844893455505,0.4628710746765136,-0.2062134146690368,Global South (G77/Developing)
democracy,DEU,0.51992667,0.54000103,0.48007333278656,0.4599989652633667,-0.0200743675231933,Global North (Western/Allies)
democracy,BGD,0.47201005,0.54183316,0.5279899537563324,0.4581668376922607,-0.0698231160640716,Global South (G77/Developing)
democracy,GNQ,0.49333388,0.46548873,0.5066661238670349,0.5345112681388855,0.0278451442718505,Global South (G77/Developing)
democracy,GRD,0.56270546,0.48399064,0.4372945427894592,0.5160093605518341,0.0787148177623748,Global South (G77/Developing)
democracy,BWA,0.48544472,0.5455117,0.5145552754402161,0.4544882774353027,-0.0600669980049133,Global South (G77/Developing)
democracy,MOZ,0.6104821,0.4360788,0.3895179033279419,0.5639212131500244,0.1744033098220825,Global South (G77/Developing)
democracy,STP,0.6330328,0.514896,0.3669672012329101,0.4851040244102478,0.1181368231773376,Global South (G77/Developing)
democracy,CPV,0.46596953,0.5596048,0.5340304672718048,0.440395176410675,-0.0936352908611297,Global South (G77/Developing)
democracy,PNG,0.6110241,0.43063146,0.3889759182929992,0.5693685412406921,0.1803926229476928,Global South (G77/Developing)
democracy,MDV,0.46763685,0.5755493,0.5323631465435028,0.4244506955146789,-0.1079124510288238,Global South (G77/Developing)
democracy,GNB,0.43423718,0.5206976,0.5657628178596497,0.4793024063110351,-0.0864604115486145,Global South (G77/Developing)
democracy,SUR,0.50860184,0.4824929,0.4913981556892395,0.5175071060657501,0.0261089503765106,Global South (G77/Developing)
democracy,COM,0.6562204,0.5648171,0.3437796235084533,0.4351829290390014,0.0914033055305481,Global South (G77/Developing)
democracy,WSM,0.46600205,0.40874815,0.5339979529380798,0.5912518501281738,0.0572538971900939,Global South (G77/Developing)
democracy,SYC,0.026924256,0.43849254,0.9730757437646388,0.5615074634552002,-0.4115682803094387,Global South (G77/Developing)
democracy,AGO,0.5183164,0.41826952,0.481683611869812,0.5817304849624634,0.1000468730926513,Global South (G77/Developing)
democracy,VNM,0.47959495,0.42868084,0.5204050540924072,0.5713191628456116,0.0509141087532043,Global South (G77/Developing)
democracy,DMA,0.41565803,0.42759195,0.58434197306633,0.5724080502986908,-0.0119339227676391,Global South (G77/Developing)
democracy,DJI,0.4082425,0.46802062,0.5917575061321259,0.5319793820381165,-0.0597781240940094,Global South (G77/Developing)
democracy,LCA,0.40308338,0.50639826,0.5969166159629822,0.4936017394065857,-0.1033148765563964,Global South (G77/Developing)
democracy,ZWE,0.5276139,0.5278129,0.4723861217498779,0.4721871018409729,-0.000199019908905,Global South (G77/Developing)
democracy,VCT,0.48860008,0.54901123,0.5113999247550964,0.45098876953125,-0.0604111552238464,Global South (G77/Developing)
democracy,ATG,0.31867152,0.49139425,0.6813284754753113,0.5086057484149933,-0.172722727060318,Global South (G77/Developing)
democracy,BLZ,0.43238515,0.5182295,0.5676148533821106,0.4817705154418945,-0.085844337940216,Global South (G77/Developing)
democracy,VUT,0.580969,0.50962985,0.419031023979187,0.4903701543807983,0.0713391304016113,Global South (G77/Developing)
democracy,SLB,0.34483963,0.4473772,0.6551603674888611,0.5526227951049805,-0.1025375723838806,Global South (G77/Developing)
democracy,BRN,0.3987301,0.15299407,0.6012699007987976,0.8470059335231781,0.2457360327243805,Global South (G77/Developing)
democracy,KNA,0.66510713,0.5579299,0.3348928689956665,0.4420701265335083,0.1071772575378418,Global South (G77/Developing)
democracy,NAM,0.5572917,0.5446047,0.4427083134651184,0.4553952813148498,0.0126869678497314,Global South (G77/Developing)
democracy,LIE,0.5138185,0.48866084,0.4861814975738525,0.5113391578197479,0.0251576602458953,Global South (G77/Developing)
democracy,FSM,0.41296795,0.43613985,0.5870320498943329,0.563860148191452,-0.0231719017028808,Global South (G77/Developing)
democracy,EST,0.21747893,0.5215343,0.7825210690498352,0.4784656763076782,-0.304055392742157,Global North (Western/Allies)
democracy,KOR,0.47677627,0.4946025,0.5232237279415131,0.5053974986076355,-0.0178262293338775,Global North (Western/Allies)
democracy,LTU,0.41029057,0.45278862,0.5897094309329987,0.5472113788127899,-0.0424980521202087,Global North (Western/Allies)
democracy,LVA,0.4050654,0.511184,0.5949346125125885,0.4888160228729248,-0.1061185896396637,Global North (Western/Allies)
equality,TTO,0.6370601,0.5397606,0.3629398941993713,0.4602394104003906,0.0972995162010192,Global South (G77/Developing)
equality,QAT,0.5464437,0.63337445,0.4535562992095947,0.3666255474090576,-0.0869307518005371,Global South (G77/Developing)
equality,USA,0.51903254,0.5918716,0.4809674620628357,0.4081283807754516,-0.072839081287384,P5 (Major Powers)
equality,GTM,0.6265,0.61388814,0.3734999895095825,0.386111855506897,0.0126118659973144,Global South (G77/Developing)
equality,SDN,0.55783314,0.63900506,0.4421668648719787,0.3609949350357055,-0.0811719298362732,Global South (G77/Developing)
equality,MAR,0.5456742,0.6609803,0.454325795173645,0.3390197157859802,-0.1153060793876648,Global South (G77/Developing)
equality,CAN,0.5389705,0.7127708,0.4610295295715332,0.2872291803359985,-0.1738003492355346,Global North (Western/Allies)
equality,ESP,0.6041138,0.67973506,0.3958861827850342,0.3202649354934692,-0.0756212472915649,Global North (Western/Allies)
equality,MRT,0.6271944,0.68420017,0.3728055953979492,0.3157998323440552,-0.057005763053894,Global South (G77/Developing)
equality,HTI,0.6807686,0.6546825,0.3192313909530639,0.3453174829483032,0.0260860919952392,Global South (G77/Developing)
equality,MLT,0.32976168,0.5793812,0.6702383160591125,0.4206187725067138,-0.2496195435523986,Global North (Western/Allies)
equality,IRQ,0.6144771,0.6903796,0.3855229020118713,0.3096203804016113,-0.07590252161026,Global South (G77/Developing)
equality,JAM,0.53200495,0.6052895,0.4679950475692749,0.3947104811668396,-0.0732845664024353,Global South (G77/Developing)
equality,YEM,0.603954,0.71334445,0.396045982837677,0.2866555452346802,-0.1093904376029968,Global South (G77/Developing)
equality,SOM,0.6615356,0.617903,0.3384643793106079,0.3820970058441162,0.0436326265335083,Global South (G77/Developing)
equality,NGA,0.5549098,0.44869906,0.4450901746749878,0.5513009428977966,0.1062107682228088,Global South (G77/Developing)
equality,SEN,0.6707897,0.53028643,0.3292102813720703,0.4697135686874389,0.1405032873153686,Global South (G77/Developing)
equality,IRN,0.67721385,0.6463485,0.3227861523628235,0.3536515235900879,0.0308653712272644,Global South (G77/Developing)
equality,KWT,0.5551938,0.64783806,0.4448062181472778,0.3521619439125061,-0.0926442742347717,Global South (G77/Developing)
equality,LBR,0.705826,0.6459402,0.2941740155220032,0.3540598154067993,0.0598857998847961,Global South (G77/Developing)
equality,CMR,0.671991,0.39963004,0.3280090093612671,0.6003699600696564,0.2723609507083893,Global South (G77/Developing)
equality,NPL,0.5921557,0.69613385,0.4078443050384521,0.3038661479949951,-0.103978157043457,Global South (G77/Developing)
equality,LAO,0.5444815,0.62141883,0.4555184841156006,0.378581166267395,-0.0769373178482055,Global South (G77/Developing)
equality,UKR,0.46362546,0.569606,0.5363745391368866,0.4303939938545227,-0.1059805452823638,Global North (Western/Allies)
equality,ROU,0.6011344,0.5240732,0.3988655805587768,0.4759268164634704,0.0770612359046936,Global North (Western/Allies)
equality,BEN,0.61696345,0.6067766,0.3830365538597107,0.3932234048843384,0.0101868510246276,Global South (G77/Developing)
equality,GAB,0.46692026,0.643973,0.5330797433853149,0.3560270071029663,-0.1770527362823486,Global South (G77/Developing)
equality,PRY,0.56249195,0.70764107,0.4375080466270447,0.292358934879303,-0.1451491117477417,Global South (G77/Developing)
equality,THA,0.4683408,0.6298166,0.5316591858863831,0.3701834082603454,-0.1614757776260376,Global South (G77/Developing)
equality,MMR,0.48539418,0.7890054,0.5146058201789856,0.2109946012496948,-0.3036112189292907,Global South (G77/Developing)
equality,TGO,0.5696895,0.55164,0.4303104877471924,0.4483600258827209,0.0180495381355285,Global South (G77/Developing)
equality,AUS,0.4505622,0.6696677,0.5494377911090851,0.3303322792053222,-0.2191055119037628,Global North (Western/Allies)
equality,NLD,0.54175913,0.5360165,0.4582408666610718,0.4639834761619568,0.005742609500885,Global North (Western/Allies)
equality,LBN,0.5759543,0.63307947,0.4240456819534302,0.366920530796051,-0.0571251511573791,Global South (G77/Developing)
equality,SLE,0.47162375,0.6073703,0.5283762514591217,0.3926296830177307,-0.135746568441391,Global South (G77/Developing)
equality,EGY,0.59128356,0.63943344,0.4087164402008056,0.3605665564537048,-0.0481498837471008,Global South (G77/Developing)
equality,NZL,0.5324519,0.2621908,0.4675480723381042,0.7378092110157013,0.270261138677597,Global North (Western/Allies)
equality,UGA,0.63039374,0.5814985,0.3696062564849853,0.4185014963150024,0.048895239830017,Global South (G77/Developing)
equality,TZA,0.5986584,0.5857325,0.4013416171073913,0.4142674803733825,0.0129258632659912,Global South (G77/Developing)
equality,FJI,0.6077492,0.7025267,0.3922507762908935,0.2974733114242553,-0.0947774648666381,Global South (G77/Developing)
equality,NIC,0.5942112,0.6994254,0.405788779258728,0.3005746006965637,-0.1052141785621643,Global South (G77/Developing)
equality,ITA,0.5450586,0.54108137,0.4549413919448852,0.4589186310768127,0.0039772391319274,Global North (Western/Allies)
equality,TCD,0.5927148,0.5120888,0.407285213470459,0.4879112243652344,0.0806260108947753,Global South (G77/Developing)
equality,PER,0.5769514,0.5915629,0.4230486154556274,0.4084370732307434,-0.014611542224884,Global South (G77/Developing)
equality,COL,0.56595004,0.5521591,0.4340499639511108,0.447840929031372,0.0137909650802612,Global South (G77/Developing)
equality,CHL,0.6498356,0.659746,0.3501644134521484,0.340254008769989,-0.0099104046821594,Global South (G77/Developing)
equality,SLV,0.57127357,0.63870543,0.4287264347076416,0.3612945675849914,-0.0674318671226501,Global South (G77/Developing)
equality,FIN,0.47055078,0.58377266,0.5294492244720459,0.4162273406982422,-0.1132218837738037,Global North (Western/Allies)
equality,SAU,0.67837286,0.6073907,0.321627140045166,0.3926092982292175,0.0709821581840515,Global South (G77/Developing)
equality,CIV,0.5974573,0.67981464,0.4025427103042602,0.3201853632926941,-0.0823573470115661,Global South (G77/Developing)
equality,CUB,0.63857365,0.6404928,0.3614263534545898,0.3595072031021118,-0.001919150352478,Global South (G77/Developing)
equality,ISR,0.57869536,0.5683009,0.4213046431541443,0.4316990971565246,0.0103944540023803,Global North (Western/Allies)
equality,KHM,0.65087664,0.47340626,0.3491233587265014,0.5265937447547913,0.1774703860282898,Global South (G77/Developing)
equality,KEN,0.6527649,0.589146,0.3472350835800171,0.4108539819717407,0.0636188983917236,Global South (G77/Developing)
equality,GIN,0.58531195,0.5778673,0.4146880507469177,0.422132670879364,0.0074446201324462,Global South (G77/Developing)
equality,IDN,0.5996783,0.6131175,0.4003217220306396,0.386882483959198,-0.0134392380714416,Global South (G77/Developing)
equality,BOL,0.569827,0.6850022,0.4301729798316955,0.3149977922439575,-0.115175187587738,Global South (G77/Developing)
equality,SYR,0.6328823,0.6355232,0.367117702960968,0.3644767999649048,-0.0026409029960632,Global South (G77/Developing)
equality,RUS,0.45818305,0.5633817,0.5418169498443604,0.4366183280944824,-0.1051986217498779,P5 (Major Powers)
equality,MDG,0.5667245,0.671944,0.4332755208015442,0.3280559778213501,-0.105219542980194,Global South (G77/Developing)
equality,TUN,0.56591797,0.6339361,0.43408203125,0.3660638928413391,-0.0680181384086608,Global South (G77/Developing)
equality,NOR,0.40103257,0.5680021,0.598967432975769,0.4319978952407837,-0.1669695377349853,Global North (Western/Allies)
equality,ALB,0.6407082,0.5574608,0.3592917919158935,0.4425392150878906,0.083247423171997,Global South (G77/Developing)
equality,IND,0.62869835,0.5049874,0.3713016510009765,0.4950125813484192,0.1237109303474426,Global South (G77/Developing)
equality,ARG,0.59519124,0.6417913,0.404808759689331,0.3582087159156799,-0.0466000437736511,Global South (G77/Developing)
equality,JOR,0.49219283,0.6006032,0.5078071653842926,0.3993967771530151,-0.1084103882312774,Global South (G77/Developing)
equality,SWE,0.4513953,0.50115556,0.5486046969890594,0.4988444447517395,-0.0497602522373199,Global North (Western/Allies)
equality,CHN,0.52156293,0.55481076,0.478437066078186,0.4451892375946045,-0.0332478284835815,P5 (Major Powers)
equality,BFA,0.6775484,0.58635664,0.3224515914916992,0.4136433601379394,0.0911917686462402,Global South (G77/Developing)
equality,ECU,0.693472,0.6507921,0.3065279722213745,0.3492078781127929,0.0426799058914184,Global South (G77/Developing)
equality,BGR,0.50881445,0.5902989,0.4911855459213257,0.4097011089324951,-0.0814844369888305,Global North (Western/Allies)
equality,GBR,0.6565104,0.6760164,0.3434895873069763,0.3239836096763611,-0.0195059776306152,P5 (Major Powers)
equality,PHL,0.59290063,0.7174536,0.4070993661880493,0.2825464010238647,-0.1245529651641845,Global South (G77/Developing)
equality,LKA,0.66756743,0.67561877,0.3324325680732727,0.3243812322616577,-0.0080513358116149,Global South (G77/Developing)
equality,POL,0.6089722,0.6140317,0.3910278081893921,0.3859683275222778,-0.0050594806671142,Global North (Western/Allies)
equality,DZA,0.63815093,0.5495715,0.3618490695953369,0.4504284858703613,0.0885794162750244,Global South (G77/Developing)
equality,CYP,0.5618752,0.36979565,0.4381247758865356,0.6302043497562408,0.1920795738697052,Global North (Western/Allies)
equality,COG,0.6267649,0.66647995,0.3732351064682007,0.3335200548171997,-0.0397150516510009,Global South (G77/Developing)
equality,AUT,0.63852775,0.54318106,0.3614722490310669,0.45681893825531,0.0953466892242431,Global North (Western/Allies)
equality,MEX,0.6498781,0.6155653,0.3501219153404236,0.384434700012207,0.0343127846717834,Global South (G77/Developing)
equality,MYS,0.6336566,0.3855956,0.3663433790206909,0.6144044101238251,0.2480610311031341,Global South (G77/Developing)
equality,CAF,0.61986184,0.61974436,0.3801381587982178,0.38025563955307,0.0001174807548522,Global South (G77/Developing)
equality,VEN,0.6009126,0.6329019,0.3990874290466308,0.3670980930328369,-0.0319893360137939,Global South (G77/Developing)
equality,HUN,0.49306515,0.4953214,0.5069348514080048,0.5046786069869995,-0.0022562444210052,Global North (Western/Allies)
equality,YUG,0.54433775,0.30547333,0.4556622505187988,0.6945266723632812,0.2388644218444824,Global South (G77/Developing)
equality,ISL,0.53264046,0.6360525,0.4673595428466797,0.3639475107192993,-0.1034120321273803,Global North (Western/Allies)
equality,GRC,0.5294647,0.66406167,0.4705352783203125,0.3359383344650268,-0.1345969438552856,Global North (Western/Allies)
equality,COD,0.54419184,0.44692993,0.455808162689209,0.553070068359375,0.097261905670166,Global South (G77/Developing)
equality,LUX,0.45716777,0.5865904,0.542832225561142,0.4134095907211303,-0.1294226348400116,Global North (Western/Allies)
equality,ZMB,0.66594404,0.61781996,0.3340559601783752,0.3821800351142883,0.048124074935913,Global South (G77/Developing)
equality,URY,0.65302265,0.6344836,0.3469773530960083,0.3655164241790771,0.0185390710830688,Global South (G77/Developing)
equality,PAN,0.6520587,0.5861209,0.3479412794113159,0.4138790965080261,0.0659378170967102,Global South (G77/Developing)
equality,AFG,0.6960747,0.60043573,0.3039252758026123,0.399564266204834,0.0956389904022216,Global South (G77/Developing)
equality,TUR,0.52136827,0.5264249,0.4786317348480224,0.4735751152038574,-0.005056619644165,Global South (G77/Developing)
equality,LBY,0.556256,0.62207514,0.4437440037727356,0.3779248595237732,-0.0658191442489624,Global South (G77/Developing)
equality,BRA,0.65337086,0.6579964,0.3466291427612304,0.342003583908081,-0.0046255588531494,Global South (G77/Developing)
equality,ETH,0.6471374,0.5042397,0.3528625965118408,0.4957603216171264,0.1428977251052856,Global South (G77/Developing)
equality,DOM,0.68631685,0.56501865,0.3136831521987915,0.4349813461303711,0.1212981939315795,Global South (G77/Developing)
equality,MNG,0.5148525,0.5572689,0.485147476196289,0.4427310824394226,-0.0424163937568664,Global South (G77/Developing)
equality,BDI,0.59899044,0.653738,0.4010095596313476,0.346261978149414,-0.0547475814819335,Global South (G77/Developing)
equality,NER,0.6457421,0.6996732,0.3542578816413879,0.3003268241882324,-0.0539310574531555,Global South (G77/Developing)
equality,MUS,0.6421077,0.6123247,0.3578922748565674,0.3876752853393554,0.029783010482788,Global South (G77/Developing)
equality,IRL,0.5480809,0.5775282,0.4519190788269043,0.422471821308136,-0.0294472575187683,Global North (Western/Allies)
equality,FRA,0.65076596,0.6221168,0.3492340445518493,0.3778831958770752,0.0286491513252258,P5 (Major Powers)
equality,PAK,0.5710594,0.64933455,0.4289405941963196,0.3506654500961303,-0.0782751441001892,Global South (G77/Developing)
equality,MLI,0.60009015,0.5673919,0.3999098539352417,0.4326081275939941,0.0326982736587524,Global South (G77/Developing)
equality,BEL,0.6188651,0.6953287,0.3811349272727966,0.3046712875366211,-0.0764636397361755,Global North (Western/Allies)
equality,GHA,0.6205195,0.6519878,0.3794804811477661,0.3480122089385986,-0.0314682722091674,Global South (G77/Developing)
equality,BLR,0.5600921,0.5823096,0.4399079084396362,0.4176903963088989,-0.0222175121307373,Global North (Western/Allies)
equality,GUY,0.6509173,0.65327513,0.3490827083587646,0.3467248678207397,-0.0023578405380249,Global South (G77/Developing)
equality,JPN,0.61413413,0.48666328,0.3858658671379089,0.513336718082428,0.127470850944519,Global North (Western/Allies)
equality,RWA,0.6370033,0.57900274,0.3629966974258423,0.4209972620010376,0.0580005645751953,Global South (G77/Developing)
equality,BHR,0.65369785,0.703599,0.3463021516799927,0.2964010238647461,-0.0499011278152465,Global South (G77/Developing)
equality,ARE,0.5998013,0.5986316,0.4001986980438232,0.4013683795928955,0.0011696815490722,Global South (G77/Developing)
equality,HND,0.60511553,0.6355333,0.3948844671249389,0.3644667267799377,-0.0304177403450012,Global South (G77/Developing)
equality,GMB,0.6060862,0.61333597,0.3939138054847717,0.3866640329360962,-0.0072497725486755,Global South (G77/Developing)
equality,BTN,0.6275357,0.4474086,0.3724642992019653,0.5525914132595062,0.1801271140575409,Global South (G77/Developing)
equality,SWZ,0.5915147,0.42777058,0.4084852933883667,0.572229415178299,0.1637441217899322,Global South (G77/Developing)
equality,BRB,0.63294137,0.6626693,0.3670586347579956,0.33733069896698,-0.0297279357910156,Global South (G77/Developing)
equality,DNK,0.5340665,0.61230767,0.4659335017204284,0.3876923322677612,-0.0782411694526672,Global North (Western/Allies)
equality,CRI,0.620478,0.56492174,0.3795220255851745,0.4350782632827759,0.0555562376976013,Global South (G77/Developing)
equality,PRT,0.5946659,0.70184433,0.4053341150283813,0.298155665397644,-0.1071784496307373,Global North (Western/Allies)
equality,OMN,0.51224816,0.5980917,0.487751841545105,0.401908278465271,-0.0858435630798339,Global South (G77/Developing)
equality,BHS,0.59882426,0.58444077,0.4011757373809814,0.4155592322349548,0.0143834948539733,Global South (G77/Developing)
equality,LSO,0.60186756,0.53953457,0.3981324434280395,0.4604654312133789,0.0623329877853393,Global South (G77/Developing)
equality,DEU,0.59291553,0.51698196,0.4070844650268554,0.4830180406570434,0.0759335756301879,Global North (Western/Allies)
equality,BGD,0.70218325,0.6731785,0.2978167533874511,0.326821506023407,0.0290047526359558,Global South (G77/Developing)
equality,GNQ,0.6891489,0.7047535,0.3108510971069336,0.2952464818954468,-0.0156046152114868,Global South (G77/Developing)
equality,GRD,0.6480395,0.6518158,0.3519604802131653,0.3481842279434204,-0.0037762522697448,Global South (G77/Developing)
equality,BWA,0.6406427,0.5457958,0.3593572974205017,0.4542042016983032,0.0948469042778015,Global South (G77/Developing)
equality,MOZ,0.65570855,0.28596395,0.3442914485931396,0.7140360474586487,0.369744598865509,Global South (G77/Developing)
equality,STP,0.6151332,0.4951096,0.3848667740821838,0.5048904120922089,0.120023638010025,Global South (G77/Developing)
equality,CPV,0.66029847,0.5266279,0.3397015333175659,0.4733721017837524,0.1336705684661865,Global South (G77/Developing)
equality,PNG,0.45597988,0.5454296,0.5440201163291931,0.4545704126358032,-0.0894497036933898,Global South (G77/Developing)
equality,MDV,0.5785247,0.6489516,0.4214752912521362,0.3510484099388122,-0.0704268813133239,Global South (G77/Developing)
equality,GNB,0.55680436,0.58139676,0.443195641040802,0.418603241443634,-0.0245923995971679,Global South (G77/Developing)
equality,SUR,0.6351651,0.59360254,0.3648349046707153,0.4063974618911743,0.0415625572204589,Global South (G77/Developing)
equality,COM,0.58940685,0.6662272,0.4105931520462036,0.3337727785110473,-0.0768203735351562,Global South (G77/Developing)
equality,WSM,0.5341718,0.46591526,0.4658281803131103,0.5340847373008728,0.0682565569877624,Global South (G77/Developing)
equality,SYC,0.5733184,0.49053335,0.4266815781593323,0.5094666481018066,0.0827850699424743,Global South (G77/Developing)
equality,AGO,0.46025926,0.5564954,0.5397407412528992,0.4435045719146728,-0.0962361693382263,Global South (G77/Developing)
equality,VNM,0.4552236,0.55145496,0.5447764098644257,0.4485450387001037,-0.0962313711643219,Global South (G77/Developing)
equality,VAT,0.5270771,0.57314837,0.4729229211807251,0.4268516302108764,-0.0460712909698486,Global South (G77/Developing)
equality,ZWE,0.5207063,0.611138,0.4792937040328979,0.3888620138168335,-0.0904316902160644,Global South (G77/Developing)
equality,VCT,0.56984615,0.6568828,0.4301538467407226,0.3431171774864197,-0.0870366692543029,Global South (G77/Developing)
equality,ATG,0.53763914,0.5687227,0.4623608589172363,0.4312772750854492,-0.0310835838317871,Global South (G77/Developing)
equality,BLZ,0.5330893,0.66582674,0.466910719871521,0.3341732621192932,-0.1327374577522277,Global South (G77/Developing)
equality,VUT,0.6035049,0.6398041,0.3964951038360595,0.3601958751678467,-0.0362992286682128,Global South (G77/Developing)
equality,SLB,0.18206155,0.43472368,0.8179384469985962,0.5652763247489929,-0.2526621222496032,Global South (G77/Developing)
equality,BRN,0.49347267,0.54005134,0.5065273344516754,0.4599486589431762,-0.0465786755084991,Global South (G77/Developing)
equality,KNA,0.6245659,0.6357366,0.3754341006278991,0.3642634153366089,-0.0111706852912902,Global South (G77/Developing)
equality,LVA,0.4861612,0.6488281,0.5138387978076935,0.3511719107627868,-0.1626668870449066,Global North (Western/Allies)
equality,MHL,0.0042593163,0.5546944,0.995740683749318,0.445305585861206,-0.5504350978881121,Global South (G77/Developing)
discrimination,TTO,0.4793502,0.5691978,0.520649790763855,0.4308022260665893,-0.0898475646972656,Global South (G77/Developing)
discrimination,QAT,0.4546329,0.3334707,0.5453670918941498,0.6665292978286743,0.1211622059345245,Global South (G77/Developing)
discrimination,USA,0.44137752,0.59891033,0.5586224794387817,0.4010896682739258,-0.1575328111648559,P5 (Major Powers)
discrimination,GTM,0.3909687,0.5029489,0.6090312898159027,0.4970511198043823,-0.1119801700115203,Global South (G77/Developing)
discrimination,SDN,0.55481446,0.36158794,0.4451855421066284,0.6384120583534241,0.1932265162467956,Global South (G77/Developing)
discrimination,MAR,0.477912,-0.09819909,0.5220879912376404,1.0981990918517113,0.5761111006140709,Global South (G77/Developing)
discrimination,CAN,0.34554255,0.6336808,0.6544574499130249,0.3663191795349121,-0.2881382703781128,Global North (Western/Allies)
discrimination,ESP,0.5409632,0.6463734,0.4590368270874023,0.3536266088485718,-0.1054102182388305,Global North (Western/Allies)
discrimination,MRT,0.29219908,0.16348808,0.7078009247779846,0.8365119248628616,0.128711000084877,Global South (G77/Developing)
discrimination,HTI,0.43315834,0.47947365,0.5668416619300842,0.5205263495445251,-0.046315312385559,Global South (G77/Developing)
discrimination,MLT,0.45926598,0.63360053,0.5407340228557587,0.3663994669914245,-0.1743345558643341,Global North (Western/Allies)
discrimination,IRQ,0.4305541,0.2732445,0.5694459080696106,0.7267554998397827,0.1573095917701721,Global South (G77/Developing)
discrimination,JAM,0.6092036,0.5931289,0.390796422958374,0.4068710803985595,0.0160746574401855,Global South (G77/Developing)
discrimination,YEM,0.50532717,0.3557299,0.4946728348731994,0.6442700922489166,0.1495972573757171,Global South (G77/Developing)
discrimination,NGA,0.19928366,0.46708655,0.8007163405418396,0.5329134464263916,-0.267802894115448,Global South (G77/Developing)
discrimination,SEN,0.35794508,0.4693358,0.6420549154281616,0.5306642055511475,-0.1113907098770141,Global South (G77/Developing)
discrimination,IRN,0.41689923,0.5073778,0.5831007659435272,0.4926221966743469,-0.0904785692691803,Global South (G77/Developing)
discrimination,KWT,0.34765112,0.13248272,0.6523488759994507,0.867517277598381,0.2151684015989303,Global South (G77/Developing)
discrimination,LBR,0.59616536,0.35119042,0.4038346409797668,0.6488095819950104,0.2449749410152435,Global South (G77/Developing)
discrimination,CMR,0.46829134,0.44181347,0.5317086577415466,0.5581865310668945,0.0264778733253479,Global South (G77/Developing)
discrimination,NPL,0.36185673,0.40944916,0.6381432712078094,0.5905508399009705,-0.0475924313068389,Global South (G77/Developing)
discrimination,LAO,0.47547668,-0.034696624,0.5245233178138733,1.0346966236829758,0.5101733058691025,Global South (G77/Developing)
discrimination,UKR,0.4124312,0.3416826,0.5875687897205353,0.6583173871040344,0.0707485973834991,Global North (Western/Allies)
discrimination,ROU,0.4221683,0.46871302,0.5778316855430603,0.5312869846820831,-0.0465447008609771,Global North (Western/Allies)
discrimination,BEN,0.29904616,0.33502257,0.7009538412094116,0.6649774312973022,-0.0359764099121093,Global South (G77/Developing)
discrimination,GAB,0.24109957,-0.0044863783,0.7589004337787628,1.0044863782823086,0.2455859445035457,Global South (G77/Developing)
discrimination,PRY,0.2571103,0.3937156,0.7428897023200989,0.6062844097614288,-0.13660529255867,Global South (G77/Developing)
discrimination,THA,0.45464182,0.37653723,0.5453581809997559,0.6234627664089203,0.0781045854091644,Global South (G77/Developing)
discrimination,MMR,0.6855118,0.04961571,0.3144881725311279,0.9503842890262604,0.6358961164951324,Global South (G77/Developing)
discrimination,TGO,0.20428598,0.38277403,0.7957140207290649,0.6172259747982025,-0.1784880459308624,Global South (G77/Developing)
discrimination,AUS,0.57721484,0.5079831,0.4227851629257202,0.4920169115066528,0.0692317485809326,Global North (Western/Allies)
discrimination,NLD,0.47311983,0.25569588,0.5268801748752594,0.7443041205406189,0.2174239456653595,Global North (Western/Allies)
discrimination,LBN,0.19000572,0.2474069,0.8099942803382874,0.7525931000709534,-0.0574011802673339,Global South (G77/Developing)
discrimination,SLE,0.46617547,0.43854076,0.5338245332241058,0.5614592432975769,0.027634710073471,Global South (G77/Developing)
discrimination,EGY,0.52441645,0.37393576,0.475583553314209,0.6260642409324646,0.1504806876182556,Global South (G77/Developing)
discrimination,NZL,0.41485506,0.59103966,0.5851449370384216,0.4089603424072265,-0.176184594631195,Global North (Western/Allies)
discrimination,FJI,0.48200166,0.51196504,0.5179983377456665,0.4880349636077881,-0.0299633741378784,Global South (G77/Developing)
discrimination,NIC,0.0768771,0.48591587,0.9231228977441788,0.514084130525589,-0.4090387672185898,Global South (G77/Developing)
discrimination,ITA,0.47797218,0.46283206,0.5220278203487396,0.5371679365634918,0.0151401162147521,Global North (Western/Allies)
discrimination,PER,0.36472845,0.40462422,0.6352715492248535,0.5953757762908936,-0.0398957729339599,Global South (G77/Developing)
discrimination,COL,0.27474397,0.4739266,0.7252560257911682,0.5260733962059021,-0.1991826295852661,Global South (G77/Developing)
discrimination,CHL,0.5132762,0.48449415,0.486723780632019,0.515505850315094,0.0287820696830749,Global South (G77/Developing)
discrimination,SLV,0.36754274,0.11588663,0.6324572563171387,0.8841133713722229,0.2516561150550842,Global South (G77/Developing)
discrimination,FIN,0.4956577,0.40680256,0.5043422877788544,0.5931974351406097,0.0888551473617553,Global North (Western/Allies)
discrimination,SAU,0.42439383,0.29638827,0.5756061673164368,0.7036117315292358,0.128005564212799,Global South (G77/Developing)
discrimination,CIV,0.50434804,0.22695774,0.4956519603729248,0.7730422616004944,0.2773903012275696,Global South (G77/Developing)
discrimination,CUB,0.5337319,0.48158836,0.4662681221961975,0.5184116363525391,0.0521435141563415,Global South (G77/Developing)
discrimination,ISR,0.45600814,0.30983385,0.5439918637275696,0.6901661455631256,0.146174281835556,Global North (Western/Allies)
discrimination,KHM,0.44253278,0.28614756,0.5574672222137451,0.7138524353504181,0.1563852131366729,Global South (G77/Developing)
discrimination,GIN,0.3935799,0.19820064,0.60642009973526,0.8017993569374084,0.1953792572021484,Global South (G77/Developing)
discrimination,IDN,0.43975306,0.20455769,0.5602469444274902,0.7954423129558563,0.2351953685283661,Global South (G77/Developing)
discrimination,BOL,0.5470274,0.5851548,0.4529725909233093,0.4148452281951904,-0.0381273627281188,Global South (G77/Developing)
discrimination,SYR,0.56810725,0.1817971,0.4318927526473999,0.8182028979063034,0.3863101452589035,Global South (G77/Developing)
discrimination,RUS,0.3848002,0.20741653,0.6151998043060303,0.7925834655761719,0.1773836612701416,P5 (Major Powers)
discrimination,MDG,0.526615,0.5259246,0.4733849763870239,0.4740753769874573,0.0006904006004333,Global South (G77/Developing)
discrimination,TUN,0.42984366,0.37041387,0.5701563358306885,0.6295861303806305,0.059429794549942,Global South (G77/Developing)
discrimination,NOR,0.25554144,0.5146346,0.7444585561752319,0.4853653907775879,-0.259093165397644,Global North (Western/Allies)
discrimination,ALB,0.49070862,0.5504887,0.5092913806438446,0.4495112895965576,-0.0597800910472869,Global South (G77/Developing)
discrimination,IND,0.33826196,0.35741812,0.6617380380630493,0.6425818800926208,-0.0191561579704284,Global South (G77/Developing)
discrimination,ARG,0.6274582,0.43587524,0.3725417852401733,0.5641247630119324,0.191582977771759,Global South (G77/Developing)
discrimination,JOR,0.29140365,0.28002098,0.7085963487625122,0.7199790179729462,0.0113826692104339,Global South (G77/Developing)
discrimination,SWE,0.2462218,0.65105236,0.7537782043218613,0.3489476442337036,-0.4048305600881576,Global North (Western/Allies)
discrimination,CHN,0.34167218,0.102008075,0.6583278179168701,0.8979919254779816,0.2396641075611114,P5 (Major Powers)
discrimination,BFA,0.3633935,0.13460872,0.6366065144538879,0.8653912842273712,0.2287847697734832,Global South (G77/Developing)
discrimination,ECU,0.49866998,0.4978397,0.5013300180435181,0.5021603107452393,0.0008302927017211,Global South (G77/Developing)
discrimination,BGR,0.41497025,0.55570126,0.5850297510623932,0.4442987442016601,-0.140731006860733,Global North (Western/Allies)
discrimination,GBR,0.40441644,0.49721235,0.5955835580825806,0.5027876496315002,-0.0927959084510803,P5 (Major Powers)
discrimination,PHL,0.39141995,0.33605164,0.6085800528526306,0.6639483571052551,0.0553683042526245,Global South (G77/Developing)
discrimination,LKA,0.48450583,0.42790145,0.515494167804718,0.5720985531806946,0.0566043853759765,Global South (G77/Developing)
discrimination,POL,0.35105777,0.5416498,0.648942232131958,0.4583501815795898,-0.1905920505523681,Global North (Western/Allies)
discrimination,DZA,0.09709687,0.25583678,0.9029031321406364,0.7441632151603699,-0.1587399169802665,Global South (G77/Developing)
discrimination,CYP,0.57755125,0.11722647,0.4224487543106079,0.8827735334634781,0.4603247791528702,Global North (Western/Allies)
discrimination,AUT,0.43992367,0.51957554,0.5600763261318207,0.4804244637489319,-0.0796518623828888,Global North (Western/Allies)
discrimination,MEX,0.29760936,0.6459179,0.7023906409740448,0.3540821075439453,-0.3483085334300995,Global South (G77/Developing)
discrimination,MYS,0.4531311,0.52708465,0.5468688905239105,0.4729153513908386,-0.0739535391330719,Global South (G77/Developing)
discrimination,CAF,0.32756594,0.33749273,0.6724340617656708,0.6625072658061981,-0.0099267959594726,Global South (G77/Developing)
discrimination,VEN,0.38906032,0.40579852,0.6109396815299988,0.5942014753818512,-0.0167382061481475,Global South (G77/Developing)
discrimination,HUN,0.40472502,0.56483245,0.5952749848365784,0.4351675510406494,-0.1601074337959289,Global North (Western/Allies)
discrimination,ISL,0.34908098,0.44770327,0.6509190201759338,0.5522967278957367,-0.0986222922801971,Global North (Western/Allies)
discrimination,GRC,0.37047577,0.42450395,0.6295242309570312,0.5754960477352142,-0.054028183221817,Global North (Western/Allies)
discrimination,COD,0.5186371,0.5421558,0.4813628792762756,0.4578441977500915,-0.023518681526184,Global South (G77/Developing)
discrimination,LUX,0.108962744,0.33519435,0.891037255525589,0.6648056507110596,-0.2262316048145294,Global North (Western/Allies)
discrimination,ZMB,0.28667915,0.5173024,0.7133208513259888,0.4826976060867309,-0.2306232452392578,Global South (G77/Developing)
discrimination,URY,0.50434023,0.5588329,0.4956597685813904,0.4411671161651611,-0.0544926524162292,Global South (G77/Developing)
discrimination,PAN,0.4444013,0.47737843,0.5555987060070038,0.5226215720176697,-0.0329771339893341,Global South (G77/Developing)
discrimination,AFG,0.42818373,0.47532862,0.5718162655830383,0.5246713757514954,-0.0471448898315429,Global South (G77/Developing)
discrimination,TUR,0.4198708,0.40145677,0.5801292061805725,0.5985432267189026,0.01841402053833,Global South (G77/Developing)
discrimination,LBY,0.58262444,0.2486304,0.4173755645751953,0.7513695955276489,0.3339940309524536,Global South (G77/Developing)
discrimination,BRA,0.20091707,0.5869638,0.7990829348564148,0.4130362272262573,-0.3860467076301574,Global South (G77/Developing)
discrimination,DOM,0.49333856,-0.038750824,0.50666144490242,1.0387508235871792,0.5320893786847591,Global South (G77/Developing)
discrimination,MNG,0.31460008,0.41140187,0.6853999197483063,0.5885981321334839,-0.0968017876148223,Global South (G77/Developing)
discrimination,BDI,0.4362205,0.42848137,0.5637795031070709,0.5715186297893524,0.0077391266822814,Global South (G77/Developing)
discrimination,NER,0.39405757,-0.061353557,0.60594242811203,1.0613535568118095,0.4554111286997795,Global South (G77/Developing)
discrimination,MUS,0.56823623,0.40128365,0.4317637681961059,0.5987163484096527,0.1669525802135467,Global South (G77/Developing)
discrimination,IRL,0.48021486,0.5354762,0.5197851359844208,0.4645237922668457,-0.055261343717575,Global North (Western/Allies)
discrimination,FRA,0.36928117,0.69104266,0.6307188272476196,0.3089573383331299,-0.3217614889144897,P5 (Major Powers)
discrimination,PAK,0.17910746,0.48795944,0.8208925426006317,0.5120405554771423,-0.3088519871234894,Global South (G77/Developing)
discrimination,BEL,0.4004987,0.6359067,0.5995013117790222,0.3640933036804199,-0.2354080080986023,Global North (Western/Allies)
discrimination,GHA,0.56767666,0.45354488,0.4323233366012573,0.5464551150798798,0.1141317784786224,Global South (G77/Developing)
discrimination,BLR,0.3883828,0.22487628,0.6116172075271606,0.7751237154006958,0.1635065078735351,Global North (Western/Allies)
discrimination,GUY,0.37078875,0.5148356,0.6292112469673157,0.4851644039154053,-0.1440468430519104,Global South (G77/Developing)
discrimination,JPN,0.36936304,0.45158547,0.6306369602680206,0.5484145283699036,-0.082222431898117,Global North (Western/Allies)
discrimination,RWA,0.48304617,0.3792667,0.5169538259506226,0.6207332909107208,0.1037794649600982,Global South (G77/Developing)
discrimination,MWI,0.01866449,0.5293762,0.9813355095684528,0.4706237912178039,-0.5107117183506489,Global South (G77/Developing)
discrimination,BHR,0.579659,0.39809898,0.4203410148620605,0.6019010245800018,0.1815600097179412,Global South (G77/Developing)
discrimination,ARE,0.11944256,0.41730326,0.8805574402213097,0.5826967358589172,-0.2978607043623924,Global South (G77/Developing)
discrimination,HND,0.6058217,0.3761319,0.3941782712936401,0.6238681077957153,0.2296898365020752,Global South (G77/Developing)
discrimination,GMB,0.059397794,0.46106815,0.9406022056937218,0.5389318466186523,-0.4016703590750694,Global South (G77/Developing)
discrimination,SWZ,0.6829779,0.44625777,0.3170220851898193,0.5537422299385071,0.2367201447486877,Global South (G77/Developing)
discrimination,BRB,0.3320964,0.33657545,0.6679036021232605,0.663424551486969,-0.0044790506362915,Global South (G77/Developing)
discrimination,DNK,0.36999884,0.6075161,0.6300011575222015,0.3924838900566101,-0.2375172674655914,Global North (Western/Allies)
discrimination,CRI,0.5411614,0.47340217,0.4588385820388794,0.5265978276729584,0.0677592456340789,Global South (G77/Developing)
discrimination,PRT,0.64538574,0.31481907,0.3546142578125,0.6851809322834015,0.3305666744709015,Global North (Western/Allies)
discrimination,OMN,0.32021636,0.61127627,0.6797836422920227,0.3887237310409546,-0.2910599112510681,Global South (G77/Developing)
discrimination,BHS,0.46533906,0.45048302,0.5346609354019165,0.5495169758796692,0.0148560404777526,Global South (G77/Developing)
discrimination,LSO,0.34127927,0.58551884,0.6587207317352295,0.4144811630249023,-0.2442395687103271,Global South (G77/Developing)
discrimination,DEU,0.35308805,0.6367651,0.6469119489192963,0.3632348775863647,-0.2836770713329315,Global North (Western/Allies)
discrimination,BGD,0.5170455,0.45672405,0.4829545021057129,0.5432759523391724,0.0603214502334594,Global South (G77/Developing)
discrimination,GNQ,0.42364368,0.3268668,0.5763563215732574,0.6731331944465637,0.0967768728733062,Global South (G77/Developing)
discrimination,GRD,0.24724211,0.411926,0.7527578920125961,0.5880739986896515,-0.1646838933229446,Global South (G77/Developing)
discrimination,BWA,0.32880905,0.3808651,0.6711909472942352,0.6191349029541016,-0.0520560443401336,Global South (G77/Developing)
discrimination,MOZ,0.49410617,0.006007336,0.5058938264846802,0.9939926639199256,0.4880988374352455,Global South (G77/Developing)
discrimination,STP,0.2744798,0.36690512,0.7255201935768127,0.6330948770046234,-0.0924253165721893,Global South (G77/Developing)
discrimination,CPV,0.54051805,0.51557505,0.4594819545745849,0.4844249486923218,0.0249429941177368,Global South (G77/Developing)
discrimination,PNG,0.1255751,0.33802584,0.8744249045848846,0.661974161863327,-0.2124507427215576,Global South (G77/Developing)
discrimination,MDV,0.22160062,0.24134474,0.7783993780612946,0.7586552649736404,-0.0197441130876541,Global South (G77/Developing)
discrimination,GNB,0.45435244,0.45400512,0.5456475615501404,0.5459948778152466,0.0003473162651062,Global South (G77/Developing)
discrimination,SUR,0.43608445,0.27359402,0.5639155507087708,0.7264059782028198,0.162490427494049,Global South (G77/Developing)
discrimination,COM,0.2903408,0.48008397,0.7096591889858246,0.5199160277843475,-0.189743161201477,Global South (G77/Developing)
discrimination,WSM,0.42827696,0.25163552,0.5717230439186096,0.7483644783496857,0.176641434431076,Global South (G77/Developing)
discrimination,AGO,0.09700683,0.31864864,0.9029931724071504,0.681351363658905,-0.2216418087482452,Global South (G77/Developing)
discrimination,VNM,0.3070981,0.19853465,0.6929019093513489,0.8014653474092484,0.1085634380578994,Global South (G77/Developing)
discrimination,VAT,0.304996,0.2556179,0.6950039863586426,0.7443821132183075,0.0493781268596649,Global South (G77/Developing)
discrimination,DJI,0.5876682,0.60565054,0.4123318195343017,0.394349455833435,-0.0179823637008667,Global South (G77/Developing)
discrimination,LCA,0.112049446,0.22357705,0.8879505544900894,0.7764229476451874,-0.111527606844902,Global South (G77/Developing)
discrimination,ZWE,0.36413464,0.42386633,0.6358653604984283,0.576133668422699,-0.0597316920757293,Global South (G77/Developing)
discrimination,ATG,0.56182367,0.4863636,0.4381763339042663,0.5136364102363586,0.0754600763320922,Global South (G77/Developing)
discrimination,BLZ,0.4106416,0.4372085,0.589358389377594,0.562791496515274,-0.0265668928623199,Global South (G77/Developing)
discrimination,VUT,0.23349495,0.62767786,0.7665050476789474,0.372322142124176,-0.3941829055547714,Global South (G77/Developing)
discrimination,KOR,0.2207053,0.44507152,0.7792946994304657,0.5549284815788269,-0.2243662178516388,Global North (Western/Allies)
minority,QAT,0.4709275,0.34281042,0.529072493314743,0.6571895778179169,0.1281170845031738,Global South (G77/Developing)
minority,USA,0.49234203,0.48942992,0.5076579749584198,0.5105700790882111,0.0029121041297912,P5 (Major Powers)
minority,GTM,0.46853235,0.38948923,0.5314676463603973,0.6105107665061951,0.0790431201457977,Global South (G77/Developing)
minority,SDN,0.3964303,0.40873328,0.6035696864128113,0.5912667214870453,-0.0123029649257659,Global South (G77/Developing)
minority,MAR,0.15379299,0.13473566,0.84620700776577,0.8652643412351608,0.0190573334693908,Global South (G77/Developing)
minority,CAN,0.31852528,0.4606538,0.6814747154712677,0.5393461883068085,-0.1421285271644592,Global North (Western/Allies)
minority,ESP,0.42223245,0.54061687,0.577767550945282,0.4593831300735473,-0.1183844208717346,Global North (Western/Allies)
minority,MRT,0.639471,0.36961046,0.3605290055274963,0.630389541387558,0.2698605358600616,Global South (G77/Developing)
minority,HTI,0.54711175,0.19667323,0.4528882503509521,0.8033267706632614,0.3504385203123092,Global South (G77/Developing)
minority,IRQ,0.35761368,0.5668204,0.6423863172531128,0.4331796169281006,-0.2092067003250122,Global South (G77/Developing)
minority,JAM,0.45370692,0.54244006,0.5462930798530579,0.4575599431991577,-0.0887331366539001,Global South (G77/Developing)
minority,YEM,0.22043386,0.15156633,0.7795661389827728,0.8484336733818054,0.0688675343990325,Global South (G77/Developing)
minority,SOM,0.58158803,0.26430175,0.4184119701385498,0.7356982529163361,0.3172862827777862,Global South (G77/Developing)
minority,NGA,0.52044755,0.025458358,0.4795524477958679,0.9745416417717934,0.4949891939759254,Global South (G77/Developing)
minority,SEN,0.4943029,0.29549056,0.505697101354599,0.704509437084198,0.198812335729599,Global South (G77/Developing)
minority,IRN,0.50929606,0.33297133,0.4907039403915405,0.6670286655426025,0.176324725151062,Global South (G77/Developing)
minority,KWT,0.5247103,0.39502105,0.4752897024154663,0.6049789488315582,0.1296892464160919,Global South (G77/Developing)
minority,LBR,0.49352223,0.28161907,0.5064777731895447,0.7183809280395508,0.2119031548500061,Global South (G77/Developing)
minority,NPL,0.41159785,0.3998314,0.5884021520614624,0.6001685857772827,0.0117664337158203,Global South (G77/Developing)
minority,UKR,0.2865951,0.29763168,0.7134048938751221,0.7023683190345764,-0.0110365748405456,Global North (Western/Allies)
minority,ROU,0.5160123,0.55904484,0.4839876890182495,0.4409551620483398,-0.0430325269699096,Global North (Western/Allies)
minority,BEN,0.30642462,0.50514555,0.693575382232666,0.4948544502258301,-0.1987209320068359,Global South (G77/Developing)
minority,GAB,0.48445174,0.38395077,0.5155482590198517,0.6160492300987244,0.1005009710788726,Global South (G77/Developing)
minority,THA,0.33699757,0.3701188,0.6630024313926697,0.6298812031745911,-0.0331212282180786,Global South (G77/Developing)
minority,MMR,0.2081091,0.58620197,0.7918909043073654,0.4137980341911316,-0.3780928701162338,Global South (G77/Developing)
minority,AUS,0.39131746,0.39279535,0.6086825430393219,0.6072046458721161,-0.0014778971672058,Global North (Western/Allies)
minority,NLD,0.39817417,0.38231146,0.6018258333206177,0.6176885366439819,0.0158627033233642,Global North (Western/Allies)
minority,LBN,-0.019813307,0.4366082,1.0198133066296575,0.5633918046951294,-0.4564215019345283,Global South (G77/Developing)
minority,SLE,0.3102734,0.24464074,0.6897265911102295,0.7553592622280121,0.0656326711177825,Global South (G77/Developing)
minority,EGY,0.47240347,0.47808534,0.5275965332984924,0.5219146609306335,-0.0056818723678588,Global South (G77/Developing)
minority,NZL,0.22277918,0.29206097,0.7772208154201508,0.7079390287399292,-0.0692817866802215,Global North (Western/Allies)
minority,UGA,0.40340945,0.4992134,0.5965905487537384,0.5007866024971008,-0.0958039462566375,Global South (G77/Developing)
minority,TZA,0.4011194,0.10425836,0.5988805890083313,0.8957416415214539,0.2968610525131225,Global South (G77/Developing)
minority,FJI,0.31126833,0.49262366,0.6887316703796387,0.5073763430118561,-0.1813553273677826,Global South (G77/Developing)
minority,NIC,0.3419246,0.17495374,0.6580753922462463,0.8250462561845779,0.1669708639383316,Global South (G77/Developing)
minority,ITA,0.25493273,0.3978134,0.7450672686100006,0.6021865904331207,-0.1428806781768798,Global North (Western/Allies)
minority,TCD,0.26110065,0.12127846,0.7388993501663208,0.8787215426564217,0.1398221924901008,Global South (G77/Developing)
minority,PER,0.36902288,0.3658586,0.6309771239757538,0.6341413855552673,0.0031642615795135,Global South (G77/Developing)
minority,COL,0.35057157,0.33812207,0.6494284272193909,0.6618779301643372,0.0124495029449462,Global South (G77/Developing)
minority,CHL,0.25456646,0.49460566,0.7454335391521454,0.5053943395614624,-0.2400391995906829,Global South (G77/Developing)
minority,SLV,0.34676605,0.3145268,0.6532339453697205,0.6854732036590576,0.0322392582893371,Global South (G77/Developing)
minority,SAU,0.64580065,0.43774548,0.3541993498802185,0.5622545182704926,0.208055168390274,Global South (G77/Developing)
minority,SGP,0.49077004,0.38819873,0.5092299580574036,0.611801266670227,0.1025713086128234,Global South (G77/Developing)
minority,CIV,0.48763633,0.46240872,0.5123636722564697,0.537591278553009,0.0252276062965393,Global South (G77/Developing)
minority,CUB,0.23671353,0.3476886,0.7632864713668823,0.6523114144802094,-0.1109750568866729,Global South (G77/Developing)
minority,ISR,0.24162662,0.5793997,0.7583733797073364,0.4206002950668335,-0.3377730846405029,Global North (Western/Allies)
minority,GIN,0.3267005,0.29915094,0.6732994914054871,0.7008490562438965,0.0275495648384094,Global South (G77/Developing)
minority,IDN,0.4851967,0.40567717,0.5148032903671265,0.5943228304386139,0.0795195400714874,Global South (G77/Developing)
minority,RUS,0.47767133,0.3623963,0.5223286747932434,0.6376037001609802,0.1152750253677368,P5 (Major Powers)
minority,MDG,0.38495436,0.23976378,0.6150456368923187,0.7602362185716629,0.1451905816793441,Global South (G77/Developing)
minority,TUN,0.48259556,0.20674357,0.5174044370651245,0.7932564318180084,0.2758519947528839,Global South (G77/Developing)
minority,NOR,0.36116043,0.4986689,0.6388395726680756,0.501331090927124,-0.1375084817409515,Global North (Western/Allies)
minority,ALB,0.24264464,0.56199396,0.7573553621768951,0.438006043434143,-0.3193493187427521,Global South (G77/Developing)
minority,IND,0.5046414,0.36271462,0.4953585863113403,0.6372853815555573,0.1419267952442169,Global South (G77/Developing)
minority,ARG,0.4149943,0.45620018,0.5850057005882263,0.5437998175621033,-0.041205883026123,Global South (G77/Developing)
minority,JOR,0.4101926,0.45268822,0.589807391166687,0.5473117828369141,-0.0424956083297729,Global South (G77/Developing)
minority,SWE,0.37058592,0.1918047,0.6294140815734863,0.8081952929496765,0.1787812113761901,Global North (Western/Allies)
minority,BFA,0.49189067,0.09744409,0.5081093311309814,0.902555912733078,0.3944465816020965,Global South (G77/Developing)
minority,ECU,0.46308303,0.35615653,0.536916971206665,0.6438434720039368,0.1069265007972717,Global South (G77/Developing)
minority,GBR,0.29098544,0.5022423,0.7090145647525787,0.4977576732635498,-0.2112568914890289,P5 (Major Powers)
minority,PHL,0.5437094,0.43875247,0.456290602684021,0.5612475275993347,0.1049569249153137,Global South (G77/Developing)
minority,LKA,0.5536078,0.21424909,0.4463921785354614,0.7857509106397629,0.3393587321043014,Global South (G77/Developing)
minority,POL,0.13153002,0.34396672,0.8684699833393097,0.6560332775115967,-0.212436705827713,Global North (Western/Allies)
minority,DZA,0.3753969,0.18694124,0.6246030926704407,0.8130587637424469,0.1884556710720062,Global South (G77/Developing)
minority,CYP,0.45257664,0.37547496,0.5474233627319336,0.6245250403881073,0.0771016776561737,Global North (Western/Allies)
minority,COG,0.5354248,0.41766876,0.4645751714706421,0.5823312401771545,0.1177560687065124,Global South (G77/Developing)
minority,AUT,0.16905323,0.2683772,0.8309467732906342,0.7316227853298187,-0.0993239879608154,Global North (Western/Allies)
minority,MEX,0.3677205,0.2549469,0.6322794854640961,0.7450531125068665,0.1127736270427703,Global South (G77/Developing)
minority,MYS,0.69778115,0.57709134,0.3022188544273376,0.4229086637496948,0.1206898093223571,Global South (G77/Developing)
minority,CAF,0.21641582,0.34825718,0.7835841774940491,0.6517428159713745,-0.1318413615226745,Global South (G77/Developing)
minority,VEN,0.450245,0.42156196,0.5497550070285797,0.5784380435943604,0.0286830365657806,Global South (G77/Developing)
minority,HUN,0.44516608,0.37171388,0.5548339188098907,0.6282861232757568,0.073452204465866,Global North (Western/Allies)
minority,YUG,0.28643984,0.37464905,0.713560163974762,0.6253509521484375,-0.0882092118263244,Global South (G77/Developing)
minority,ISL,0.44489568,0.51386046,0.5551043152809143,0.4861395359039306,-0.0689647793769836,Global North (Western/Allies)
minority,GRC,0.34538066,0.49354112,0.6546193361282349,0.5064588785171509,-0.1481604576110839,Global North (Western/Allies)
minority,LUX,0.48963574,0.40772176,0.5103642642498016,0.592278242111206,0.0819139778614044,Global North (Western/Allies)
minority,ZMB,0.4731167,0.10273318,0.5268833041191101,0.8972668200731277,0.3703835159540176,Global South (G77/Developing)
minority,URY,0.05512249,0.32897124,0.9448775090277196,0.6710287630558014,-0.2738487459719181,Global South (G77/Developing)
minority,AFG,0.47256333,0.2946089,0.5274366736412048,0.7053911089897156,0.1779544353485107,Global South (G77/Developing)
minority,TUR,0.37016773,0.37526947,0.6298322677612305,0.6247305274009705,-0.00510174036026,Global South (G77/Developing)
minority,LBY,0.67286307,0.39692503,0.3271369338035583,0.6030749678611755,0.2759380340576172,Global South (G77/Developing)
minority,BRA,0.41466707,0.41194183,0.5853329300880432,0.5880581736564636,0.0027252435684204,Global South (G77/Developing)
minority,ETH,0.5257736,0.07907966,0.4742264151573181,0.920920342206955,0.4466939270496368,Global South (G77/Developing)
minority,DOM,0.030023517,0.40069172,0.969976482912898,0.5993082821369171,-0.3706682007759809,Global South (G77/Developing)
minority,BDI,0.43852866,0.53293586,0.5614713430404663,0.4670641422271728,-0.0944072008132934,Global South (G77/Developing)
minority,NER,0.30812126,0.26223117,0.6918787360191345,0.737768828868866,0.0458900928497314,Global South (G77/Developing)
minority,IRL,0.54622597,0.5307579,0.4537740349769592,0.4692420959472656,0.0154680609703063,Global North (Western/Allies)
minority,FRA,0.41895926,0.29402387,0.5810407400131226,0.705976128578186,0.1249353885650634,P5 (Major Powers)
minority,PAK,0.60511947,0.6173816,0.3948805332183838,0.3826184272766113,-0.0122621059417724,Global South (G77/Developing)
minority,MLI,0.5473288,-0.032395873,0.4526711702346802,1.0323958732187748,0.5797247029840946,Global South (G77/Developing)
minority,BEL,0.27483228,0.3469141,0.7251677215099335,0.6530858874320984,-0.072081834077835,Global North (Western/Allies)
minority,GUY,0.47786132,0.2212207,0.5221386849880219,0.7787792980670929,0.256640613079071,Global South (G77/Developing)
minority,JPN,0.30935168,0.23894621,0.6906483173370361,0.7610537856817245,0.0704054683446884,Global North (Western/Allies)
minority,RWA,0.46221152,0.27165198,0.5377884805202484,0.7283480167388916,0.1905595362186432,Global South (G77/Developing)
minority,MWI,0.580475,0.05369605,0.4195250272750854,0.9463039487600328,0.5267789214849472,Global South (G77/Developing)
minority,BHR,0.27455047,0.54649794,0.7254495322704315,0.4535020589828491,-0.2719474732875824,Global South (G77/Developing)
minority,ARE,0.44142127,0.24269094,0.5585787296295166,0.7573090642690659,0.1987303346395492,Global South (G77/Developing)
minority,HND,0.4286778,0.23041528,0.5713222026824951,0.7695847153663635,0.1982625126838684,Global South (G77/Developing)
minority,GMB,0.4156456,0.24102464,0.5843544006347656,0.7589753568172455,0.1746209561824798,Global South (G77/Developing)
minority,BTN,0.2746088,0.06790222,0.7253912091255188,0.932097777724266,0.2067065685987472,Global South (G77/Developing)
minority,DNK,0.27273753,0.33919418,0.7272624671459198,0.6608058214187622,-0.0664566457271575,Global North (Western/Allies)
minority,CRI,0.4845527,0.45044398,0.5154472887516022,0.5495560169219971,0.0341087281703949,Global South (G77/Developing)
minority,PRT,0.46522492,0.42769232,0.5347750782966614,0.572307676076889,0.0375325977802276,Global North (Western/Allies)
minority,OMN,0.013887441,0.30483997,0.9861125592142344,0.6951600313186646,-0.2909525278955698,Global South (G77/Developing)
minority,BHS,0.5907229,0.008167599,0.409277081489563,0.9918324006721376,0.5825553191825747,Global South (G77/Developing)
minority,DEU,0.40945423,0.45406878,0.5905457735061646,0.5459312200546265,-0.044614553451538,Global North (Western/Allies)
minority,BGD,0.43424568,0.34431368,0.5657543241977692,0.6556863188743591,0.0899319946765899,Global South (G77/Developing)
minority,STP,0.28384727,0.2436493,0.7161527276039124,0.7563506960868835,0.0401979684829711,Global South (G77/Developing)
minority,CPV,0.39412194,0.39927405,0.6058780550956726,0.6007259488105774,-0.0051521062850952,Global South (G77/Developing)
minority,COM,0.32461652,0.3828103,0.6753834784030914,0.6171897053718567,-0.0581937730312347,Global South (G77/Developing)
minority,VAT,0.09319357,0.4629168,0.90680643171072,0.5370832085609436,-0.3697232231497764,Global South (G77/Developing)
minority,DMA,0.23775849,0.27486432,0.7622415125370026,0.7251356840133667,-0.0371058285236358,Global South (G77/Developing)
minority,DJI,0.4131651,0.43582264,0.5868349075317383,0.5641773641109467,-0.0226575434207916,Global South (G77/Developing)
minority,LCA,0.47966066,0.26416737,0.5203393399715424,0.7358326315879822,0.2154932916164398,Global South (G77/Developing)
minority,ZWE,0.40896052,0.33907256,0.5910394787788391,0.6609274446964264,0.0698879659175872,Global South (G77/Developing)
minority,VCT,0.53695965,0.51961964,0.4630403518676758,0.4803803563117981,0.0173400044441223,Global South (G77/Developing)
minority,ATG,0.42703414,0.18377368,0.5729658603668213,0.8162263184785843,0.243260458111763,Global South (G77/Developing)
minority,BLZ,0.40712208,-0.21348605,0.5928779244422913,1.2134860455989838,0.6206081211566925,Global South (G77/Developing)
minority,VUT,0.2908908,0.27457005,0.7091091871261597,0.7254299521446228,0.0163207650184631,Global South (G77/Developing)
minority,SLB,0.42094755,0.64404523,0.5790524482727051,0.3559547662734985,-0.2230976819992065,Global South (G77/Developing)
minority,NAM,0.21351475,0.22861654,0.7864852547645569,0.7713834643363953,-0.0151017904281616,Global South (G77/Developing)
minority,EST,0.29903275,0.56220007,0.7009672522544861,0.4377999305725097,-0.2631673216819763,Global North (Western/Allies)
minority,LTU,0.3072742,0.35306543,0.69272580742836,0.6469345688819885,-0.0457912385463714,Global North (Western/Allies)
minority,LVA,0.46768254,0.39199126,0.5323174595832825,0.6080087423324585,0.075691282749176,Global North (Western/Allies)
pluralism,USA,0.43090412,0.3357143,0.5690958797931671,0.6642856895923615,0.0951898097991943,P5 (Major Powers)
pluralism,ESP,0.5847323,0.45461178,0.4152677059173584,0.5453882217407227,0.1301205158233642,Global North (Western/Allies)
pluralism,HTI,0.41397783,0.14600074,0.5860221683979034,0.8539992570877075,0.2679770886898041,Global South (G77/Developing)
pluralism,MLT,0.49420866,0.4077435,0.5057913362979889,0.592256486415863,0.0864651501178741,Global North (Western/Allies)
pluralism,JAM,0.33047265,0.5169562,0.6695273518562317,0.4830437898635864,-0.1864835619926452,Global South (G77/Developing)
pluralism,YEM,0.3956694,0.58015203,0.6043305993080139,0.4198479652404785,-0.1844826340675354,Global South (G77/Developing)
pluralism,NGA,0.2848786,0.22511944,0.7151213884353638,0.7748805582523346,0.0597591698169708,Global South (G77/Developing)
pluralism,LBR,0.16273773,0.16689378,0.8372622728347778,0.8331062197685242,-0.0041560530662536,Global South (G77/Developing)
pluralism,NPL,0.3579966,0.53825414,0.6420033872127533,0.4617458581924438,-0.1802575290203094,Global South (G77/Developing)
pluralism,BEN,0.58265716,0.44095245,0.4173428416252136,0.5590475499629974,0.1417047083377838,Global South (G77/Developing)
pluralism,PRY,0.44683808,0.61184996,0.5531619191169739,0.3881500363349914,-0.1650118827819824,Global South (G77/Developing)
pluralism,NLD,0.23249424,0.6087301,0.7675057649612427,0.3912699222564697,-0.3762358427047729,Global North (Western/Allies)
pluralism,LBN,0.24559239,0.52385306,0.7544076144695282,0.476146936416626,-0.2782606780529022,Global South (G77/Developing)
pluralism,EGY,0.46150416,0.6193601,0.5384958386421204,0.380639910697937,-0.1578559279441833,Global South (G77/Developing)
pluralism,UGA,0.39457747,0.006827399,0.6054225265979767,0.993172600865364,0.3877500742673874,Global South (G77/Developing)
pluralism,ITA,0.4421269,0.39196208,0.5578731000423431,0.608037918806076,0.0501648187637329,Global North (Western/Allies)
pluralism,PER,0.4664556,0.58978343,0.5335443913936615,0.4102165699005127,-0.1233278214931488,Global South (G77/Developing)
pluralism,COL,0.5400277,0.47444582,0.4599723219871521,0.5255541801452637,0.0655818581581115,Global South (G77/Developing)
pluralism,CHL,0.60044897,0.16860601,0.3995510339736938,0.8313939869403839,0.43184295296669,Global South (G77/Developing)
pluralism,SLV,0.5853957,0.43874323,0.4146043062210083,0.5612567663192749,0.1466524600982666,Global South (G77/Developing)
pluralism,CIV,0.14458932,0.36330754,0.8554106801748276,0.636692464351654,-0.2187182158231735,Global South (G77/Developing)
pluralism,CUB,0.41841263,0.37743583,0.5815873742103577,0.6225641667842865,0.0409767925739288,Global South (G77/Developing)
pluralism,KHM,0.23899709,0.41778588,0.7610029131174088,0.5822141170501709,-0.1787887960672378,Global South (G77/Developing)
pluralism,BOL,0.48086378,0.54071313,0.5191362202167511,0.4592868685722351,-0.0598493516445159,Global South (G77/Developing)
pluralism,RUS,0.5302619,0.5195735,0.4697381258010864,0.4804264903068542,0.0106883645057678,P5 (Major Powers)
pluralism,TUN,0.6644117,0.56021917,0.335588276386261,0.4397808313369751,0.1041925549507141,Global South (G77/Developing)
pluralism,IND,0.31809163,0.49376762,0.681908369064331,0.5062323808670044,-0.1756759881973266,Global South (G77/Developing)
pluralism,ARG,0.4314043,0.4792722,0.5685957074165344,0.520727813243866,-0.0478678941726684,Global South (G77/Developing)
pluralism,BFA,0.6649082,0.42311928,0.3350918292999267,0.5768807232379913,0.2417888939380645,Global South (G77/Developing)
pluralism,ECU,0.6787956,0.4104518,0.3212044239044189,0.5895482003688812,0.2683437764644623,Global South (G77/Developing)
pluralism,BGR,0.41670963,0.6282281,0.5832903683185577,0.3717718720436096,-0.2115184962749481,Global North (Western/Allies)
pluralism,AUT,0.5112036,0.51889324,0.4887964129447937,0.4811067581176758,-0.0076896548271179,Global North (Western/Allies)
pluralism,MEX,0.23310703,0.4304817,0.7668929696083069,0.5695182979106903,-0.1973746716976165,Global South (G77/Developing)
pluralism,VEN,0.46186846,0.58954155,0.5381315350532532,0.4104584455490112,-0.1276730895042419,Global South (G77/Developing)
pluralism,HUN,0.51773494,0.23481902,0.4822650551795959,0.7651809751987457,0.2829159200191498,Global North (Western/Allies)
pluralism,GRC,0.45853746,0.19974528,0.5414625406265259,0.8002547174692154,0.2587921768426895,Global North (Western/Allies)
pluralism,PAN,0.46696445,0.51079285,0.533035546541214,0.4892071485519409,-0.043828397989273,Global South (G77/Developing)
pluralism,AFG,0.44827792,0.5701244,0.5517220795154572,0.4298756122589111,-0.121846467256546,Global South (G77/Developing)
pluralism,TUR,0.51002026,0.5483593,0.4899797439575195,0.4516407251358032,-0.0383390188217163,Global South (G77/Developing)
pluralism,BRA,0.6498009,0.5637884,0.3501991033554077,0.4362115859985351,0.0860124826431274,Global South (G77/Developing)
pluralism,ETH,0.28937706,0.50694036,0.7106229364871979,0.4930596351623535,-0.2175633013248443,Global South (G77/Developing)
pluralism,DOM,0.41687572,0.41553336,0.5831242799758911,0.5844666361808777,0.0013423562049865,Global South (G77/Developing)
pluralism,BDI,0.44701326,0.123198144,0.552986741065979,0.8768018558621407,0.3238151147961616,Global South (G77/Developing)
pluralism,FRA,0.16741872,0.5868453,0.8325812816619873,0.4131547212600708,-0.4194265604019165,P5 (Major Powers)
pluralism,BEL,0.43508723,0.32077396,0.5649127662181854,0.6792260408401489,0.1143132746219635,Global North (Western/Allies)
pluralism,GHA,0.24599251,0.029247768,0.754007488489151,0.9707522317767144,0.2167447432875633,Global South (G77/Developing)
pluralism,BLR,0.5040033,0.49603158,0.4959967136383056,0.5039684176445007,0.007971704006195,Global North (Western/Allies)
pluralism,RWA,0.24446437,0.39978865,0.7555356323719025,0.6002113521099091,-0.1553242802619934,Global South (G77/Developing)
pluralism,GMB,0.5569463,0.38094273,0.4430537223815918,0.6190572679042816,0.1760035455226898,Global South (G77/Developing)
pluralism,CRI,0.55527,0.58293384,0.4447299838066101,0.4170661568641662,-0.0276638269424438,Global South (G77/Developing)
pluralism,PRT,0.45184213,0.37724215,0.5481578707695007,0.6227578520774841,0.0745999813079834,Global North (Western/Allies)
pluralism,GNQ,0.21662761,0.43046296,0.7833723872900009,0.5695370435714722,-0.2138353437185287,Global South (G77/Developing)
pluralism,BWA,0.3403027,0.57088196,0.6596972942352295,0.4291180372238159,-0.2305792570114135,Global South (G77/Developing)
pluralism,MOZ,0.55088603,0.43205896,0.4491139650344848,0.5679410398006439,0.118827074766159,Global South (G77/Developing)
pluralism,CPV,0.48490524,0.50586337,0.5150947570800781,0.4941366314888,-0.020958125591278,Global South (G77/Developing)
pluralism,GNB,0.4002697,0.13173516,0.5997303128242493,0.868264839053154,0.2685345262289047,Global South (G77/Developing)
pluralism,BLZ,0.34359288,0.54016924,0.6564071178436279,0.4598307609558105,-0.1965763568878173,Global South (G77/Developing)
terrorism,TTO,0.5145018,0.56053996,0.4854981899261474,0.4394600391387939,-0.0460381507873535,Global South (G77/Developing)
terrorism,QAT,0.48909503,0.58756196,0.5109049677848816,0.4124380350112915,-0.09846693277359,Global South (G77/Developing)
terrorism,ZAF,0.70399016,0.4305608,0.2960098385810852,0.5694392025470734,0.2734293639659881,Global South (G77/Developing)
terrorism,USA,0.42086604,0.48985988,0.5791339576244354,0.5101401209831238,-0.0689938366413116,P5 (Major Powers)
terrorism,GTM,0.53898287,0.45980558,0.4610171318054199,0.5401944220066071,0.0791772902011871,Global South (G77/Developing)
terrorism,SDN,0.30243313,0.57908344,0.6975668668746948,0.4209165573120117,-0.2766503095626831,Global South (G77/Developing)
terrorism,MAR,0.40612134,0.5231331,0.5938786566257477,0.4768669009208679,-0.1170117557048797,Global South (G77/Developing)
terrorism,CAN,0.42624038,0.47190943,0.5737596154212952,0.5280905663967133,-0.0456690490245819,Global North (Western/Allies)
terrorism,ESP,0.47647467,0.47262287,0.5235253274440765,0.5273771286010742,0.0038518011569976,Global North (Western/Allies)
terrorism,MRT,0.26930225,0.6078978,0.730697751045227,0.3921021819114685,-0.3385955691337585,Global South (G77/Developing)
terrorism,HTI,0.42885834,0.5038438,0.5711416602134705,0.4961562156677246,-0.0749854445457458,Global South (G77/Developing)
terrorism,MLT,0.36197007,0.47343573,0.638029932975769,0.5265642702579498,-0.1114656627178192,Global North (Western/Allies)
terrorism,IRQ,0.45681965,0.5235805,0.5431803464889526,0.4764195084571838,-0.0667608380317688,Global South (G77/Developing)
terrorism,JAM,0.31634724,0.39278984,0.6836527585983276,0.6072101593017578,-0.0764425992965698,Global South (G77/Developing)
terrorism,YEM,0.60394067,0.6191355,0.3960593342781067,0.3808645009994507,-0.015194833278656,Global South (G77/Developing)
terrorism,SOM,0.46008512,0.48003075,0.5399148762226105,0.519969254732132,-0.0199456214904785,Global South (G77/Developing)
terrorism,NGA,0.32553118,0.6004194,0.6744688153266907,0.3995805978775024,-0.2748882174491882,Global South (G77/Developing)
terrorism,SEN,0.1494461,0.52977085,0.8505539000034332,0.4702291488647461,-0.3803247511386871,Global South (G77/Developing)
terrorism,IRN,0.46174023,0.62092423,0.5382597744464874,0.3790757656097412,-0.1591840088367462,Global South (G77/Developing)
terrorism,KWT,0.5564663,0.57159305,0.443533718585968,0.4284069538116455,-0.0151267647743225,Global South (G77/Developing)
terrorism,LBR,0.3892334,0.54703444,0.610766589641571,0.4529655575752258,-0.1578010320663452,Global South (G77/Developing)
terrorism,CMR,0.5146963,0.4809656,0.4853036999702453,0.5190343856811523,0.0337306857109069,Global South (G77/Developing)
terrorism,NPL,0.4709746,0.5315745,0.5290254056453705,0.4684255123138428,-0.0605998933315277,Global South (G77/Developing)
terrorism,LAO,0.41554317,0.4351536,0.5844568312168121,0.564846396446228,-0.0196104347705841,Global South (G77/Developing)
terrorism,UKR,0.3254853,0.48923445,0.6745147109031677,0.510765552520752,-0.1637491583824157,Global North (Western/Allies)
terrorism,ROU,0.25474462,0.51028335,0.7452553808689117,0.4897166490554809,-0.2555387318134308,Global North (Western/Allies)
terrorism,BEN,0.31214067,0.57748973,0.6878593266010284,0.4225102663040161,-0.2653490602970123,Global South (G77/Developing)
terrorism,PRY,0.5698595,0.5947676,0.4301404953002929,0.4052324295043945,-0.0249080657958984,Global South (G77/Developing)
terrorism,THA,0.5362705,0.5044445,0.4637295007705688,0.4955555200576782,0.0318260192871093,Global South (G77/Developing)
terrorism,MMR,0.15394074,0.64718854,0.846059262752533,0.3528114557266235,-0.4932478070259094,Global South (G77/Developing)
terrorism,TGO,0.4152459,0.4496011,0.5847541093826294,0.5503988862037659,-0.0343552231788635,Global South (G77/Developing)
terrorism,AUS,0.5095503,0.5326474,0.4904497265815735,0.4673526287078857,-0.0230970978736877,Global North (Western/Allies)
terrorism,NLD,0.4757021,0.42690614,0.5242978930473328,0.5730938613414764,0.0487959682941436,Global North (Western/Allies)
terrorism,LBN,0.42922235,0.56678796,0.5707776546478271,0.4332120418548584,-0.1375656127929687,Global South (G77/Developing)
terrorism,SLE,0.26917213,0.52562666,0.7308278679847717,0.4743733406066894,-0.2564545273780823,Global South (G77/Developing)
terrorism,EGY,0.48222372,0.5106133,0.5177762806415558,0.4893866777420044,-0.0283896028995513,Global South (G77/Developing)
terrorism,NZL,0.4367523,0.49130496,0.5632477104663849,0.5086950361728668,-0.054552674293518,Global North (Western/Allies)
terrorism,UGA,0.47031018,0.5384077,0.5296898186206818,0.4615923166275024,-0.0680975019931793,Global South (G77/Developing)
terrorism,TZA,0.3462211,0.5348499,0.6537789106369019,0.4651501178741455,-0.1886287927627563,Global South (G77/Developing)
terrorism,FJI,0.5636288,0.38976777,0.4363712072372436,0.6102322340011597,0.173861026763916,Global South (G77/Developing)
terrorism,NIC,0.44249,0.4572241,0.5575099885463715,0.5427758991718292,-0.0147340893745422,Global South (G77/Developing)
terrorism,ITA,0.42823204,0.47904673,0.5717679560184479,0.5209532678127289,-0.0508146882057189,Global North (Western/Allies)
terrorism,TCD,0.47596696,0.4568812,0.5240330398082733,0.543118804693222,0.0190857648849487,Global South (G77/Developing)
terrorism,PER,0.4629894,0.61397314,0.5370106101036072,0.3860268592834472,-0.1509837508201599,Global South (G77/Developing)
terrorism,COL,0.4908934,0.49965337,0.5091066062450409,0.5003466308116913,-0.0087599754333496,Global South (G77/Developing)
terrorism,CHL,0.60498977,0.44555405,0.395010232925415,0.5544459521770477,0.1594357192516327,Global South (G77/Developing)
terrorism,SLV,0.48831376,0.539874,0.511686235666275,0.460125982761383,-0.0515602529048919,Global South (G77/Developing)
terrorism,FIN,0.604663,0.4814737,0.3953369855880737,0.5185262858867645,0.1231893002986908,Global North (Western/Allies)
terrorism,SAU,0.46734235,0.605901,0.532657653093338,0.3940989971160888,-0.1385586559772491,Global South (G77/Developing)
terrorism,SGP,0.15635112,0.40999132,0.8436488807201385,0.5900086760520935,-0.253640204668045,Global South (G77/Developing)
terrorism,CUB,0.39685124,0.5044721,0.6031487584114075,0.4955279231071472,-0.1076208353042602,Global South (G77/Developing)
terrorism,ISR,0.5293056,0.35265383,0.4706944227218628,0.647346168756485,0.1766517460346222,Global North (Western/Allies)
terrorism,KHM,0.2759499,0.4154345,0.7240501046180725,0.5845654904842377,-0.1394846141338348,Global South (G77/Developing)
terrorism,KEN,0.4310786,0.47384503,0.5689213871955872,0.5261549651622772,-0.0427664220333099,Global South (G77/Developing)
terrorism,GIN,0.5948962,0.5640863,0.4051038026809692,0.4359136819839477,0.0308098793029785,Global South (G77/Developing)
terrorism,IDN,0.5135882,0.4766724,0.4864118099212646,0.5233275890350342,0.0369157791137695,Global South (G77/Developing)
terrorism,BOL,0.4987129,0.539891,0.5012871026992798,0.460108995437622,-0.0411781072616577,Global South (G77/Developing)
terrorism,SYR,0.5167582,0.58273995,0.4832417964935303,0.4172600507736206,-0.0659817457199096,Global South (G77/Developing)
terrorism,RUS,0.39513797,0.51202255,0.6048620343208313,0.4879774451255798,-0.1168845891952514,P5 (Major Powers)
terrorism,MDG,0.35220838,0.53713596,0.6477916240692139,0.4628640413284302,-0.1849275827407837,Global South (G77/Developing)
terrorism,TUN,0.697085,0.44344458,0.3029149770736694,0.5565554201602936,0.2536404430866241,Global South (G77/Developing)
terrorism,NOR,0.3192461,0.504851,0.6807538866996765,0.49514901638031,-0.1856048703193664,Global North (Western/Allies)
terrorism,ALB,0.6996809,0.47233984,0.3003190755844116,0.5276601612567902,0.2273410856723785,Global South (G77/Developing)
terrorism,IND,0.3333189,0.56277776,0.6666811108589172,0.4372222423553467,-0.2294588685035705,Global South (G77/Developing)
terrorism,ARG,0.48431975,0.5336859,0.5156802535057068,0.4663140773773193,-0.0493661761283874,Global South (G77/Developing)
terrorism,JOR,0.38762575,0.55159706,0.6123742461204529,0.4484029412269592,-0.1639713048934936,Global South (G77/Developing)
terrorism,SWE,0.40655956,0.471516,0.593440443277359,0.5284839868545532,-0.0649564564228057,Global North (Western/Allies)
terrorism,CHN,0.27187088,0.5562413,0.728129118680954,0.4437587261199951,-0.2843703925609588,P5 (Major Powers)
terrorism,BFA,0.40818536,0.44396657,0.5918146371841431,0.5560334324836731,-0.0357812047004699,Global South (G77/Developing)
terrorism,ECU,0.5855945,0.4427722,0.4144055247306824,0.5572277903556824,0.142822265625,Global South (G77/Developing)
terrorism,BGR,0.52721864,0.5476592,0.4727813601493835,0.4523407816886902,-0.0204405784606933,Global North (Western/Allies)
terrorism,GBR,0.41730237,0.5018635,0.5826976299285889,0.4981365203857422,-0.0845611095428466,P5 (Major Powers)
terrorism,PHL,0.5953445,0.5823474,0.4046555161476135,0.4176526069641113,0.0129970908164978,Global South (G77/Developing)
terrorism,LKA,0.57238007,0.5846373,0.4276199340820312,0.4153627157211303,-0.0122572183609008,Global South (G77/Developing)
terrorism,POL,0.37669766,0.4668526,0.6233023405075073,0.533147394657135,-0.0901549458503723,Global North (Western/Allies)
terrorism,DZA,0.30359834,0.54549897,0.6964016556739807,0.4545010328292846,-0.241900622844696,Global South (G77/Developing)
terrorism,CYP,0.4457608,0.4599855,0.5542392134666443,0.5400145053863525,-0.0142247080802917,Global North (Western/Allies)
terrorism,COG,0.26767358,0.47664446,0.7323264181613922,0.5233555436134338,-0.2089708745479583,Global South (G77/Developing)
terrorism,AUT,0.59465516,0.45600167,0.4053448438644409,0.5439983308315277,0.1386534869670868,Global North (Western/Allies)
terrorism,MEX,0.38319302,0.5121575,0.6168069839477539,0.4878425002098083,-0.1289644837379455,Global South (G77/Developing)
terrorism,MYS,0.6206778,0.5800759,0.3793221712112427,0.4199240803718567,0.040601909160614,Global South (G77/Developing)
terrorism,CAF,0.054119155,0.4351703,0.9458808451890944,0.5648297071456909,-0.3810511380434036,Global South (G77/Developing)
terrorism,VEN,0.5334947,0.42609257,0.4665052890777588,0.5739074349403381,0.1074021458625793,Global South (G77/Developing)
terrorism,HUN,0.36204422,0.38314813,0.6379557847976685,0.6168518662452698,-0.0211039185523986,Global North (Western/Allies)
terrorism,YUG,0.6199006,0.5588614,0.3800994157791137,0.4411386251449585,0.0610392093658447,Global South (G77/Developing)
terrorism,ISL,0.52194774,0.58787763,0.4780522584915161,0.412122368812561,-0.065929889678955,Global North (Western/Allies)
terrorism,GRC,0.42703733,0.45035064,0.5729626715183258,0.5496493577957153,-0.0233133137226104,Global North (Western/Allies)
terrorism,COD,0.24969429,0.45550644,0.750305712223053,0.544493556022644,-0.2058121562004089,Global South (G77/Developing)
terrorism,LUX,0.5275287,0.5410868,0.4724712967872619,0.4589132070541382,-0.0135580897331237,Global North (Western/Allies)
terrorism,ZMB,0.25582886,0.5072617,0.744171142578125,0.4927383065223694,-0.2514328360557556,Global South (G77/Developing)
terrorism,URY,0.6013669,0.55593795,0.3986331224441528,0.4440620541572571,0.0454289317131042,Global South (G77/Developing)
terrorism,PAN,0.5963477,0.4100231,0.4036523103713989,0.5899769067764282,0.1863245964050293,Global South (G77/Developing)
terrorism,AFG,0.3131282,0.56104004,0.6868717968463898,0.4389599561691284,-0.2479118406772613,Global South (G77/Developing)
terrorism,TUR,0.52075684,0.55742717,0.4792431592941284,0.4425728321075439,-0.0366703271865844,Global South (G77/Developing)
terrorism,LBY,0.52020425,0.6700611,0.479795753955841,0.3299388885498047,-0.1498568654060363,Global South (G77/Developing)
terrorism,BRA,0.4123029,0.5093152,0.5876970887184143,0.4906848073005676,-0.0970122814178466,Global South (G77/Developing)
terrorism,ETH,0.4163923,0.5116,0.5836077034473419,0.4883999824523926,-0.0952077209949493,Global South (G77/Developing)
terrorism,DOM,0.60487574,0.5444999,0.3951242566108703,0.4555001258850097,0.0603758692741394,Global South (G77/Developing)
terrorism,MNG,0.36525387,0.58581996,0.6347461342811584,0.414180040359497,-0.2205660939216613,Global South (G77/Developing)
terrorism,BDI,0.41960126,0.51571226,0.5803987383842468,0.4842877388000488,-0.096110999584198,Global South (G77/Developing)
terrorism,NER,0.52579117,0.4853446,0.4742088317871094,0.5146554112434387,0.0404465794563293,Global South (G77/Developing)
terrorism,MUS,0.26826432,0.5534502,0.7317356765270233,0.4465497732162475,-0.2851859033107757,Global South (G77/Developing)
terrorism,IRL,0.37395173,0.5613228,0.6260482668876648,0.4386771917343139,-0.1873710751533508,Global North (Western/Allies)
terrorism,FRA,0.6311523,0.46846864,0.3688477277755737,0.5315313637256622,0.1626836359500885,P5 (Major Powers)
terrorism,PAK,0.6036972,0.62182194,0.3963028192520141,0.378178060054779,-0.0181247591972351,Global South (G77/Developing)
terrorism,MLI,0.29499498,0.56366295,0.705005019903183,0.4363370537757873,-0.2686679661273956,Global South (G77/Developing)
terrorism,BEL,0.40552682,0.56006545,0.5944731831550598,0.4399345517158508,-0.1545386314392089,Global North (Western/Allies)
terrorism,GHA,0.34896058,0.5378194,0.6510394215583801,0.4621806144714355,-0.1888588070869445,Global South (G77/Developing)
terrorism,BLR,0.27903023,0.45872784,0.7209697663784027,0.5412721633911133,-0.1796976029872894,Global North (Western/Allies)
terrorism,GUY,0.24101055,0.49799997,0.7589894533157349,0.5020000338554382,-0.2569894194602966,Global South (G77/Developing)
terrorism,JPN,0.37808362,0.49118456,0.6219163835048676,0.5088154375553131,-0.1131009459495544,Global North (Western/Allies)
terrorism,RWA,0.42531753,0.42091936,0.5746824741363525,0.5790806412696838,0.0043981671333312,Global South (G77/Developing)
terrorism,BHR,0.4487496,0.56886107,0.5512503981590271,0.4311389327049255,-0.1201114654541015,Global South (G77/Developing)
terrorism,ARE,0.39885217,0.54515105,0.6011478304862976,0.4548489451408386,-0.1462988853454589,Global South (G77/Developing)
terrorism,HND,0.47607917,0.50311416,0.5239208340644836,0.4968858361244201,-0.0270349979400634,Global South (G77/Developing)
terrorism,GMB,0.45459688,0.566794,0.5454031229019165,0.4332060217857361,-0.1121971011161804,Global South (G77/Developing)
terrorism,SWZ,0.45935827,0.5055094,0.540641725063324,0.4944906234741211,-0.0461511015892028,Global South (G77/Developing)
terrorism,BRB,0.5249387,0.5029727,0.475061297416687,0.4970272779464721,0.0219659805297851,Global South (G77/Developing)
terrorism,DNK,0.567565,0.4895119,0.4324349761009216,0.5104880928993225,0.0780531167984008,Global North (Western/Allies)
terrorism,CRI,0.53493947,0.5078009,0.4650605320930481,0.4921991229057312,0.0271385908126831,Global South (G77/Developing)
terrorism,PRT,0.5779324,0.49991792,0.4220675826072693,0.5000820755958557,0.0780144929885864,Global North (Western/Allies)
terrorism,OMN,0.33043545,0.5823218,0.6695645451545715,0.4176781773567199,-0.2518863677978515,Global South (G77/Developing)
terrorism,BHS,0.34594166,0.5125675,0.6540583372116089,0.4874324798583984,-0.1666258573532104,Global South (G77/Developing)
terrorism,DEU,0.47581083,0.4835352,0.5241891741752625,0.5164647996425629,-0.0077243745326995,Global North (Western/Allies)
terrorism,BGD,0.3484671,0.5762086,0.6515328884124756,0.4237914085388183,-0.2277414798736572,Global South (G77/Developing)
terrorism,GNQ,0.22713803,0.57610583,0.77286197245121,0.4238941669464111,-0.3489678055047989,Global South (G77/Developing)
terrorism,GRD,0.60762304,0.43266636,0.392376959323883,0.5673336386680603,0.1749566793441772,Global South (G77/Developing)
terrorism,BWA,0.73091614,0.53851247,0.2690838575363159,0.4614875316619873,0.1924036741256714,Global South (G77/Developing)
terrorism,MOZ,0.37201944,0.45930552,0.6279805600643158,0.5406944751739502,-0.0872860848903656,Global South (G77/Developing)
terrorism,STP,0.56097114,0.46224838,0.4390288591384887,0.5377516150474548,0.098722755908966,Global South (G77/Developing)
terrorism,CPV,0.5679163,0.5127367,0.4320837259292602,0.4872633218765259,0.0551795959472656,Global South (G77/Developing)
terrorism,PNG,0.25342247,0.5607929,0.7465775310993195,0.4392070770263672,-0.3073704540729522,Global South (G77/Developing)
terrorism,MDV,0.22860043,0.5699786,0.7713995724916458,0.4300214052200317,-0.3413781672716141,Global South (G77/Developing)
terrorism,GNB,0.22240065,0.4974414,0.7775993496179581,0.5025585889816284,-0.2750407606363296,Global South (G77/Developing)
terrorism,SUR,0.45784262,0.484865,0.542157381772995,0.5151349902153015,-0.0270223915576934,Global South (G77/Developing)
terrorism,COM,0.4333551,0.58119726,0.5666449069976807,0.4188027381896972,-0.1478421688079834,Global South (G77/Developing)
terrorism,WSM,0.31882817,0.4728764,0.6811718344688416,0.5271236002445221,-0.1540482342243194,Global South (G77/Developing)
terrorism,VNM,0.36716926,0.47670594,0.6328307390213013,0.523294061422348,-0.1095366775989532,Global South (G77/Developing)
terrorism,DMA,0.49844563,0.52724874,0.5015543699264526,0.472751259803772,-0.0288031101226806,Global South (G77/Developing)
terrorism,DJI,0.4962209,0.4472828,0.5037791132926941,0.5527172088623047,0.0489380955696105,Global South (G77/Developing)
terrorism,LCA,0.37569323,0.6220208,0.6243067681789398,0.3779792189598083,-0.2463275492191314,Global South (G77/Developing)
terrorism,ZWE,0.19520497,0.54791427,0.8047950267791748,0.4520857334136963,-0.3527092933654785,Global South (G77/Developing)
terrorism,VCT,0.23518443,0.5534899,0.7648155689239502,0.4465100765228271,-0.318305492401123,Global South (G77/Developing)
terrorism,ATG,0.39953882,0.46603552,0.6004611849784851,0.5339644849300385,-0.0664967000484466,Global South (G77/Developing)
terrorism,BLZ,0.21719053,0.5597027,0.7828094661235809,0.4402973055839538,-0.3425121605396271,Global South (G77/Developing)
terrorism,VUT,0.32497427,0.4688011,0.6750257313251495,0.5311988890171051,-0.1438268423080444,Global South (G77/Developing)
terrorism,SLB,0.16741969,0.6099149,0.8325803130865097,0.3900851011276245,-0.4424952119588852,Global South (G77/Developing)
terrorism,KOR,0.14997801,0.48170412,0.8500219881534576,0.5182958841323853,-0.3317261040210724,Global North (Western/Allies)
peacekeeping,USA,0.32848677,0.5510374,0.6715132296085358,0.4489626288414001,-0.2225506007671356,P5 (Major Powers)
peacekeeping,CAN,0.4596747,0.51982796,0.5403253138065338,0.4801720380783081,-0.0601532757282257,Global North (Western/Allies)
peacekeeping,NGA,0.2317864,0.5520117,0.7682135999202728,0.4479882717132568,-0.320225328207016,Global South (G77/Developing)
peacekeeping,SEN,0.26776516,0.55012524,0.7322348356246948,0.4498747587203979,-0.2823600769042969,Global South (G77/Developing)
peacekeeping,NPL,0.29188478,0.6398171,0.7081152200698853,0.3601828813552856,-0.3479323387145996,Global South (G77/Developing)
peacekeeping,BEN,0.23820908,0.5740113,0.7617909163236618,0.4259886741638183,-0.3358022421598434,Global South (G77/Developing)
peacekeeping,AUS,0.22288585,0.57441807,0.7771141529083252,0.4255819320678711,-0.3515322208404541,Global North (Western/Allies)
peacekeeping,NLD,0.46523532,0.6025781,0.5347646772861481,0.3974218964576721,-0.1373427808284759,Global North (Western/Allies)
peacekeeping,LBN,0.37830728,0.2968278,0.6216927170753479,0.7031722068786621,0.0814794898033142,Global South (G77/Developing)
peacekeeping,SLE,0.2214344,0.6221448,0.7785656005144119,0.3778551816940307,-0.4007104188203811,Global South (G77/Developing)
peacekeeping,EGY,0.3648579,0.44413337,0.6351420879364014,0.5558666288852692,-0.0792754590511322,Global South (G77/Developing)
peacekeeping,FJI,0.34789437,0.59517527,0.6521056294441223,0.4048247337341308,-0.2472808957099914,Global South (G77/Developing)
peacekeeping,ITA,0.20295027,0.584039,0.7970497310161591,0.4159610271453857,-0.3810887038707733,Global North (Western/Allies)
peacekeeping,FIN,0.42893332,0.62253857,0.571066677570343,0.3774614334106445,-0.1936052441596985,Global North (Western/Allies)
peacekeeping,IDN,0.10785489,0.6193756,0.892145112156868,0.3806244134902954,-0.5115206986665726,Global South (G77/Developing)
peacekeeping,NOR,0.43353176,0.5069526,0.5664682388305664,0.4930474162101745,-0.0734208226203918,Global North (Western/Allies)
peacekeeping,SWE,0.51915544,0.5271215,0.4808445572853088,0.4728785157203674,-0.0079660415649414,Global North (Western/Allies)
peacekeeping,GBR,0.15866612,0.62985635,0.841333881020546,0.3701436519622803,-0.4711902290582657,P5 (Major Powers)
peacekeeping,PHL,0.28459248,0.6119578,0.715407520532608,0.3880422115325928,-0.3273653090000152,Global South (G77/Developing)
peacekeeping,POL,0.38329735,0.51596296,0.6167026460170746,0.4840370416641235,-0.132665604352951,Global North (Western/Allies)
peacekeeping,DZA,0.2563926,0.3611669,0.7436074018478394,0.6388331055641174,-0.1047742962837219,Global South (G77/Developing)
peacekeeping,CYP,0.41834283,0.6450097,0.5816571712493896,0.3549903035163879,-0.2266668677330017,Global North (Western/Allies)
peacekeeping,AUT,0.3151412,0.6424537,0.6848587989807129,0.357546329498291,-0.3273124694824219,Global North (Western/Allies)
peacekeeping,HUN,0.15377474,0.65902805,0.8462252616882324,0.3409719467163086,-0.5052533149719238,Global North (Western/Allies)
peacekeeping,ISL,0.10339239,0.6059741,0.8966076076030731,0.3940259218215942,-0.5025816857814789,Global North (Western/Allies)
peacekeeping,GRC,0.32817936,0.5597147,0.6718206405639648,0.440285325050354,-0.2315353155136108,Global North (Western/Allies)
peacekeeping,LUX,0.35244036,0.6177298,0.647559642791748,0.3822702169418335,-0.2652894258499145,Global North (Western/Allies)
peacekeeping,TUR,0.23421018,0.56154704,0.7657898217439651,0.4384529590606689,-0.3273368626832962,Global South (G77/Developing)
peacekeeping,MNG,0.4321116,0.61563677,0.5678884088993073,0.3843632340431213,-0.1835251748561859,Global South (G77/Developing)
peacekeeping,NER,0.1391426,0.495562,0.8608573973178864,0.5044380128383636,-0.3564193844795227,Global South (G77/Developing)
peacekeeping,MUS,-0.04451737,0.5469904,1.044517371803522,0.4530096054077148,-0.5915077663958073,Global South (G77/Developing)
peacekeeping,IRL,0.39715117,0.70691335,0.6028488278388977,0.2930866479873657,-0.309762179851532,Global North (Western/Allies)
peacekeeping,PAK,0.079627156,0.7308241,0.9203728437423706,0.2691758871078491,-0.6511969566345215,Global South (G77/Developing)
peacekeeping,BEL,0.1231487,0.61509264,0.8768512979149818,0.3849073648452759,-0.4919439330697059,Global North (Western/Allies)
peacekeeping,GHA,0.29911703,0.61689484,0.7008829712867737,0.3831051588058471,-0.3177778124809265,Global South (G77/Developing)
peacekeeping,GUY,0.22135724,0.37497172,0.7786427587270737,0.6250282824039459,-0.1536144763231277,Global South (G77/Developing)
peacekeeping,JPN,0.42793986,0.57894576,0.5720601379871368,0.4210542440414428,-0.1510058939456939,Global North (Western/Allies)
peacekeeping,BTN,0.19351342,0.57716274,0.806486576795578,0.4228372573852539,-0.3836493194103241,Global South (G77/Developing)
peacekeeping,BRB,0.27118796,0.4399594,0.728812038898468,0.5600405931472778,-0.1687714457511901,Global South (G77/Developing)
peacekeeping,DNK,0.3648741,0.5345016,0.6351259052753448,0.4654983878135681,-0.1696275174617767,Global North (Western/Allies)
peacekeeping,CRI,0.14129117,0.2605074,0.8587088286876678,0.7394925951957703,-0.1192162334918975,Global South (G77/Developing)
peacekeeping,WSM,0.20720695,0.5128039,0.7927930504083633,0.4871960878372192,-0.3055969625711441,Global South (G77/Developing)
peacekeeping,DMA,0.03194902,0.38850582,0.968050979077816,0.6114941835403442,-0.3565567955374717,Global South (G77/Developing)
peacekeeping,ATG,0.2106166,0.5501809,0.7893833965063095,0.4498190879821777,-0.3395643085241318,Global South (G77/Developing)
peacekeeping,KNA,0.33415473,0.2957777,0.6658452749252319,0.7042222917079926,0.0383770167827606,Global South (G77/Developing)
disarmament,TTO,0.50490993,0.6152591,0.4950900673866272,0.3847408890724182,-0.1103491783142089,Global South (G77/Developing)
disarmament,QAT,0.55068094,0.4895846,0.449319064617157,0.5104154050350189,0.0610963404178619,Global South (G77/Developing)
disarmament,ZAF,0.35014415,0.6777015,0.6498558521270752,0.322298526763916,-0.3275573253631592,Global South (G77/Developing)
disarmament,USA,0.48164943,0.47962493,0.5183505713939667,0.5203750729560852,0.0020245015621185,P5 (Major Powers)
disarmament,GTM,0.58592004,0.5273619,0.4140799641609192,0.4726380705833435,0.0585581064224243,Global South (G77/Developing)
disarmament,SDN,0.6084121,0.45939893,0.3915879130363464,0.5406010746955872,0.1490131616592407,Global South (G77/Developing)
disarmament,MAR,0.5910357,0.48511833,0.4089642763137817,0.5148816704750061,0.1059173941612243,Global South (G77/Developing)
disarmament,CAN,0.6105659,0.65027356,0.3894340991973877,0.3497264385223388,-0.0397076606750488,Global North (Western/Allies)
disarmament,ESP,0.603122,0.5844461,0.3968780040740967,0.4155539274215698,0.0186759233474731,Global North (Western/Allies)
disarmament,HTI,0.5166208,0.4170307,0.4833791851997375,0.5829693078994751,0.0995901226997375,Global South (G77/Developing)
disarmament,MLT,0.5955386,0.5780817,0.4044613838195801,0.4219182729721069,0.0174568891525268,Global North (Western/Allies)
disarmament,IRQ,0.53362143,0.48432863,0.4663785696029663,0.5156713724136353,0.0492928028106689,Global South (G77/Developing)
disarmament,JAM,0.6106123,0.5886207,0.3893877267837524,0.4113792777061462,0.0219915509223938,Global South (G77/Developing)
disarmament,YEM,0.5733186,0.4244237,0.4266813993453979,0.5755763053894043,0.1488949060440063,Global South (G77/Developing)
disarmament,SOM,0.6766571,0.20133622,0.3233429193496704,0.798663780093193,0.4753208607435226,Global South (G77/Developing)
disarmament,NGA,0.66830766,0.7236569,0.3316923379898071,0.2763431072235107,-0.0553492307662963,Global South (G77/Developing)
disarmament,SEN,0.55057275,0.57294154,0.4494272470474243,0.427058458328247,-0.0223687887191772,Global South (G77/Developing)
disarmament,IRN,0.63006306,0.6045229,0.3699369430541992,0.3954771161079407,0.0255401730537414,Global South (G77/Developing)
disarmament,KWT,0.5991256,0.6188235,0.400874376296997,0.3811764717102051,-0.0196979045867919,Global South (G77/Developing)
disarmament,LBR,0.5709182,0.2782631,0.4290817975997925,0.7217369079589844,0.2926551103591919,Global South (G77/Developing)
disarmament,CMR,0.6034354,0.5412357,0.3965646028518677,0.4587643146514892,0.0621997117996215,Global South (G77/Developing)
disarmament,NPL,0.647436,0.56593835,0.3525639772415161,0.4340616464614868,0.0814976692199707,Global South (G77/Developing)
disarmament,LAO,0.544351,0.5942912,0.4556490182876587,0.4057087898254394,-0.0499402284622192,Global South (G77/Developing)
disarmament,UKR,0.5901404,0.57469755,0.4098595976829529,0.4253024458885193,0.0154428482055664,Global North (Western/Allies)
disarmament,ROU,0.6984396,0.5974336,0.3015604019165039,0.4025663733482361,0.1010059714317321,Global North (Western/Allies)
disarmament,BEN,0.5822052,0.54683816,0.4177948236465454,0.4531618356704712,0.0353670120239257,Global South (G77/Developing)
disarmament,GAB,0.5424314,0.59505093,0.4575685858726501,0.4049490690231323,-0.0526195168495178,Global South (G77/Developing)
disarmament,PRY,0.52345335,0.54210746,0.4765466451644897,0.4578925371170044,-0.0186541080474853,Global South (G77/Developing)
disarmament,THA,0.6787348,0.54348713,0.3212652206420898,0.4565128684043884,0.1352476477622985,Global South (G77/Developing)
disarmament,MMR,0.6260608,0.6009283,0.3739392161369324,0.3990716934204101,0.0251324772834777,Global South (G77/Developing)
disarmament,TGO,0.51526964,0.49147955,0.4847303628921509,0.5085204541683197,0.0237900912761688,Global South (G77/Developing)
disarmament,AUS,0.55841196,0.62309253,0.4415880441665649,0.376907467842102,-0.0646805763244628,Global North (Western/Allies)
disarmament,NLD,0.6555306,0.5442384,0.3444694280624389,0.4557616114616394,0.1112921833992004,Global North (Western/Allies)
disarmament,LBN,0.61060244,0.34812063,0.3893975615501404,0.6518793702125549,0.2624818086624145,Global South (G77/Developing)
disarmament,SLE,0.6113888,0.47540256,0.3886111974716186,0.5245974361896515,0.1359862387180328,Global South (G77/Developing)
disarmament,EGY,0.60352856,0.6171756,0.3964714407920837,0.3828244209289551,-0.0136470198631286,Global South (G77/Developing)
disarmament,NZL,0.6304948,0.58700144,0.369505226612091,0.4129985570907593,0.0434933304786682,Global North (Western/Allies)
disarmament,UGA,0.64272976,0.4981846,0.3572702407836914,0.5018154084682465,0.144545167684555,Global South (G77/Developing)
disarmament,CSK,0.57914007,0.42158148,0.4208599328994751,0.5784185230731964,0.1575585901737213,Global South (G77/Developing)
disarmament,TZA,0.629328,0.64106137,0.3706719875335693,0.3589386343955993,-0.0117333531379699,Global South (G77/Developing)
disarmament,FJI,0.61874473,0.6016122,0.3812552690505981,0.3983877897262573,0.0171325206756591,Global South (G77/Developing)
disarmament,NIC,0.55509716,0.42025667,0.4449028372764587,0.5797433257102966,0.1348404884338379,Global South (G77/Developing)
disarmament,ITA,0.57690936,0.6370109,0.4230906367301941,0.3629891276359558,-0.0601015090942382,Global North (Western/Allies)
disarmament,TCD,0.488734,0.39096045,0.5112659931182861,0.6090395450592041,0.0977735519409179,Global South (G77/Developing)
disarmament,PER,0.6014002,0.6186205,0.3985998034477234,0.38137948513031,-0.0172203183174133,Global South (G77/Developing)
disarmament,COL,0.45951724,0.43364817,0.540482759475708,0.5663518309593201,0.025869071483612,Global South (G77/Developing)
disarmament,CHL,0.5908905,0.5729392,0.4091094732284546,0.4270607829093933,0.0179513096809387,Global South (G77/Developing)
disarmament,SLV,0.5263749,0.5312102,0.473625123500824,0.4687898159027099,-0.004835307598114,Global South (G77/Developing)
disarmament,FIN,0.62816656,0.6580537,0.3718334436416626,0.3419463038444519,-0.0298871397972106,Global North (Western/Allies)
disarmament,SAU,0.3944205,0.41695267,0.6055794954299927,0.5830473303794861,-0.0225321650505065,Global South (G77/Developing)
disarmament,SGP,0.42485717,0.21388938,0.5751428306102753,0.7861106246709824,0.2109677940607071,Global South (G77/Developing)
disarmament,CIV,0.49127552,0.48886895,0.5087244808673859,0.5111310482025146,0.0024065673351287,Global South (G77/Developing)
disarmament,CUB,0.5316332,0.47259024,0.468366801738739,0.5274097621440887,0.0590429604053497,Global South (G77/Developing)
disarmament,ISR,0.407408,0.4284191,0.5925920009613037,0.5715808868408203,-0.0210111141204834,Global North (Western/Allies)
disarmament,KHM,0.59912896,0.49482974,0.4008710384368896,0.5051702558994293,0.1042992174625396,Global South (G77/Developing)
disarmament,KEN,0.6155547,0.6035781,0.384445309638977,0.3964219093322754,0.0119765996932983,Global South (G77/Developing)
disarmament,GIN,0.64967215,0.63153577,0.3503278493881225,0.3684642314910888,0.0181363821029663,Global South (G77/Developing)
disarmament,IDN,0.6076107,0.60863525,0.3923892974853515,0.3913647532463074,-0.0010245442390441,Global South (G77/Developing)
disarmament,BOL,0.4818542,0.3137068,0.5181457996368408,0.686293214559555,0.1681474149227142,Global South (G77/Developing)
disarmament,SYR,0.55298734,0.53563297,0.4470126628875732,0.4643670320510864,0.0173543691635131,Global South (G77/Developing)
disarmament,RUS,0.58578676,0.58964586,0.4142132401466369,0.4103541374206543,-0.0038591027259826,P5 (Major Powers)
disarmament,MDG,0.58911633,0.57596445,0.4108836650848388,0.4240355491638183,0.0131518840789794,Global South (G77/Developing)
disarmament,TUN,0.51679915,0.55403626,0.4832008481025696,0.4459637403488159,-0.0372371077537536,Global South (G77/Developing)
disarmament,NOR,0.58849335,0.60643506,0.4115066528320312,0.3935649394989013,-0.0179417133331298,Global North (Western/Allies)
disarmament,ALB,0.5289849,0.51678854,0.4710150957107544,0.4832114577293396,0.0121963620185852,Global South (G77/Developing)
disarmament,IND,0.6006367,0.58746445,0.3993632793426513,0.412535548210144,0.0131722688674926,Global South (G77/Developing)
disarmament,ARG,0.60725665,0.61014295,0.3927433490753174,0.3898570537567138,-0.0028862953186035,Global South (G77/Developing)
disarmament,JOR,0.54645675,0.47145888,0.4535432457923889,0.5285411179065704,0.0749978721141815,Global South (G77/Developing)
disarmament,SWE,0.58458745,0.61763895,0.4154125452041626,0.3823610544204712,-0.0330514907836914,Global North (Western/Allies)
disarmament,CHN,0.71327955,0.59778166,0.2867204546928406,0.4022183418273926,0.115497887134552,P5 (Major Powers)
disarmament,BFA,0.5776411,0.46324897,0.4223588705062866,0.5367510318756104,0.1143921613693237,Global South (G77/Developing)
disarmament,ECU,0.54631007,0.5390731,0.4536899328231811,0.46092689037323,0.0072369575500488,Global South (G77/Developing)
disarmament,BGR,0.62251526,0.62075865,0.3774847388267517,0.3792413473129272,0.0017566084861755,Global North (Western/Allies)
disarmament,PHL,0.60771,0.5806711,0.3922899961471557,0.4193289279937744,0.0270389318466186,Global South (G77/Developing)
disarmament,LKA,0.58950835,0.62333405,0.4104916453361511,0.3766659498214721,-0.0338256955146789,Global South (G77/Developing)
disarmament,POL,0.5719365,0.5768427,0.4280635118484497,0.423157274723053,-0.0049062371253967,Global North (Western/Allies)
disarmament,DZA,0.5119667,0.52157,0.4880332946777344,0.4784299731254577,-0.0096033215522766,Global South (G77/Developing)
disarmament,CYP,0.63114357,0.59445304,0.3688564300537109,0.4055469632148742,0.0366905331611633,Global North (Western/Allies)
disarmament,COG,0.48522165,0.58404374,0.514778345823288,0.4159562587738037,-0.0988220870494842,Global South (G77/Developing)
disarmament,AUT,0.5964689,0.596769,0.4035310745239258,0.4032310247421264,-0.0003000497817993,Global North (Western/Allies)
disarmament,MEX,0.54953575,0.59687173,0.4504642486572265,0.4031282663345337,-0.0473359823226928,Global South (G77/Developing)
disarmament,MYS,0.6137006,0.6485347,0.3862993717193603,0.3514652848243713,-0.034834086894989,Global South (G77/Developing)
disarmament,CAF,0.5339579,0.5733609,0.4660421013832092,0.4266390800476074,-0.0394030213356018,Global South (G77/Developing)
disarmament,VEN,0.5217199,0.49860346,0.4782801270484924,0.5013965368270874,0.0231164097785949,Global South (G77/Developing)
disarmament,HUN,0.6205002,0.5721038,0.3794997930526733,0.4278962016105652,0.0483964085578918,Global North (Western/Allies)
disarmament,ISL,0.6164983,0.5844694,0.3835017085075378,0.4155306220054626,0.0320289134979248,Global North (Western/Allies)
disarmament,GRC,0.6255586,0.5538505,0.374441385269165,0.4461495280265808,0.0717081427574157,Global North (Western/Allies)
disarmament,COD,0.6185894,0.38151574,0.3814105987548828,0.6184842586517334,0.2370736598968505,Global South (G77/Developing)
disarmament,LUX,0.5653025,0.59155387,0.4346975088119507,0.4084461331367492,-0.0262513756752014,Global North (Western/Allies)
disarmament,ZMB,0.62148386,0.6095857,0.378516137599945,0.390414297580719,0.0118981599807739,Global South (G77/Developing)
disarmament,URY,0.582137,0.5931234,0.4178630113601684,0.4068766236305237,-0.0109863877296447,Global South (G77/Developing)
disarmament,PAN,0.5485504,0.2827865,0.4514495730400085,0.71721351146698,0.2657639384269714,Global South (G77/Developing)
disarmament,AFG,0.64028645,0.37655994,0.3597135543823242,0.6234400570392609,0.2637265026569366,Global South (G77/Developing)
disarmament,TUR,0.5824845,0.59702027,0.4175155162811279,0.4029797315597534,-0.0145357847213745,Global South (G77/Developing)
disarmament,LBY,0.6720904,0.5716645,0.3279095888137817,0.4283354878425598,0.100425899028778,Global South (G77/Developing)
disarmament,BRA,0.576035,0.5648339,0.4239649772644043,0.4351661205291748,0.0112011432647705,Global South (G77/Developing)
disarmament,ETH,0.6112428,0.5620759,0.3887572288513183,0.4379240870475769,0.0491668581962585,Global South (G77/Developing)
disarmament,DOM,0.48630628,0.42898986,0.5136937201023102,0.5710101425647736,0.0573164224624633,Global South (G77/Developing)
disarmament,MNG,0.62759167,0.59194994,0.3724083304405212,0.4080500602722168,0.0356417298316955,Global South (G77/Developing)
disarmament,BDI,0.6500983,0.40603298,0.3499016761779785,0.5939670205116272,0.2440653443336486,Global South (G77/Developing)
disarmament,NER,0.5226697,0.5803429,0.4773303270339966,0.4196571111679077,-0.0576732158660888,Global South (G77/Developing)
disarmament,MUS,0.6135749,0.59128094,0.3864250779151916,0.4087190628051758,0.0222939848899841,Global South (G77/Developing)
disarmament,IRL,0.6214287,0.6349554,0.3785712718963623,0.3650445938110351,-0.0135266780853271,Global North (Western/Allies)
disarmament,FRA,0.59041405,0.6144202,0.409585952758789,0.3855798244476318,-0.0240061283111572,P5 (Major Powers)
disarmament,PAK,0.6440779,0.6314437,0.3559221029281616,0.3685563206672668,0.0126342177391052,Global South (G77/Developing)
disarmament,MLI,0.58311415,0.6103629,0.4168858528137207,0.3896371126174927,-0.027248740196228,Global South (G77/Developing)
disarmament,BEL,0.5963476,0.6226872,0.4036524295806885,0.3773127794265747,-0.0263396501541137,Global North (Western/Allies)
disarmament,GHA,0.6218573,0.58475006,0.3781427145004272,0.4152499437332153,0.037107229232788,Global South (G77/Developing)
disarmament,BLR,0.60431665,0.58023924,0.3956833481788635,0.4197607636451721,0.0240774154663085,Global North (Western/Allies)
disarmament,GUY,0.6207818,0.5626032,0.3792182207107544,0.4373968243598938,0.0581786036491394,Global South (G77/Developing)
disarmament,JPN,0.65410274,0.60283256,0.3458972573280334,0.397167444229126,0.0512701869010925,Global North (Western/Allies)
disarmament,RWA,0.5711639,0.29477075,0.4288361072540283,0.705229252576828,0.2763931453227997,Global South (G77/Developing)
disarmament,MWI,0.5726975,0.41129833,0.4273024797439575,0.5887016654014587,0.1613991856575012,Global South (G77/Developing)
disarmament,BHR,0.60430783,0.474764,0.3956921696662903,0.5252360105514526,0.1295438408851623,Global South (G77/Developing)
disarmament,ARE,0.5765625,0.57766825,0.4234374761581421,0.4223317503929138,-0.0011057257652282,Global South (G77/Developing)
disarmament,HND,0.48498476,0.5967858,0.5150152444839478,0.4032142162322998,-0.1118010282516479,Global South (G77/Developing)
disarmament,GMB,0.47838414,0.44786882,0.5216158628463745,0.552131175994873,0.0305153131484985,Global South (G77/Developing)
disarmament,BTN,0.58829105,0.54500914,0.4117089509963989,0.4549908638000488,0.0432819128036499,Global South (G77/Developing)
disarmament,SWZ,0.56034046,0.5306901,0.4396595358848572,0.46930992603302,0.0296503901481628,Global South (G77/Developing)
disarmament,BRB,0.57425916,0.52886754,0.4257408380508423,0.4711324572563171,0.0453916192054748,Global South (G77/Developing)
disarmament,DNK,0.63213325,0.61478686,0.3678667545318603,0.3852131366729736,0.0173463821411132,Global North (Western/Allies)
disarmament,CRI,0.50015426,0.5597453,0.4998457431793213,0.4402546882629394,-0.0595910549163818,Global South (G77/Developing)
disarmament,PRT,0.59873676,0.5544387,0.4012632369995117,0.4455612897872925,0.0442980527877807,Global North (Western/Allies)
disarmament,OMN,0.6442087,0.5736835,0.3557912707328796,0.426316499710083,0.0705252289772033,Global South (G77/Developing)
disarmament,BHS,0.6114088,0.42966124,0.3885911703109741,0.5703387558460236,0.1817475855350494,Global South (G77/Developing)
disarmament,LSO,0.5768274,0.628759,0.4231725931167602,0.3712409734725952,-0.051931619644165,Global South (G77/Developing)
disarmament,DEU,0.5778337,0.59575814,0.4221662878990173,0.4042418599128723,-0.017924427986145,Global North (Western/Allies)
disarmament,BGD,0.69166225,0.6015531,0.3083377480506897,0.3984469175338745,0.0901091694831848,Global South (G77/Developing)
disarmament,GNQ,0.47386998,0.3924356,0.5261300206184387,0.607564389705658,0.0814343690872192,Global South (G77/Developing)
disarmament,GRD,0.52144194,0.557371,0.4785580635070801,0.4426289796829223,-0.0359290838241577,Global South (G77/Developing)
disarmament,BWA,0.5756044,0.57888675,0.4243956208229065,0.4211132526397705,-0.0032823681831359,Global South (G77/Developing)
disarmament,MOZ,0.61837244,0.47099388,0.3816275596618652,0.5290061235427856,0.1473785638809204,Global South (G77/Developing)
disarmament,STP,0.52225035,0.47197428,0.4777496457099914,0.5280257165431976,0.0502760708332061,Global South (G77/Developing)
disarmament,CPV,0.5736915,0.5576903,0.4263085126876831,0.4423096776008606,0.0160011649131774,Global South (G77/Developing)
disarmament,PNG,0.5782633,0.5499196,0.4217367172241211,0.450080394744873,0.0283436775207519,Global South (G77/Developing)
disarmament,MDV,0.62278694,0.56682956,0.3772130608558655,0.4331704378128052,0.0559573769569397,Global South (G77/Developing)
disarmament,GNB,0.50580037,0.35707343,0.4941996335983276,0.6429265737533569,0.1487269401550293,Global South (G77/Developing)
disarmament,SUR,0.55108625,0.5693694,0.4489137530326843,0.430630624294281,-0.0182831287384033,Global South (G77/Developing)
disarmament,COM,0.40835002,0.47580516,0.591649979352951,0.5241948366165161,-0.0674551427364349,Global South (G77/Developing)
disarmament,WSM,0.576684,0.58469045,0.4233160018920898,0.4153095483779907,-0.0080064535140991,Global South (G77/Developing)
disarmament,AGO,0.55371535,0.5022603,0.4462846517562866,0.4977396726608276,0.051455020904541,Global South (G77/Developing)
disarmament,VNM,0.5538994,0.65386474,0.4461005926132202,0.3461352586746216,-0.0999653339385986,Global South (G77/Developing)
disarmament,DMA,0.5601728,0.54867995,0.4398272037506103,0.4513200521469116,0.0114928483963012,Global South (G77/Developing)
disarmament,DJI,0.21619737,0.24893929,0.7838026285171509,0.7510607093572617,-0.0327419191598892,Global South (G77/Developing)
disarmament,LCA,0.61381716,0.43455893,0.3861828446388244,0.5654410719871521,0.1792582273483276,Global South (G77/Developing)
disarmament,ZWE,0.61565596,0.5539513,0.3843440413475036,0.4460486769676208,0.0617046356201171,Global South (G77/Developing)
disarmament,VCT,0.59980494,0.34938127,0.4001950621604919,0.6506187319755554,0.2504236698150635,Global South (G77/Developing)
disarmament,ATG,0.49243182,0.5359783,0.5075681805610657,0.4640216827392578,-0.0435464978218078,Global South (G77/Developing)
disarmament,BLZ,0.5437049,0.38820595,0.4562950730323791,0.6117940545082092,0.15549898147583,Global South (G77/Developing)
disarmament,VUT,0.29028094,0.55638516,0.7097190618515015,0.4436148405075073,-0.2661042213439941,Global South (G77/Developing)
disarmament,SLB,0.62065065,0.6294472,0.3793493509292602,0.3705527782440185,-0.0087965726852417,Global South (G77/Developing)
disarmament,BRN,0.29493442,0.3462541,0.7050655782222748,0.6537458896636963,-0.0513196885585784,Global South (G77/Developing)
disarmament,KNA,0.50374264,0.35862547,0.4962573647499084,0.6413745284080505,0.1451171636581421,Global South (G77/Developing)
disarmament,LIE,0.39511028,0.49422085,0.6048897206783295,0.5057791471481323,-0.0991105735301971,Global South (G77/Developing)
disarmament,PRK,0.42627078,0.6558168,0.5737292170524597,0.3441832065582275,-0.2295460104942321,Global South (G77/Developing)
armed_conflict,TTO,0.4944972,0.3978533,0.5055027902126312,0.6021466851234436,0.0966438949108123,Global South (G77/Developing)
armed_conflict,USA,0.04008356,0.31544545,0.9599164389073848,0.6845545470714569,-0.2753618918359279,P5 (Major Powers)
armed_conflict,GTM,0.18389563,0.24663691,0.8161043673753738,0.7533630877733231,-0.0627412796020507,Global South (G77/Developing)
armed_conflict,SDN,0.11098091,0.23548564,0.8890190869569778,0.7645143568515778,-0.1245047301054,Global South (G77/Developing)
armed_conflict,MAR,-0.010410574,0.39589936,1.0104105742648244,0.6041006445884705,-0.4063099296763539,Global South (G77/Developing)
armed_conflict,CAN,0.26652706,0.2612394,0.7334729433059692,0.7387605905532837,0.0052876472473144,Global North (Western/Allies)
armed_conflict,ESP,0.45856994,0.49314463,0.5414300560951233,0.5068553686141968,-0.0345746874809265,Global North (Western/Allies)
armed_conflict,MRT,0.3525585,0.4259556,0.6474415063858032,0.574044406414032,-0.0733970999717712,Global South (G77/Developing)
armed_conflict,HTI,0.3055472,0.47654715,0.6944527924060822,0.5234528481960297,-0.1709999442100525,Global South (G77/Developing)
armed_conflict,MLT,0.14097062,0.31433016,0.8590293824672699,0.6856698393821716,-0.1733595430850982,Global North (Western/Allies)
armed_conflict,IRQ,0.36901957,0.4000913,0.6309804320335388,0.599908709526062,-0.0310717225074768,Global South (G77/Developing)
armed_conflict,YEM,0.14240813,0.4183371,0.8575918674468994,0.5816628932952881,-0.2759289741516113,Global South (G77/Developing)
armed_conflict,SOM,0.3000201,0.23414715,0.6999799013137817,0.7658528536558151,0.0658729523420333,Global South (G77/Developing)
armed_conflict,SEN,0.23360705,0.45225698,0.7663929462432861,0.547743022441864,-0.2186499238014221,Global South (G77/Developing)
armed_conflict,LBR,-0.011240844,0.39173442,1.0112408436834812,0.6082655787467957,-0.4029752649366855,Global South (G77/Developing)
armed_conflict,CMR,0.4054033,0.24119501,0.5945967137813568,0.7588049918413162,0.1642082780599594,Global South (G77/Developing)
armed_conflict,NPL,0.4714375,0.17678833,0.5285624861717224,0.823211669921875,0.2946491837501526,Global South (G77/Developing)
armed_conflict,LAO,0.33408728,0.42748168,0.6659127175807953,0.5725183188915253,-0.09339439868927,Global South (G77/Developing)
armed_conflict,UKR,0.48902306,0.46889183,0.5109769403934479,0.531108170747757,0.020131230354309,Global North (Western/Allies)
armed_conflict,ROU,0.41159523,0.15649204,0.5884047746658325,0.8435079604387283,0.2551031857728958,Global North (Western/Allies)
armed_conflict,BEN,0.42369586,0.2669233,0.5763041377067566,0.7330766916275024,0.1567725539207458,Global South (G77/Developing)
armed_conflict,GAB,0.23034158,0.47401887,0.7696584165096283,0.5259811282157898,-0.2436772882938385,Global South (G77/Developing)
armed_conflict,PRY,0.10253667,0.26576403,0.8974633291363716,0.7342359721660614,-0.1632273569703102,Global South (G77/Developing)
armed_conflict,THA,0.40148357,0.34068972,0.598516434431076,0.6593102812767029,0.0607938468456268,Global South (G77/Developing)
armed_conflict,MMR,0.4062248,0.27188876,0.59377521276474,0.7281112372875214,0.1343360245227813,Global South (G77/Developing)
armed_conflict,TGO,0.38311592,0.42835814,0.6168840825557709,0.5716418623924255,-0.0452422201633453,Global South (G77/Developing)
armed_conflict,AUS,0.3042208,0.31172806,0.6957792043685913,0.6882719397544861,-0.0075072646141052,Global North (Western/Allies)
armed_conflict,NLD,0.45845345,0.27740434,0.5415465533733368,0.7225956618785858,0.181049108505249,Global North (Western/Allies)
armed_conflict,LBN,0.08760333,0.22881357,0.9123966693878174,0.771186426281929,-0.1412102431058883,Global South (G77/Developing)
armed_conflict,SLE,0.26113167,0.29518577,0.7388683259487152,0.704814225435257,-0.0340541005134582,Global South (G77/Developing)
armed_conflict,EGY,0.5111624,0.3414169,0.4888375997543335,0.6585831046104431,0.1697455048561096,Global South (G77/Developing)
armed_conflict,NZL,0.2676593,0.2396431,0.7323406934738159,0.7603569030761719,0.0280162096023559,Global North (Western/Allies)
armed_conflict,UGA,0.20332456,0.28529638,0.796675443649292,0.7147036194801331,-0.0819718241691589,Global South (G77/Developing)
armed_conflict,FJI,0.34463733,0.27869266,0.6553626656532288,0.7213073372840881,0.0659446716308593,Global South (G77/Developing)
armed_conflict,NIC,0.082714684,0.25805733,0.9172853156924248,0.7419426739215851,-0.1753426417708397,Global South (G77/Developing)
armed_conflict,ITA,0.5299145,0.22355542,0.4700855016708374,0.7764445841312408,0.3063590824604034,Global North (Western/Allies)
armed_conflict,TCD,0.27057117,0.5300929,0.7294288277626038,0.4699071049690246,-0.2595217227935791,Global South (G77/Developing)
armed_conflict,PER,0.08945938,0.26794788,0.9105406180024148,0.7320521175861359,-0.1784885004162788,Global South (G77/Developing)
armed_conflict,COL,0.29091334,0.14390647,0.7090866565704346,0.8560935258865356,0.147006869316101,Global South (G77/Developing)
armed_conflict,CHL,0.07013266,0.3547799,0.9298673421144484,0.6452201008796692,-0.2846472412347793,Global South (G77/Developing)
armed_conflict,SLV,0.32730484,0.23730133,0.6726951599121094,0.7626986652612686,0.0900035053491592,Global South (G77/Developing)
armed_conflict,FIN,0.3008871,0.41452792,0.6991128921508789,0.5854720771312714,-0.1136408150196075,Global North (Western/Allies)
armed_conflict,SAU,0.5471606,0.39978248,0.4528393745422363,0.6002175211906433,0.1473781466484069,Global South (G77/Developing)
armed_conflict,CIV,0.20163739,0.411923,0.7983626127243042,0.5880770087242126,-0.2102856040000915,Global South (G77/Developing)
armed_conflict,CUB,0.29189277,0.33753702,0.7081072330474854,0.66246297955513,-0.0456442534923553,Global South (G77/Developing)
armed_conflict,ISR,0.54311025,0.18571675,0.4568897485733032,0.8142832517623901,0.3573935031890869,Global North (Western/Allies)
armed_conflict,KHM,0.34018344,0.429957,0.659816563129425,0.5700429975986481,-0.0897735655307769,Global South (G77/Developing)
armed_conflict,KEN,0.43424737,0.35865948,0.5657526254653931,0.6413405239582062,0.0755878984928131,Global South (G77/Developing)
armed_conflict,IDN,0.384239,0.36855412,0.615761011838913,0.6314458847045898,0.0156848728656768,Global South (G77/Developing)
armed_conflict,BOL,-0.06145486,0.26536292,1.0614548586308956,0.7346370816230774,-0.3268177770078182,Global South (G77/Developing)
armed_conflict,SYR,0.46931562,0.39049757,0.5306843817234039,0.6095024347305298,0.0788180530071258,Global South (G77/Developing)
armed_conflict,RUS,0.32043725,0.35588598,0.6795627474784851,0.6441140174865723,-0.0354487299919128,P5 (Major Powers)
armed_conflict,MDG,0.19855958,0.45632857,0.801440417766571,0.5436714291572571,-0.2577689886093139,Global South (G77/Developing)
armed_conflict,TUN,0.33038023,0.5256172,0.6696197688579559,0.4743828177452087,-0.1952369511127472,Global South (G77/Developing)
armed_conflict,NOR,0.33426818,0.36491618,0.665731817483902,0.6350838243961334,-0.0306479930877685,Global North (Western/Allies)
armed_conflict,ALB,0.53016794,0.42436063,0.4698320627212524,0.5756393671035767,0.1058073043823242,Global South (G77/Developing)
armed_conflict,ARG,0.24166736,0.36470273,0.7583326399326324,0.6352972686290741,-0.1230353713035583,Global South (G77/Developing)
armed_conflict,JOR,0.41256657,0.27745104,0.5874334275722504,0.7225489616394043,0.1351155340671539,Global South (G77/Developing)
armed_conflict,SWE,0.16951728,0.2659844,0.8304827213287354,0.7340156137943268,-0.0964671075344085,Global North (Western/Allies)
armed_conflict,CHN,0.18885918,0.4787111,0.8111408203840256,0.5212889015674591,-0.2898519188165664,P5 (Major Powers)
armed_conflict,BFA,0.54792404,0.3965773,0.4520759582519531,0.6034227013587952,0.151346743106842,Global South (G77/Developing)
armed_conflict,ECU,0.23361412,0.34560415,0.7663858830928802,0.6543958485126495,-0.1119900345802307,Global South (G77/Developing)
armed_conflict,BGR,0.48268223,0.41726568,0.5173177719116211,0.5827343165874481,0.065416544675827,Global North (Western/Allies)
armed_conflict,PHL,-0.04666288,0.34538013,1.0466628782451153,0.6546198725700378,-0.3920430056750774,Global South (G77/Developing)
armed_conflict,LKA,0.50879014,0.37073207,0.491209864616394,0.6292679309844971,0.138058066368103,Global South (G77/Developing)
armed_conflict,POL,0.36977828,0.43505517,0.6302217245101929,0.5649448335170746,-0.0652768909931182,Global North (Western/Allies)
armed_conflict,DZA,0.26564825,0.26599026,0.7343517541885376,0.7340097427368164,-0.0003420114517211,Global South (G77/Developing)
armed_conflict,CYP,0.3493751,0.2884626,0.6506249010562897,0.7115373909473419,0.0609124898910522,Global North (Western/Allies)
armed_conflict,COG,0.43661162,0.50520396,0.5633883774280548,0.4947960376739502,-0.0685923397541046,Global South (G77/Developing)
armed_conflict,AUT,0.44424093,0.44286096,0.555759072303772,0.5571390390396118,0.0013799667358398,Global North (Western/Allies)
armed_conflict,MEX,0.38264543,0.41722518,0.6173545718193054,0.582774817943573,-0.0345797538757324,Global South (G77/Developing)
armed_conflict,MYS,0.361475,0.10421094,0.6385250091552734,0.8957890570163727,0.2572640478610992,Global South (G77/Developing)
armed_conflict,CAF,0.3030076,0.3205515,0.6969923973083496,0.6794484853744507,-0.0175439119338989,Global South (G77/Developing)
armed_conflict,VEN,0.24347262,0.29276884,0.756527379155159,0.7072311639785767,-0.0492962151765823,Global South (G77/Developing)
armed_conflict,HUN,0.4705463,0.42984307,0.529453694820404,0.5701569318771362,0.0407032370567321,Global North (Western/Allies)
armed_conflict,YUG,0.35363778,0.105580375,0.6463622152805328,0.8944196254014969,0.248057410120964,Global South (G77/Developing)
armed_conflict,ISL,0.39343497,0.31046334,0.6065650284290314,0.6895366609096527,0.0829716324806213,Global North (Western/Allies)
armed_conflict,GRC,0.24849069,0.41967624,0.7515093088150024,0.5803237557411194,-0.171185553073883,Global North (Western/Allies)
armed_conflict,COD,0.040693477,0.49667197,0.9593065232038498,0.5033280253410339,-0.4559784978628158,Global South (G77/Developing)
armed_conflict,LUX,0.22446653,0.5409808,0.7755334675312042,0.4590191841125488,-0.3165142834186554,Global North (Western/Allies)
armed_conflict,ZMB,0.3080243,0.32780135,0.6919757127761841,0.6721986532211304,-0.0197770595550537,Global South (G77/Developing)
armed_conflict,URY,0.4079468,0.39791396,0.5920532047748566,0.6020860373973846,0.010032832622528,Global South (G77/Developing)
armed_conflict,PAN,0.24868657,0.2851748,0.7513134330511093,0.7148252129554749,-0.0364882200956344,Global South (G77/Developing)
armed_conflict,AFG,0.43192327,0.294578,0.5680767297744751,0.7054220139980316,0.1373452842235565,Global South (G77/Developing)
armed_conflict,TUR,0.48210675,0.37062985,0.5178932547569275,0.6293701529502869,0.1114768981933593,Global South (G77/Developing)
armed_conflict,LBY,0.32875735,0.42633227,0.6712426543235779,0.5736677348613739,-0.0975749194622039,Global South (G77/Developing)
armed_conflict,BRA,0.19087276,0.23418865,0.8091272413730621,0.7658113539218903,-0.0433158874511718,Global South (G77/Developing)
armed_conflict,ETH,0.26999053,0.2060352,0.7300094664096832,0.7939648032188416,0.0639553368091583,Global South (G77/Developing)
armed_conflict,DOM,0.31215227,0.29788247,0.6878477334976196,0.702117532491684,0.0142697989940643,Global South (G77/Developing)
armed_conflict,MNG,0.48069346,0.44399405,0.5193065404891968,0.5560059547424316,0.0366994142532348,Global South (G77/Developing)
armed_conflict,BDI,0.41037363,0.20638813,0.5896263718605042,0.7936118692159653,0.2039854973554611,Global South (G77/Developing)
armed_conflict,NER,0.19720921,0.5388845,0.8027907907962799,0.4611154794692993,-0.3416753113269806,Global South (G77/Developing)
armed_conflict,MUS,0.2010397,0.32617772,0.7989602982997894,0.673822283744812,-0.1251380145549774,Global South (G77/Developing)
armed_conflict,IRL,0.5722724,0.47474158,0.4277275800704956,0.5252584218978882,0.0975308418273925,Global North (Western/Allies)
armed_conflict,FRA,0.3943184,0.33717334,0.6056815981864929,0.662826657295227,0.0571450591087341,P5 (Major Powers)
armed_conflict,MLI,0.35742807,0.41356677,0.6425719261169434,0.5864332318305969,-0.0561386942863464,Global South (G77/Developing)
armed_conflict,BEL,0.3337251,0.33019578,0.666274905204773,0.6698042154312134,0.0035293102264404,Global North (Western/Allies)
armed_conflict,GHA,0.5167262,0.14760768,0.4832738041877746,0.852392315864563,0.3691185116767883,Global South (G77/Developing)
armed_conflict,BLR,0.37347168,0.32888666,0.6265283226966858,0.6711133420467377,0.0445850193500518,Global North (Western/Allies)
armed_conflict,JPN,0.5159096,0.40781906,0.4840903878211975,0.5921809375286102,0.1080905497074127,Global North (Western/Allies)
armed_conflict,RWA,0.286618,0.33066306,0.7133820056915283,0.6693369448184967,-0.0440450608730316,Global South (G77/Developing)
armed_conflict,MWI,0.49732846,0.41603452,0.5026715397834778,0.5839654803276062,0.0812939405441284,Global South (G77/Developing)
armed_conflict,BHR,0.23112471,0.32995474,0.7688752859830856,0.6700452566146851,-0.0988300293684005,Global South (G77/Developing)
armed_conflict,ARE,0.5705091,0.28414667,0.4294909238815307,0.7158533334732056,0.2863624095916748,Global South (G77/Developing)
armed_conflict,HND,0.32282594,0.2505445,0.6771740615367889,0.7494555115699768,0.0722814500331878,Global South (G77/Developing)
armed_conflict,GMB,0.29441565,0.41158512,0.7055843472480774,0.588414877653122,-0.1171694695949554,Global South (G77/Developing)
armed_conflict,BTN,0.2907192,0.22923744,0.709280788898468,0.77076256275177,0.061481773853302,Global South (G77/Developing)
armed_conflict,SWZ,-0.029878316,0.13246158,1.0298783164471388,0.8675384223461151,-0.1623398941010236,Global South (G77/Developing)
armed_conflict,BRB,0.27680922,0.35922822,0.7231907844543457,0.6407717764377594,-0.0824190080165863,Global South (G77/Developing)
armed_conflict,DNK,0.39428815,0.38842264,0.6057118475437164,0.6115773618221283,0.0058655142784118,Global North (Western/Allies)
armed_conflict,CRI,0.32358563,0.5036855,0.6764143705368042,0.496314525604248,-0.1800998449325561,Global South (G77/Developing)
armed_conflict,PRT,0.41521502,0.4189807,0.584784984588623,0.5810193121433258,-0.0037656724452972,Global North (Western/Allies)
armed_conflict,OMN,0.47953627,0.081544906,0.5204637348651886,0.9184550940990448,0.3979913592338562,Global South (G77/Developing)
armed_conflict,LSO,0.3285424,0.39022774,0.6714575886726379,0.609772264957428,-0.0616853237152099,Global South (G77/Developing)
armed_conflict,DEU,0.17455739,0.24463785,0.8254426121711731,0.7553621530532837,-0.0700804591178894,Global North (Western/Allies)
armed_conflict,BGD,0.49596757,0.46232295,0.5040324330329895,0.5376770496368408,0.0336446166038513,Global South (G77/Developing)
armed_conflict,BWA,0.26037395,0.2552609,0.7396260499954224,0.7447390854358673,0.0051130354404449,Global South (G77/Developing)
armed_conflict,MOZ,0.3825811,0.44451618,0.6174188852310181,0.5554838180541992,-0.0619350671768188,Global South (G77/Developing)
armed_conflict,CPV,0.4637156,0.3970707,0.5362843871116638,0.6029292941093445,0.0666449069976806,Global South (G77/Developing)
armed_conflict,PNG,0.61261815,0.09346974,0.3873818516731262,0.906530261039734,0.5191484093666077,Global South (G77/Developing)
armed_conflict,MDV,0.4888593,0.26418027,0.5111407041549683,0.7358197271823883,0.22467902302742,Global South (G77/Developing)
armed_conflict,GNB,0.57505226,0.35346538,0.4249477386474609,0.6465346217155457,0.2215868830680847,Global South (G77/Developing)
armed_conflict,SUR,0.30946082,0.4595806,0.6905391812324524,0.5404193997383118,-0.1501197814941406,Global South (G77/Developing)
armed_conflict,COM,-0.11004893,0.49655426,1.1100489273667336,0.5034457445144653,-0.6066031828522682,Global South (G77/Developing)
armed_conflict,WSM,0.23459089,0.38944015,0.7654091119766235,0.6105598509311676,-0.1548492610454559,Global South (G77/Developing)
armed_conflict,VNM,0.37782133,0.13432258,0.6221786737442017,0.8656774163246155,0.2434987425804138,Global South (G77/Developing)
armed_conflict,VAT,0.11364706,0.51466024,0.8863529413938522,0.4853397607803345,-0.4010131806135177,Global South (G77/Developing)
armed_conflict,DJI,0.55488527,0.24438328,0.4451147317886352,0.7556167244911194,0.3105019927024841,Global South (G77/Developing)
armed_conflict,LCA,0.39640597,-0.07708889,0.603594034910202,1.0770888924598694,0.4734948575496673,Global South (G77/Developing)
armed_conflict,ZWE,0.3776592,0.34492874,0.6223407983779907,0.6550712585449219,0.0327304601669311,Global South (G77/Developing)
armed_conflict,ATG,0.4901417,0.18454355,0.5098583102226257,0.8154564499855042,0.3055981397628784,Global South (G77/Developing)
armed_conflict,BLZ,0.011663808,0.23465115,0.9883361924439668,0.7653488516807556,-0.2229873407632112,Global South (G77/Developing)
armed_conflict,FSM,0.124919906,0.19456905,0.8750800937414169,0.8054309487342834,-0.0696491450071334,Global South (G77/Developing)
armed_conflict,PRK,0.50466835,0.30876017,0.4953316450119018,0.6912398338317871,0.1959081888198852,Global South (G77/Developing)
sanction,TTO,0.3232935,0.3102797,0.6767064929008484,0.6897203028202057,0.0130138099193573,Global South (G77/Developing)
sanction,QAT,0.4798707,0.45826212,0.5201292932033539,0.5417378842830658,0.0216085910797119,Global South (G77/Developing)
sanction,USA,0.27326497,0.51837814,0.7267350256443024,0.4816218614578247,-0.2451131641864776,P5 (Major Powers)
sanction,GTM,0.108868286,0.3174842,0.8911317139863968,0.6825157999992371,-0.2086159139871597,Global South (G77/Developing)
sanction,SDN,0.56901175,0.48914126,0.4309882521629333,0.5108587443828583,0.0798704922199249,Global South (G77/Developing)
sanction,MAR,0.4526675,0.4284893,0.5473324954509735,0.5715107023715973,0.0241782069206237,Global South (G77/Developing)
sanction,CAN,0.2000458,0.31311262,0.7999542057514191,0.6868873834609985,-0.1130668222904205,Global North (Western/Allies)
sanction,ESP,0.17588171,0.6203939,0.8241182863712311,0.3796061277389526,-0.4445121586322784,Global North (Western/Allies)
sanction,HTI,0.5535768,0.19981988,0.4464231729507446,0.800180122256279,0.3537569493055343,Global South (G77/Developing)
sanction,MLT,0.36954907,0.36976022,0.6304509341716766,0.6302397847175598,-0.0002111494541168,Global North (Western/Allies)
sanction,IRQ,0.63532704,0.5107572,0.3646729588508606,0.4892427921295166,0.124569833278656,Global South (G77/Developing)
sanction,JAM,0.442932,0.20369625,0.5570679903030396,0.7963037490844727,0.2392357587814331,Global South (G77/Developing)
sanction,YEM,0.46012264,0.4997656,0.5398773550987244,0.5002343952655792,-0.0396429598331451,Global South (G77/Developing)
sanction,SOM,0.55457836,0.15777305,0.4454216361045837,0.8422269523143768,0.3968053162097931,Global South (G77/Developing)
sanction,NGA,0.5720885,0.33308506,0.4279115200042724,0.6669149398803711,0.2390034198760986,Global South (G77/Developing)
sanction,SEN,0.54601,0.3288165,0.4539899826049804,0.6711834967136383,0.2171935141086578,Global South (G77/Developing)
sanction,IRN,0.63029927,0.46569026,0.3697007298469543,0.5343097448348999,0.1646090149879455,Global South (G77/Developing)
sanction,KWT,0.5339057,0.3873549,0.4660943150520324,0.6126450896263123,0.1465507745742797,Global South (G77/Developing)
sanction,LBR,0.6242714,0.4569204,0.3757286071777344,0.5430796146392822,0.1673510074615478,Global South (G77/Developing)
sanction,CMR,0.5376621,0.35848516,0.4623379111289978,0.6415148377418518,0.179176926612854,Global South (G77/Developing)
sanction,NPL,0.596966,0.32693064,0.403033971786499,0.6730693578720093,0.2700353860855102,Global South (G77/Developing)
sanction,LAO,0.29513294,0.29987326,0.7048670649528503,0.7001267373561859,-0.0047403275966644,Global South (G77/Developing)
sanction,UKR,0.5913501,0.35816345,0.4086499214172363,0.641836553812027,0.2331866323947906,Global North (Western/Allies)
sanction,ROU,0.20060861,0.3729454,0.7993913888931274,0.6270546019077301,-0.1723367869853973,Global North (Western/Allies)
sanction,BEN,0.53020036,0.16358303,0.4697996377944946,0.8364169746637344,0.3666173368692398,Global South (G77/Developing)
sanction,GAB,0.4869076,0.12081167,0.5130923986434937,0.8791883289813995,0.3660959303379059,Global South (G77/Developing)
sanction,PRY,0.23023722,0.28724924,0.76976278424263,0.7127507627010345,-0.0570120215415954,Global South (G77/Developing)
sanction,THA,0.48365688,0.06622255,0.5163431167602539,0.9337774515151978,0.4174343347549438,Global South (G77/Developing)
sanction,MMR,0.3644703,0.34700117,0.6355296969413757,0.6529988348484039,0.0174691379070281,Global South (G77/Developing)
sanction,TGO,0.45862988,0.22732088,0.5413701236248016,0.7726791203022003,0.2313089966773986,Global South (G77/Developing)
sanction,AUS,0.6436118,0.4068126,0.3563882112503052,0.5931873917579651,0.2367991805076599,Global North (Western/Allies)
sanction,NLD,0.6362326,0.43585005,0.3637673854827881,0.56414994597435,0.2003825604915619,Global North (Western/Allies)
sanction,SLE,0.46397287,0.41113973,0.5360271334648132,0.588860273361206,0.0528331398963928,Global South (G77/Developing)
sanction,EGY,0.51680946,0.36264732,0.4831905364990234,0.6373526751995087,0.1541621387004852,Global South (G77/Developing)
sanction,NZL,0.5966343,0.44976252,0.4033656716346741,0.5502374768257141,0.14687180519104,Global North (Western/Allies)
sanction,UGA,0.46481234,0.30936572,0.5351876616477966,0.6906342804431915,0.1554466187953949,Global South (G77/Developing)
sanction,TZA,0.6142043,0.5825791,0.3857957124710083,0.4174209237098694,0.031625211238861,Global South (G77/Developing)
sanction,FJI,0.1767738,0.3776521,0.823226198554039,0.622347891330719,-0.20087830722332,Global South (G77/Developing)
sanction,NIC,0.29105765,0.5064087,0.7089423537254333,0.49359130859375,-0.2153510451316833,Global South (G77/Developing)
sanction,ITA,0.09708665,0.32052678,0.9029133468866348,0.6794732213020325,-0.2234401255846023,Global North (Western/Allies)
sanction,TCD,0.45118117,0.5094,0.548818826675415,0.4905999898910522,-0.0582188367843627,Global South (G77/Developing)
sanction,PER,0.44254184,0.3281939,0.5574581623077393,0.6718060970306396,0.1143479347229003,Global South (G77/Developing)
sanction,COL,0.24347128,-0.009886927,0.7565287202596664,1.009886926971376,0.2533582067117095,Global South (G77/Developing)
sanction,CHL,0.26746243,0.35063222,0.732537567615509,0.6493677794933319,-0.0831697881221771,Global South (G77/Developing)
sanction,FIN,0.5510328,0.30225587,0.4489672183990478,0.6977441310882568,0.2487769126892089,Global North (Western/Allies)
sanction,SAU,0.41346914,0.44796896,0.586530864238739,0.5520310401916504,-0.0344998240470886,Global South (G77/Developing)
sanction,SGP,0.41354272,0.12015437,0.5864572823047638,0.8798456266522408,0.2933883443474769,Global South (G77/Developing)
sanction,CIV,0.5894505,0.35159785,0.410549521446228,0.6484021544456482,0.2378526329994201,Global South (G77/Developing)
sanction,CUB,0.57541156,0.5136965,0.4245884418487549,0.4863035082817077,0.0617150664329528,Global South (G77/Developing)
sanction,ISR,0.20045346,0.4371523,0.7995465397834778,0.5628477036952972,-0.2366988360881805,Global North (Western/Allies)
sanction,KHM,0.5640263,0.40737146,0.4359737038612366,0.592628538608551,0.1566548347473144,Global South (G77/Developing)
sanction,KEN,0.6224162,0.5915271,0.3775838017463684,0.4084728956222534,0.030889093875885,Global South (G77/Developing)
sanction,GIN,0.54678446,0.3018794,0.4532155394554138,0.6981205940246582,0.2449050545692443,Global South (G77/Developing)
sanction,IDN,0.5133975,0.15428421,0.4866024851799011,0.8457157909870148,0.3591133058071136,Global South (G77/Developing)
sanction,BOL,0.17992762,0.5027298,0.8200723826885223,0.4972702264785766,-0.3228021562099457,Global South (G77/Developing)
sanction,SYR,0.43638396,0.60467887,0.5636160373687744,0.3953211307525635,-0.1682949066162109,Global South (G77/Developing)
sanction,RUS,0.18979385,0.5232453,0.8102061450481415,0.4767547249794006,-0.3334514200687408,P5 (Major Powers)
sanction,MDG,0.4266483,0.18145588,0.5733517110347748,0.8185441195964813,0.2451924085617065,Global South (G77/Developing)
sanction,TUN,0.42801988,0.42109138,0.5719801187515259,0.5789086222648621,0.0069285035133361,Global South (G77/Developing)
sanction,NOR,0.5706163,0.26374394,0.4293836951255798,0.7362560629844666,0.3068723678588867,Global North (Western/Allies)
sanction,ALB,0.16240184,0.49735466,0.8375981599092484,0.502645343542099,-0.3349528163671493,Global South (G77/Developing)
sanction,IND,0.55795455,0.5773717,0.4420454502105713,0.4226282835006714,-0.0194171667098999,Global South (G77/Developing)
sanction,ARG,0.2504961,0.30312437,0.7495039105415344,0.6968756318092346,-0.0526282787322998,Global South (G77/Developing)
sanction,JOR,0.516616,0.52483314,0.4833840131759643,0.4751668572425842,-0.0082171559333801,Global South (G77/Developing)
sanction,SWE,0.5956733,0.34284732,0.4043266773223877,0.6571526825428009,0.2528260052204132,Global North (Western/Allies)
sanction,CHN,0.4609812,0.5118854,0.5390188097953796,0.488114595413208,-0.0509042143821716,P5 (Major Powers)
sanction,BFA,0.5475724,0.49916,0.4524276256561279,0.5008400082588196,0.0484123826026916,Global South (G77/Developing)
sanction,ECU,0.33715954,0.2510807,0.6628404557704926,0.7489193081855774,0.0860788524150848,Global South (G77/Developing)
sanction,BGR,0.2742049,0.30178967,0.7257950901985168,0.6982103288173676,-0.0275847613811492,Global North (Western/Allies)
sanction,GBR,0.42686486,0.29874802,0.5731351375579834,0.7012519836425781,0.1281168460845947,P5 (Major Powers)
sanction,PHL,0.6470519,0.13256954,0.3529481291770935,0.8674304634332657,0.5144823342561722,Global South (G77/Developing)
sanction,LKA,0.57113665,0.4483055,0.4288633465766907,0.5516945123672485,0.1228311657905578,Global South (G77/Developing)
sanction,POL,0.21734244,0.37628943,0.7826575636863708,0.623710572719574,-0.1589469909667968,Global North (Western/Allies)
sanction,DZA,0.30099976,0.34127712,0.6990002393722534,0.6587228775024414,-0.040277361869812,Global South (G77/Developing)
sanction,COG,0.5017892,0.2019639,0.4982107877731323,0.7980360984802246,0.2998253107070923,Global South (G77/Developing)
sanction,AUT,0.25018233,0.33812544,0.7498176693916321,0.6618745625019073,-0.0879431068897247,Global North (Western/Allies)
sanction,MEX,0.62392575,0.33298194,0.3760742545127868,0.6670180559158325,0.2909438014030456,Global South (G77/Developing)
sanction,MYS,0.6022413,0.5893992,0.3977587223052978,0.4106007814407348,0.012842059135437,Global South (G77/Developing)
sanction,CAF,0.3365749,0.4124013,0.663425087928772,0.5875987112522125,-0.0758263766765594,Global South (G77/Developing)
sanction,VEN,0.4043799,0.5213011,0.5956200957298279,0.4786989092826843,-0.1169211864471435,Global South (G77/Developing)
sanction,HUN,0.45646387,0.47376955,0.5435361266136169,0.5262304544448853,-0.0173056721687316,Global North (Western/Allies)
sanction,ISL,-0.006009791,0.32204676,1.006009791046381,0.6779532432556152,-0.3280565477907657,Global North (Western/Allies)
sanction,GRC,0.071797855,0.41464204,0.9282021448016168,0.5853579640388489,-0.3428441807627678,Global North (Western/Allies)
sanction,COD,0.49337992,0.30630973,0.5066200792789459,0.6936902701854706,0.1870701909065246,Global South (G77/Developing)
sanction,LUX,0.34661385,0.29575938,0.6533861458301544,0.704240620136261,0.0508544743061065,Global North (Western/Allies)
sanction,ZMB,0.5599024,0.5547137,0.4400975704193115,0.4452862739562988,0.0051887035369873,Global South (G77/Developing)
sanction,URY,0.21759403,0.20434536,0.7824059724807739,0.7956546396017075,0.0132486671209335,Global South (G77/Developing)
sanction,PAN,0.41652992,0.31799883,0.5834700763225555,0.6820011734962463,0.0985310971736908,Global South (G77/Developing)
sanction,AFG,0.5793507,0.42550522,0.4206492900848388,0.5744947791099548,0.1538454890251159,Global South (G77/Developing)
sanction,TUR,0.5465718,0.42865193,0.4534282088279724,0.5713480710983276,0.1179198622703552,Global South (G77/Developing)
sanction,LBY,0.52551055,0.6137464,0.4744894504547119,0.3862535953521728,-0.088235855102539,Global South (G77/Developing)
sanction,BRA,0.047886807,0.3527243,0.9521131925284864,0.6472756862640381,-0.3048375062644481,Global South (G77/Developing)
sanction,ETH,0.50944614,0.38317502,0.4905538558959961,0.6168249845504761,0.1262711286544799,Global South (G77/Developing)
sanction,DOM,0.30510032,0.33740753,0.6948996782302856,0.6625924706459045,-0.0323072075843811,Global South (G77/Developing)
sanction,MNG,0.54070866,0.114202306,0.4592913389205932,0.8857976943254471,0.4265063554048538,Global South (G77/Developing)
sanction,BDI,0.6136068,0.4408864,0.3863931894302368,0.5591135919094086,0.1727204024791717,Global South (G77/Developing)
sanction,NER,0.65659094,0.0713208,0.3434090614318847,0.9286791980266572,0.5852701365947723,Global South (G77/Developing)
sanction,MUS,0.5544522,0.23979624,0.4455478191375732,0.7602037638425827,0.3146559447050094,Global South (G77/Developing)
sanction,IRL,0.32933947,0.35769093,0.670660525560379,0.6423090696334839,-0.0283514559268951,Global North (Western/Allies)
sanction,FRA,0.27956775,0.46614027,0.7204322516918182,0.5338597297668457,-0.1865725219249725,P5 (Major Powers)
sanction,PAK,0.675835,0.41048157,0.3241649866104126,0.5895184278488159,0.2653534412384033,Global South (G77/Developing)
sanction,MLI,0.51266575,0.5186714,0.4873342514038086,0.4813286066055298,-0.0060056447982788,Global South (G77/Developing)
sanction,BEL,0.32100356,0.3847077,0.6789964437484741,0.6152923107147217,-0.0637041330337524,Global North (Western/Allies)
sanction,GHA,0.587656,0.36630043,0.4123439788818359,0.6336995661258698,0.2213555872440338,Global South (G77/Developing)
sanction,BLR,0.48128146,0.44332796,0.5187185406684875,0.5566720366477966,0.037953495979309,Global North (Western/Allies)
sanction,JPN,0.37926513,0.45476002,0.6207348704338074,0.5452399849891663,-0.0754948854446411,Global North (Western/Allies)
sanction,RWA,0.40444028,0.1895861,0.5955597162246704,0.8104138970375061,0.2148541808128357,Global South (G77/Developing)
sanction,MWI,0.19334763,0.43862277,0.8066523671150208,0.561377227306366,-0.2452751398086547,Global South (G77/Developing)
sanction,BHR,0.49971148,0.4267333,0.5002885162830353,0.5732667148113251,0.0729781985282898,Global South (G77/Developing)
sanction,ARE,0.5250518,0.4695806,0.4749482274055481,0.5304194092750549,0.0554711818695068,Global South (G77/Developing)
sanction,HND,0.32021928,0.38469917,0.6797807216644287,0.6153008341789246,-0.0644798874855041,Global South (G77/Developing)
sanction,GMB,0.47077426,0.6215004,0.5292257368564606,0.3784996271133423,-0.1507261097431183,Global South (G77/Developing)
sanction,BTN,0.41977838,0.15822977,0.5802216231822968,0.8417702317237854,0.2615486085414886,Global South (G77/Developing)
sanction,SWZ,0.13196191,0.16666827,0.8680380880832672,0.8333317339420319,-0.0347063541412353,Global South (G77/Developing)
sanction,DNK,0.41297543,0.33998019,0.5870245695114136,0.6600198149681091,0.0729952454566955,Global North (Western/Allies)
sanction,CRI,0.37603262,0.29891336,0.6239673793315887,0.7010866403579712,0.0771192610263824,Global South (G77/Developing)
sanction,PRT,0.15589632,0.34714377,0.844103679060936,0.6528562307357788,-0.1912474483251571,Global North (Western/Allies)
sanction,OMN,0.1305647,0.5153222,0.8694352954626083,0.484677791595459,-0.3847575038671493,Global South (G77/Developing)
sanction,BHS,0.40450394,0.49901485,0.5954960584640503,0.5009851455688477,-0.0945109128952026,Global South (G77/Developing)
sanction,LSO,0.38424596,0.39068073,0.6157540380954742,0.609319269657135,-0.0064347684383392,Global South (G77/Developing)
sanction,DEU,0.22336417,0.3552336,0.7766358256340027,0.6447663903236389,-0.1318694353103637,Global North (Western/Allies)
sanction,BGD,0.48897713,0.3914643,0.5110228657722473,0.6085357069969177,0.0975128412246704,Global South (G77/Developing)
sanction,GRD,0.43697265,0.3498169,0.5630273520946503,0.6501831114292145,0.0871557593345642,Global South (G77/Developing)
sanction,BWA,0.3446322,0.28864393,0.6553677916526794,0.7113560736179352,0.0559882819652557,Global South (G77/Developing)
sanction,MOZ,0.6031991,0.30043465,0.3968008756637573,0.6995653510093689,0.3027644753456116,Global South (G77/Developing)
sanction,STP,0.452575,0.349078,0.5474250018596649,0.6509220004081726,0.1034969985485076,Global South (G77/Developing)
sanction,CPV,0.3126204,0.35860837,0.6873795986175537,0.6413916349411011,-0.0459879636764526,Global South (G77/Developing)
sanction,PNG,0.55187666,0.29863718,0.4481233358383178,0.701362818479538,0.2532394826412201,Global South (G77/Developing)
sanction,MDV,0.5002508,0.31607473,0.4997491836547851,0.6839252710342407,0.1841760873794555,Global South (G77/Developing)
sanction,GNB,0.44965327,0.40099764,0.5503467321395874,0.5990023612976074,0.04865562915802,Global South (G77/Developing)
sanction,WSM,0.36211082,-0.07014457,0.637889176607132,1.070144571363926,0.432255394756794,Global South (G77/Developing)
sanction,AGO,0.46578747,0.5406539,0.5342125296592712,0.4593461155891418,-0.0748664140701294,Global South (G77/Developing)
sanction,VNM,0.0072774775,0.54477906,0.9927225224673748,0.4552209377288818,-0.537501584738493,Global South (G77/Developing)
sanction,DMA,0.30452156,0.5879886,0.6954784393310547,0.4120113849639892,-0.2834670543670654,Global South (G77/Developing)
sanction,DJI,0.5894718,0.3400599,0.4105281829833984,0.659940093755722,0.2494119107723236,Global South (G77/Developing)
sanction,LCA,0.14597958,0.6361407,0.8540204167366028,0.3638592958450317,-0.490161120891571,Global South (G77/Developing)
sanction,ZWE,0.55374944,0.61123836,0.4462505578994751,0.3887616395950317,-0.0574889183044433,Global South (G77/Developing)
sanction,VCT,0.56075585,0.54060507,0.4392441511154175,0.4593949317932129,0.0201507806777954,Global South (G77/Developing)
sanction,ATG,0.49438548,0.48507696,0.5056145191192627,0.5149230360984802,0.0093085169792175,Global South (G77/Developing)
sanction,BLZ,0.36451307,0.55996966,0.6354869306087494,0.4400303363800049,-0.1954565942287445,Global South (G77/Developing)
sanction,VUT,0.33543155,0.14334664,0.6645684540271759,0.8566533625125885,0.1920849084854126,Global South (G77/Developing)
sanction,SLB,0.5085615,0.18907505,0.4914385080337524,0.8109249472618103,0.3194864392280578,Global South (G77/Developing)
sanction,KNA,0.47829014,0.37093002,0.5217098593711853,0.629069983959198,0.1073601245880127,Global South (G77/Developing)
sanction,NAM,0.0844297,0.5489701,0.9155702963471412,0.451029896736145,-0.4645403996109962,Global South (G77/Developing)
ceasefire,QAT,0.36644652,0.45528048,0.6335534751415253,0.5447195172309875,-0.0888339579105377,Global South (G77/Developing)
ceasefire,USA,0.24782997,0.47090653,0.7521700263023376,0.529093474149704,-0.2230765521526336,P5 (Major Powers)
ceasefire,MAR,0.39345834,0.17898846,0.6065416634082794,0.8210115432739258,0.2144698798656463,Global South (G77/Developing)
ceasefire,CAN,0.3952433,0.36156875,0.6047567129135132,0.6384312510490417,0.0336745381355285,Global North (Western/Allies)
ceasefire,ESP,0.18902409,0.5288049,0.8109759092330933,0.4711951017379761,-0.3397808074951172,Global North (Western/Allies)
ceasefire,LBR,0.13680845,0.37570253,0.863191545009613,0.6242974698543549,-0.2388940751552581,Global South (G77/Developing)
ceasefire,NPL,0.41528898,0.45756972,0.5847110152244568,0.5424302816390991,-0.0422807335853576,Global South (G77/Developing)
ceasefire,NLD,0.3008579,0.31076688,0.6991420984268188,0.689233124256134,-0.0099089741706848,Global North (Western/Allies)
ceasefire,LBN,0.38459626,0.5020431,0.6154037415981293,0.4979568719863891,-0.1174468696117401,Global South (G77/Developing)
ceasefire,SLE,0.33422017,0.2577993,0.6657798290252686,0.7422007024288177,0.0764208734035492,Global South (G77/Developing)
ceasefire,TZA,0.49973193,0.48528087,0.5002680718898773,0.5147191286087036,0.0144510567188262,Global South (G77/Developing)
ceasefire,FIN,0.51482666,0.26449195,0.4851733446121216,0.7355080544948578,0.2503347098827362,Global North (Western/Allies)
ceasefire,ISR,0.52420646,0.3315516,0.4757935404777527,0.6684483885765076,0.1926548480987548,Global North (Western/Allies)
ceasefire,GIN,0.43279475,0.54767317,0.5672052502632141,0.4523268342018127,-0.1148784160614013,Global South (G77/Developing)
ceasefire,IDN,0.52796084,0.23777312,0.4720391631126404,0.7622268795967102,0.2901877164840698,Global South (G77/Developing)
ceasefire,SYR,0.511779,0.6253331,0.4882209897041321,0.3746669292449951,-0.1135540604591369,Global South (G77/Developing)
ceasefire,MDG,0.25434053,0.42170376,0.7456594705581665,0.5782962441444397,-0.1673632264137268,Global South (G77/Developing)
ceasefire,JOR,0.5318255,0.2922277,0.4681745171546936,0.7077723145484924,0.2395977973937988,Global South (G77/Developing)
ceasefire,SWE,0.27975705,0.4625216,0.7202429473400116,0.5374783873558044,-0.1827645599842071,Global North (Western/Allies)
ceasefire,CHN,0.56111264,0.50262094,0.438887357711792,0.4973790645599365,0.0584917068481445,P5 (Major Powers)
ceasefire,GBR,0.47045413,0.23003499,0.5295458734035492,0.7699650079011917,0.2404191344976425,P5 (Major Powers)
ceasefire,LKA,-0.035750914,0.3699227,1.0357509143650532,0.6300773024559021,-0.4056736119091511,Global South (G77/Developing)
ceasefire,DZA,0.3221793,0.452675,0.6778207123279572,0.5473249852657318,-0.1304957270622253,Global South (G77/Developing)
ceasefire,COG,0.31131142,0.48150262,0.6886885762214661,0.5184973776340485,-0.1701911985874176,Global South (G77/Developing)
ceasefire,AUT,0.45382413,0.22117606,0.5461758673191071,0.7788239419460297,0.2326480746269226,Global North (Western/Allies)
ceasefire,GRC,0.6016232,0.2706834,0.3983768224716186,0.7293165922164917,0.330939769744873,Global North (Western/Allies)
ceasefire,TUR,0.3598197,0.43580136,0.6401802897453308,0.5641986429691315,-0.0759816467761993,Global South (G77/Developing)
ceasefire,PAK,0.103073806,0.34076405,0.8969261944293976,0.659235954284668,-0.2376902401447296,Global South (G77/Developing)
ceasefire,JPN,0.37504038,0.27428168,0.6249596178531647,0.7257183194160461,0.1007587015628814,Global North (Western/Allies)
ceasefire,RWA,0.40486395,0.5229784,0.5951360464096069,0.47702157497406,-0.1181144714355468,Global South (G77/Developing)
ceasefire,BHR,0.2104649,0.3652369,0.7895351052284241,0.634763091802597,-0.154772013425827,Global South (G77/Developing)
ceasefire,ARE,0.253895,0.4710594,0.7461049854755402,0.5289405882358551,-0.217164397239685,Global South (G77/Developing)
ceasefire,SWZ,0.20087498,0.35305703,0.7991250157356262,0.6469429731369019,-0.1521820425987243,Global South (G77/Developing)
ceasefire,DNK,0.395128,0.23281394,0.6048719882965088,0.7671860605478287,0.1623140722513198,Global North (Western/Allies)
ceasefire,CRI,0.4851998,0.5492716,0.5148001909255981,0.4507284164428711,-0.064071774482727,Global South (G77/Developing)
ceasefire,LSO,0.37892717,0.37834322,0.6210728287696838,0.6216567754745483,0.0005839467048645,Global South (G77/Developing)
ceasefire,BWA,0.5061964,0.24206427,0.4938036203384399,0.7579357326030731,0.2641321122646332,Global South (G77/Developing)
ceasefire,WSM,0.4042026,0.14595675,0.5957973897457123,0.8540432453155518,0.2582458555698395,Global South (G77/Developing)
ceasefire,AGO,0.4311189,0.43492222,0.568881094455719,0.5650777816772461,-0.0038033127784729,Global South (G77/Developing)
ceasefire,VNM,0.5284111,0.1987769,0.4715889096260071,0.80122309923172,0.3296341896057129,Global South (G77/Developing)
ceasefire,ZWE,0.2919708,0.37566942,0.7080292105674744,0.6243305802345276,-0.0836986303329467,Global South (G77/Developing)
sustainable_development,TTO,0.45219666,0.5737263,0.5478033423423767,0.4262737035751343,-0.1215296387672424,Global South (G77/Developing)
sustainable_development,GTM,0.14512828,0.5352138,0.8548717200756073,0.464786171913147,-0.3900855481624603,Global South (G77/Developing)
sustainable_development,CAN,0.38414922,0.49756515,0.6158507764339447,0.5024348497390747,-0.11341592669487,Global North (Western/Allies)
sustainable_development,NGA,0.46104026,0.59051776,0.5389597415924072,0.4094822406768799,-0.1294775009155273,Global South (G77/Developing)
sustainable_development,LBR,0.3551718,0.5250311,0.644828200340271,0.4749689102172851,-0.1698592901229858,Global South (G77/Developing)
sustainable_development,PRY,0.3946142,0.525295,0.605385810136795,0.4747049808502197,-0.1306808292865753,Global South (G77/Developing)
sustainable_development,AUS,0.27715808,0.5697943,0.7228419184684753,0.4302057027816772,-0.2926362156867981,Global North (Western/Allies)
sustainable_development,NLD,0.49923694,0.5408015,0.5007630586624146,0.4591984748840332,-0.0415645837783813,Global North (Western/Allies)
sustainable_development,SLE,0.2727909,0.55782115,0.7272090911865234,0.4421788454055786,-0.2850302457809448,Global South (G77/Developing)
sustainable_development,NZL,0.4478702,0.5520898,0.5521298050880432,0.4479101896286011,-0.1042196154594421,Global North (Western/Allies)
sustainable_development,UGA,0.62222767,0.53631485,0.3777723312377929,0.4636851549148559,0.0859128236770629,Global South (G77/Developing)
sustainable_development,FJI,0.386511,0.5747206,0.6134890019893646,0.4252793788909912,-0.1882096230983734,Global South (G77/Developing)
sustainable_development,ITA,0.23689732,0.611688,0.7631026804447174,0.3883119821548462,-0.3747906982898712,Global North (Western/Allies)
sustainable_development,TCD,0.4906689,0.5501243,0.5093311071395874,0.4498757123947143,-0.059455394744873,Global South (G77/Developing)
sustainable_development,PER,0.13322419,0.5423047,0.8667758107185364,0.4576953053474426,-0.4090805053710937,Global South (G77/Developing)
sustainable_development,COL,0.40051895,0.5320476,0.5994810461997986,0.4679523706436157,-0.1315286755561828,Global South (G77/Developing)
sustainable_development,FIN,0.5342868,0.5558826,0.4657132029533386,0.4441174268722534,-0.0215957760810852,Global North (Western/Allies)
sustainable_development,KEN,0.35419545,0.55723673,0.6458045542240143,0.4427632689476013,-0.2030412852764129,Global South (G77/Developing)
sustainable_development,IDN,0.4892226,0.5636993,0.5107774138450623,0.4363006949424743,-0.0744767189025878,Global South (G77/Developing)
sustainable_development,MDG,0.42537314,0.5389801,0.5746268630027771,0.4610198736190796,-0.1136069893836975,Global South (G77/Developing)
sustainable_development,NOR,0.6039005,0.5683416,0.3960995078086853,0.431658387184143,0.0355588793754577,Global North (Western/Allies)
sustainable_development,IND,0.2463553,0.5900398,0.7536447048187256,0.4099602103233337,-0.3436844944953918,Global South (G77/Developing)
sustainable_development,SWE,0.5559072,0.52239525,0.4440928101539612,0.4776047468185425,0.0335119366645813,Global North (Western/Allies)
sustainable_development,ECU,0.2950133,0.52865875,0.7049866914749146,0.4713412523269653,-0.2336454391479492,Global South (G77/Developing)
sustainable_development,GBR,0.5858642,0.5405576,0.4141358137130737,0.4594423770904541,0.0453065633773803,P5 (Major Powers)
sustainable_development,LKA,0.3013421,0.6123732,0.698657900094986,0.3876268267631531,-0.3110310733318329,Global South (G77/Developing)
sustainable_development,AUT,0.5300443,0.55524254,0.4699556827545166,0.4447574615478515,-0.025198221206665,Global North (Western/Allies)
sustainable_development,HUN,0.28188723,0.52316785,0.7181127667427063,0.4768321514129638,-0.2412806153297424,Global North (Western/Allies)
sustainable_development,ISL,0.37041748,0.55836195,0.6295825242996216,0.4416380524635315,-0.1879444718360901,Global North (Western/Allies)
sustainable_development,GRC,0.53353953,0.5259118,0.4664604663848877,0.474088191986084,0.0076277256011962,Global North (Western/Allies)
sustainable_development,ZMB,0.3359479,0.5626974,0.6640520989894867,0.4373025894165039,-0.2267495095729828,Global South (G77/Developing)
sustainable_development,URY,0.37021312,0.566972,0.629786878824234,0.433027982711792,-0.196758896112442,Global South (G77/Developing)
sustainable_development,ETH,0.32689428,0.57598853,0.6731057167053223,0.4240114688873291,-0.2490942478179931,Global South (G77/Developing)
sustainable_development,MNG,0.46542978,0.5772697,0.5345702171325684,0.4227303266525268,-0.1118398904800415,Global South (G77/Developing)
sustainable_development,IRL,0.360444,0.503247,0.6395559906959534,0.4967529773712158,-0.1428030133247375,Global North (Western/Allies)
sustainable_development,MLI,0.17939532,0.55850196,0.820604681968689,0.4414980411529541,-0.3791066408157348,Global South (G77/Developing)
sustainable_development,GHA,0.3369442,0.532933,0.663055807352066,0.467067003250122,-0.1959888041019439,Global South (G77/Developing)
sustainable_development,GUY,0.47645906,0.6066816,0.5235409438610077,0.3933184146881103,-0.1302225291728973,Global South (G77/Developing)
sustainable_development,ARE,0.4234447,0.47740442,0.5765553116798401,0.5225955843925476,-0.0539597272872924,Global South (G77/Developing)
sustainable_development,GMB,0.6149605,0.56686836,0.3850395083427429,0.4331316351890564,0.0480921268463134,Global South (G77/Developing)
sustainable_development,BRB,0.46971804,0.5747446,0.5302819609642029,0.4252554178237915,-0.1050265431404113,Global South (G77/Developing)
sustainable_development,DNK,0.49799836,0.5533554,0.5020016431808472,0.4466446042060852,-0.0553570389747619,Global North (Western/Allies)
sustainable_development,CRI,0.14963293,0.5657224,0.8503670692443848,0.434277594089508,-0.4160894751548767,Global South (G77/Developing)
sustainable_development,BHS,0.48400077,0.5597651,0.5159992277622223,0.440234899520874,-0.0757643282413482,Global South (G77/Developing)
sustainable_development,BWA,0.20538431,0.6023326,0.7946156859397888,0.3976674079895019,-0.3969482779502868,Global South (G77/Developing)
sustainable_development,MDV,0.505056,0.60007083,0.4949439764022827,0.3999291658401489,-0.0950148105621337,Global South (G77/Developing)
sustainable_development,SUR,0.3231907,0.56907976,0.6768093109130859,0.4309202432632446,-0.2458890676498413,Global South (G77/Developing)
sustainable_development,WSM,0.35849506,0.57859176,0.6415049433708191,0.4214082360267639,-0.2200967073440551,Global South (G77/Developing)
sustainable_development,DMA,0.636014,0.6026535,0.3639860153198242,0.3973464965820312,0.033360481262207,Global South (G77/Developing)
sustainable_development,LCA,0.35510564,0.6033765,0.6448943614959717,0.3966234922409057,-0.2482708692550659,Global South (G77/Developing)
sustainable_development,VCT,0.23546378,0.58316094,0.7645362168550491,0.416839063167572,-0.3476971536874771,Global South (G77/Developing)
sustainable_development,ATG,0.33620787,0.5765834,0.6637921333312988,0.4234166145324707,-0.2403755187988281,Global South (G77/Developing)
sustainable_development,BLZ,0.3957697,0.57842493,0.6042303144931793,0.4215750694274902,-0.1826552450656891,Global South (G77/Developing)
sustainable_development,SLB,0.25429106,0.61481994,0.7457089424133301,0.3851800560951233,-0.3605288863182068,Global South (G77/Developing)
sustainable_development,KNA,0.2419649,0.5903133,0.7580350935459137,0.4096866846084595,-0.3483484089374542,Global South (G77/Developing)
external_debt,TTO,0.7116365,0.44302768,0.288363516330719,0.556972324848175,0.268608808517456,Global South (G77/Developing)
external_debt,QAT,0.36559278,0.5854071,0.6344072222709656,0.4145929217338562,-0.2198143005371093,Global South (G77/Developing)
external_debt,GTM,0.50489926,0.1624709,0.495100736618042,0.8375290930271149,0.3424283564090729,Global South (G77/Developing)
external_debt,SDN,0.37301743,0.42081103,0.626982569694519,0.5791889727115631,-0.0477935969829559,Global South (G77/Developing)
external_debt,MAR,0.487132,0.44190085,0.5128679871559143,0.5580991506576538,0.0452311635017395,Global South (G77/Developing)
external_debt,ESP,0.4996657,0.56220263,0.5003342926502228,0.4377973675727844,-0.0625369250774383,Global North (Western/Allies)
external_debt,MRT,0.17008463,0.58396983,0.8299153745174408,0.4160301685333252,-0.4138852059841156,Global South (G77/Developing)
external_debt,JAM,0.63786924,0.66389024,0.3621307611465454,0.3361097574234009,-0.0260210037231445,Global South (G77/Developing)
external_debt,YEM,0.37228215,0.34692714,0.6277178525924683,0.653072863817215,0.0253550112247467,Global South (G77/Developing)
external_debt,NGA,0.6971182,0.5230365,0.3028817772865295,0.4769635200500488,0.1740817427635193,Global South (G77/Developing)
external_debt,SEN,0.33394015,0.6995343,0.6660598516464233,0.3004657030105591,-0.3655941486358642,Global South (G77/Developing)
external_debt,LBR,0.6607954,0.6302706,0.3392046093940735,0.3697293996810913,0.0305247902870178,Global South (G77/Developing)
external_debt,LAO,0.56549114,0.577693,0.4345088601112366,0.422307014465332,-0.0122018456459045,Global South (G77/Developing)
external_debt,UKR,0.5875037,0.4594546,0.4124963283538818,0.5405454039573669,0.1280490756034851,Global North (Western/Allies)
external_debt,BEN,0.60912454,0.49732995,0.3908754587173462,0.5026700496673584,0.1117945909500122,Global South (G77/Developing)
external_debt,GAB,0.32659093,0.5239594,0.6734090745449066,0.4760406017303467,-0.1973684728145599,Global South (G77/Developing)
external_debt,PRY,0.53125066,0.48319173,0.4687493443489074,0.516808271408081,0.0480589270591735,Global South (G77/Developing)
external_debt,MMR,0.69637054,0.61875534,0.303629457950592,0.3812446594238281,0.077615201473236,Global South (G77/Developing)
external_debt,TGO,0.67493165,0.7034337,0.3250683546066284,0.2965663075447082,-0.0285020470619201,Global South (G77/Developing)
external_debt,EGY,0.5792582,0.31159684,0.4207417964935303,0.6884031593799591,0.2676613628864288,Global South (G77/Developing)
external_debt,UGA,0.5581019,0.5091275,0.4418981075286865,0.4908725023269653,0.0489743947982788,Global South (G77/Developing)
external_debt,TZA,0.32618654,0.51699007,0.6738134622573853,0.483009934425354,-0.1908035278320312,Global South (G77/Developing)
external_debt,NIC,0.66718423,0.44238675,0.3328157663345337,0.5576132535934448,0.2247974872589111,Global South (G77/Developing)
external_debt,ITA,0.3463734,0.46141183,0.6536265909671783,0.5385881662368774,-0.1150384247303009,Global North (Western/Allies)
external_debt,PER,0.6406667,0.35075915,0.3593332767486572,0.6492408514022827,0.2899075746536255,Global South (G77/Developing)
external_debt,COL,0.55358756,0.3542363,0.446412444114685,0.6457636952400208,0.1993512511253357,Global South (G77/Developing)
external_debt,CHL,0.5377147,0.3728438,0.4622852802276611,0.6271561980247498,0.1648709177970886,Global South (G77/Developing)
external_debt,CIV,0.66837627,0.5429531,0.3316237330436706,0.4570469260215759,0.1254231929779052,Global South (G77/Developing)
external_debt,CUB,0.51277375,0.54297614,0.4872262477874756,0.4570238590240478,-0.0302023887634277,Global South (G77/Developing)
external_debt,KEN,0.726044,0.70405865,0.2739560008049011,0.2959413528442383,0.0219853520393371,Global South (G77/Developing)
external_debt,GIN,0.6049957,0.4207464,0.3950042724609375,0.579253613948822,0.1842493414878845,Global South (G77/Developing)
external_debt,IDN,0.4894868,0.6251377,0.510513186454773,0.3748623132705688,-0.1356508731842041,Global South (G77/Developing)
external_debt,BOL,0.6140284,0.4689278,0.3859716057777405,0.531072199344635,0.1451005935668945,Global South (G77/Developing)
external_debt,MDG,0.7527652,0.44868183,0.24723482131958,0.5513181686401367,0.3040833473205566,Global South (G77/Developing)
external_debt,TUN,0.63908756,0.5559578,0.3609124422073364,0.4440422058105469,0.0831297636032104,Global South (G77/Developing)
external_debt,IND,0.63750565,0.30427736,0.3624943494796753,0.6957226395606995,0.3332282900810241,Global South (G77/Developing)
external_debt,ARG,0.63825357,0.5698726,0.3617464303970337,0.4301273822784424,0.0683809518814086,Global South (G77/Developing)
external_debt,BFA,0.68628836,0.57255703,0.3137116432189941,0.4274429678916931,0.1137313246726989,Global South (G77/Developing)
external_debt,ECU,0.51655966,0.61534965,0.4834403395652771,0.3846503496170044,-0.0987899899482727,Global South (G77/Developing)
external_debt,PHL,0.64327466,0.54997194,0.3567253351211548,0.4500280618667602,0.0933027267456054,Global South (G77/Developing)
external_debt,DZA,0.53698254,0.43042096,0.463017463684082,0.5695790350437164,0.1065615713596344,Global South (G77/Developing)
external_debt,COG,0.47061917,0.47977534,0.5293808281421661,0.5202246606349945,-0.0091561675071716,Global South (G77/Developing)
external_debt,VEN,0.5004374,0.4122266,0.4995626211166382,0.5877734124660492,0.088210791349411,Global South (G77/Developing)
external_debt,COD,0.67092735,0.14813256,0.3290726542472839,0.8518674373626709,0.522794783115387,Global South (G77/Developing)
external_debt,ZMB,0.5490146,0.5035802,0.4509853720664978,0.4964197874069214,0.0454344153404235,Global South (G77/Developing)
external_debt,URY,0.5918037,0.31126112,0.4081962704658508,0.6887388825416565,0.2805426120758056,Global South (G77/Developing)
external_debt,PAN,0.68181056,0.3381227,0.3181894421577453,0.661877304315567,0.3436878621578216,Global South (G77/Developing)
external_debt,LBY,0.69270563,0.58336663,0.3072943687438965,0.4166333675384521,0.1093389987945556,Global South (G77/Developing)
external_debt,BRA,0.60264564,0.5280738,0.3973543643951416,0.471926212310791,0.0745718479156494,Global South (G77/Developing)
external_debt,DOM,0.6212217,0.69539684,0.3787782788276672,0.3046031594276428,-0.0741751194000244,Global South (G77/Developing)
external_debt,MNG,0.52614355,0.5481125,0.4738564491271972,0.4518874883651733,-0.0219689607620239,Global South (G77/Developing)
external_debt,BDI,0.6058697,0.5122521,0.3941302895545959,0.4877479076385498,0.0936176180839538,Global South (G77/Developing)
external_debt,NER,0.52643394,0.4954634,0.4735660552978515,0.5045365989208221,0.0309705436229705,Global South (G77/Developing)
external_debt,PAK,0.696471,0.40376085,0.3035290241241455,0.5962391495704651,0.2927101254463196,Global South (G77/Developing)
external_debt,MLI,0.5317967,0.6428324,0.4682033061981201,0.3571676015853882,-0.1110357046127319,Global South (G77/Developing)
external_debt,GHA,0.70922166,0.4039755,0.2907783389091491,0.5960245132446289,0.3052461743354797,Global South (G77/Developing)
external_debt,GUY,0.33600914,0.5576845,0.66399085521698,0.4423155188560486,-0.2216753363609314,Global South (G77/Developing)
external_debt,RWA,0.4508822,0.5183445,0.5491178035736084,0.481655478477478,-0.0674623250961303,Global South (G77/Developing)
external_debt,ARE,0.4232409,0.46557274,0.5767590999603271,0.5344272553920746,-0.0423318445682525,Global South (G77/Developing)
external_debt,GMB,0.5540757,0.5749362,0.4459242820739746,0.4250637888908386,-0.0208604931831359,Global South (G77/Developing)
external_debt,CRI,0.56542486,0.18724321,0.4345751404762268,0.8127567917108536,0.3781816512346267,Global South (G77/Developing)
external_debt,PRT,0.47653675,0.34053534,0.523463249206543,0.6594646573066711,0.1360014081001281,Global North (Western/Allies)
external_debt,LSO,0.61446047,0.35748073,0.3855395317077636,0.6425192654132843,0.2569797337055206,Global South (G77/Developing)
external_debt,GNQ,0.5140505,0.52558494,0.4859495162963867,0.4744150638580322,-0.0115344524383544,Global South (G77/Developing)
external_debt,BWA,0.74702585,0.3226874,0.2529741525650024,0.6773126125335693,0.4243384599685669,Global South (G77/Developing)
external_debt,MOZ,0.5220285,0.53474784,0.4779714941978454,0.465252161026001,-0.0127193331718444,Global South (G77/Developing)
external_debt,CPV,0.45150656,0.35430035,0.5484934449195862,0.6456996500492096,0.0972062051296234,Global South (G77/Developing)
external_debt,GNB,0.6605557,0.56688225,0.3394442796707153,0.4331177473068237,0.0936734676361084,Global South (G77/Developing)
external_debt,AGO,0.59176064,0.63746357,0.4082393646240234,0.3625364303588867,-0.0457029342651367,Global South (G77/Developing)
external_debt,VNM,0.6617167,0.5536979,0.3382833003997803,0.4463021159172058,0.1080188155174255,Global South (G77/Developing)
external_debt,DJI,0.65028775,0.6017865,0.3497122526168823,0.3982135057449341,0.0485012531280517,Global South (G77/Developing)
external_debt,ZWE,0.6659473,0.513824,0.3340526819229126,0.4861760139465332,0.1521233320236206,Global South (G77/Developing)
external_debt,VCT,0.44083905,0.29577577,0.5591609477996826,0.7042242288589478,0.1450632810592651,Global South (G77/Developing)
external_debt,BLZ,0.6210207,0.5153286,0.3789793252944946,0.484671413898468,0.1056920886039733,Global South (G77/Developing)
external_debt,KNA,0.26350802,0.36970696,0.7364919781684875,0.6302930414676666,-0.1061989367008209,Global South (G77/Developing)
globalization,AUS,0.19046316,0.6226133,0.8095368444919586,0.3773866891860962,-0.4321501553058624,Global North (Western/Allies)
globalization,PER,0.39284983,0.4915271,0.6071501672267914,0.5084728896617889,-0.0986772775650024,Global South (G77/Developing)
globalization,IDN,0.3944072,0.59684414,0.6055927872657776,0.4031558632850647,-0.2024369239807129,Global South (G77/Developing)
globalization,MDG,0.32963762,0.5443371,0.6703623831272125,0.4556629061698913,-0.2146994769573211,Global South (G77/Developing)
globalization,MEX,0.18602501,0.5151893,0.813974991440773,0.4848107099533081,-0.3291642814874649,Global South (G77/Developing)
globalization,BDI,0.42775598,0.47813222,0.5722440183162689,0.5218677818775177,-0.0503762364387512,Global South (G77/Developing)
globalization,FRA,0.2595002,0.513219,0.7404997944831848,0.4867810010910034,-0.2537187933921814,P5 (Major Powers)
globalization,GRD,0.39631724,0.56030655,0.6036827564239502,0.4396934509277344,-0.1639893054962158,Global South (G77/Developing)
globalization,MHL,0.25186273,0.34069407,0.7481372654438019,0.6593059301376343,-0.0888313353061676,Global South (G77/Developing)
tariff,GTM,0.7877286,0.4167495,0.2122713923454284,0.583250492811203,0.3709791004657745,Global South (G77/Developing)
tariff,NPL,0.73861486,0.6858769,0.2613851428031921,0.3141230940818786,0.0527379512786865,Global South (G77/Developing)
tariff,GAB,0.28032416,0.55309683,0.7196758389472961,0.4469031691551208,-0.2727726697921753,Global South (G77/Developing)
tariff,PRY,0.7430529,0.30781758,0.2569471001625061,0.6921824216842651,0.435235321521759,Global South (G77/Developing)
tariff,THA,0.7292838,-0.08028382,0.2707161903381347,1.08028382062912,0.8095676302909851,Global South (G77/Developing)
tariff,AUS,0.47585303,0.22116572,0.5241469740867615,0.7788342833518982,0.2546873092651367,Global North (Western/Allies)
tariff,NZL,0.38126346,0.5413024,0.6187365353107452,0.4586976170539856,-0.1600389182567596,Global North (Western/Allies)
tariff,TZA,0.6397474,0.61791563,0.3602526187896728,0.3820843696594238,0.0218317508697509,Global South (G77/Developing)
tariff,FJI,0.556612,0.5593436,0.4433879852294922,0.4406564235687256,-0.0027315616607666,Global South (G77/Developing)
tariff,COL,0.5495063,0.30364728,0.4504936933517456,0.6963527202606201,0.2458590269088745,Global South (G77/Developing)
tariff,CHL,0.7210858,0.41175118,0.278914213180542,0.5882488191127777,0.3093346059322357,Global South (G77/Developing)
tariff,SLV,0.16735539,0.3571497,0.8326446115970612,0.6428503096103668,-0.1897943019866943,Global South (G77/Developing)
tariff,SAU,0.4640365,0.5588831,0.5359635055065155,0.4411169290542602,-0.0948465764522552,Global South (G77/Developing)
tariff,SGP,0.5615216,0.32036823,0.438478410243988,0.679631769657135,0.2411533594131469,Global South (G77/Developing)
tariff,BOL,0.12473725,0.5412415,0.8752627521753311,0.4587584733963012,-0.4165042787790298,Global South (G77/Developing)
tariff,IND,0.49785563,0.3531255,0.5021443665027618,0.6468744874000549,0.1447301208972931,Global South (G77/Developing)
tariff,CHN,0.60111034,0.5199372,0.3988896608352661,0.4800627827644348,0.0811731219291687,P5 (Major Powers)
tariff,ECU,0.7148411,0.4207214,0.2851588726043701,0.5792785882949829,0.2941197156906128,Global South (G77/Developing)
tariff,PHL,0.76326346,0.3038212,0.2367365360260009,0.6961787939071655,0.4594422578811645,Global South (G77/Developing)
tariff,LKA,0.76739407,0.13384807,0.2326059341430664,0.8661519289016724,0.633545994758606,Global South (G77/Developing)
tariff,MYS,0.49128774,0.5490227,0.5087122619152069,0.4509773254394531,-0.0577349364757537,Global South (G77/Developing)
tariff,URY,0.6867517,0.58031315,0.3132482767105102,0.4196868538856506,0.1064385771751403,Global South (G77/Developing)
tariff,DOM,0.4301862,0.572011,0.5698137879371643,0.4279890060424804,-0.1418247818946838,Global South (G77/Developing)
tariff,PAK,0.6040194,0.64525926,0.3959805965423584,0.3547407388687134,-0.041239857673645,Global South (G77/Developing)
tariff,MLI,0.8076005,0.7172022,0.1923995018005371,0.2827978134155273,0.0903983116149902,Global South (G77/Developing)
tariff,GHA,0.5929984,0.47122315,0.4070016145706177,0.5287768542766571,0.1217752397060394,Global South (G77/Developing)
tariff,MWI,0.61690855,0.57337177,0.3830914497375488,0.4266282320022583,0.0435367822647094,Global South (G77/Developing)
tariff,HND,0.3885665,0.60190076,0.6114335060119629,0.3980992436408996,-0.2133342623710632,Global South (G77/Developing)
tariff,SWZ,0.60316306,0.6928263,0.3968369364738464,0.3071737289428711,-0.0896632075309753,Global South (G77/Developing)
tariff,BGD,0.7691321,0.44179446,0.2308679223060608,0.5582055449485779,0.3273376226425171,Global South (G77/Developing)
tariff,GRD,0.7017418,0.2353645,0.2982581853866577,0.7646355032920837,0.466377317905426,Global South (G77/Developing)
tariff,LCA,0.42918128,0.48492652,0.5708187222480774,0.5150734782218933,-0.055745244026184,Global South (G77/Developing)
tariff,ZWE,0.86035544,0.4665622,0.1396445631980896,0.5334377884864807,0.3937932252883911,Global South (G77/Developing)
climate_change,TTO,0.36803228,0.5796873,0.6319677233695984,0.4203127026557922,-0.2116550207138061,Global South (G77/Developing)
climate_change,GTM,0.4502408,0.46093583,0.5497592091560364,0.5390641689300537,-0.0106950402259826,Global South (G77/Developing)
climate_change,CAN,0.37771952,0.50430006,0.622280478477478,0.495699942111969,-0.126580536365509,Global North (Western/Allies)
climate_change,ESP,0.08458722,0.48364228,0.9154127836227416,0.5163577198982239,-0.3990550637245178,Global North (Western/Allies)
climate_change,MLT,0.46075732,0.5824373,0.539242684841156,0.41756272315979,-0.1216799616813659,Global North (Western/Allies)
climate_change,NPL,0.5034122,0.5983258,0.4965878129005432,0.401674211025238,-0.0949136018753051,Global South (G77/Developing)
climate_change,UKR,0.0017116796,0.49450254,0.9982883203774692,0.5054974555969238,-0.4927908647805452,Global North (Western/Allies)
climate_change,NLD,0.38356236,0.51738507,0.6164376437664032,0.4826149344444275,-0.1338227093219757,Global North (Western/Allies)
climate_change,NZL,0.39569014,0.561417,0.6043098568916321,0.4385830163955688,-0.1657268404960632,Global North (Western/Allies)
climate_change,ITA,0.079914294,0.4270112,0.9200857058167458,0.5729888081550598,-0.3470968976616859,Global North (Western/Allies)
climate_change,FIN,0.48990119,0.4883995,0.5100988149642944,0.5116004943847656,0.0015016794204711,Global North (Western/Allies)
climate_change,IDN,0.1930365,0.5280843,0.8069635033607483,0.4719157218933105,-0.3350477814674377,Global South (G77/Developing)
climate_change,NOR,0.47999594,0.55524725,0.5200040638446808,0.4447527527809143,-0.0752513110637664,Global North (Western/Allies)
climate_change,SWE,0.32313406,0.55392015,0.6768659353256226,0.4460798501968384,-0.2307860851287841,Global North (Western/Allies)
climate_change,CHN,0.13533498,0.4344687,0.8646650165319443,0.565531313419342,-0.2991337031126022,P5 (Major Powers)
climate_change,BGR,0.20522499,0.4423229,0.7947750091552734,0.5576770901679993,-0.2370979189872741,Global North (Western/Allies)
climate_change,CYP,0.56983125,0.499208,0.4301687479019165,0.500791996717453,0.0706232488155365,Global North (Western/Allies)
climate_change,COG,0.5526799,0.49939847,0.4473201036453247,0.5006015300750732,0.0532814264297485,Global South (G77/Developing)
climate_change,MEX,0.11246298,0.5573505,0.8875370174646378,0.4426494836807251,-0.4448875337839126,Global South (G77/Developing)
climate_change,ISL,0.46866482,0.5989882,0.531335175037384,0.4010118246078491,-0.1303233504295349,Global North (Western/Allies)
climate_change,COD,0.18028201,0.5064547,0.8197179883718491,0.4935452938079834,-0.3261726945638656,Global South (G77/Developing)
climate_change,ZMB,0.37177616,0.5620864,0.6282238364219666,0.4379135966300964,-0.1903102397918701,Global South (G77/Developing)
climate_change,BRA,0.44177532,0.3971073,0.5582246780395508,0.6028926968574524,0.0446680188179016,Global South (G77/Developing)
climate_change,IRL,0.39305714,0.52731854,0.6069428622722626,0.47268146276474,-0.1342613995075225,Global North (Western/Allies)
climate_change,JPN,0.09061904,0.44804594,0.9093809574842452,0.551954060792923,-0.3574268966913223,Global North (Western/Allies)
climate_change,RWA,0.19726564,0.45120513,0.8027343600988388,0.5487948656082153,-0.2539394944906235,Global South (G77/Developing)
climate_change,DNK,0.33025777,0.5247982,0.669742226600647,0.4752017855644226,-0.1945404410362243,Global North (Western/Allies)
climate_change,OMN,0.34883785,0.372502,0.6511621475219727,0.6274980008602142,-0.0236641466617584,Global South (G77/Developing)
climate_change,BHS,0.4378863,0.5867317,0.5621137022972107,0.4132683277130127,-0.148845374584198,Global South (G77/Developing)
climate_change,PNG,0.28854382,0.5646521,0.7114561796188354,0.4353479146957397,-0.2761082649230957,Global South (G77/Developing)
climate_change,MDV,0.24253622,0.60757554,0.7574637830257416,0.392424464225769,-0.3650393187999725,Global South (G77/Developing)
climate_change,SUR,0.432644,0.56410354,0.5673559904098511,0.4358964562416076,-0.1314595341682434,Global South (G77/Developing)
climate_change,VCT,0.04186526,0.57224727,0.9581347405910492,0.4277527332305908,-0.5303820073604584,Global South (G77/Developing)
climate_change,ATG,0.36028078,0.6028806,0.6397192180156708,0.397119402885437,-0.2425998151302337,Global South (G77/Developing)
climate_change,BLZ,0.5484128,0.5528339,0.4515872001647949,0.4471660852432251,-0.0044211149215698,Global South (G77/Developing)
climate_change,VUT,0.33294415,0.55936134,0.6670558452606201,0.4406386613845825,-0.2264171838760376,Global South (G77/Developing)
climate_change,SLB,0.364868,0.55444145,0.6351320147514343,0.4455585479736328,-0.1895734667778015,Global South (G77/Developing)
climate_change,FSM,0.40806842,0.58644277,0.5919315814971924,0.413557231426239,-0.1783743500709533,Global South (G77/Developing)
environmental_protection,CAN,0.5805509,0.35725546,0.4194490909576416,0.6427445411682129,0.2232954502105713,Global North (Western/Allies)
environmental_protection,ESP,0.40751284,0.44985276,0.5924871563911438,0.5501472353935242,-0.0423399209976196,Global North (Western/Allies)
environmental_protection,MLT,0.39975023,0.4846146,0.6002497673034668,0.5153853893280029,-0.0848643779754638,Global North (Western/Allies)
environmental_protection,NPL,0.39106348,0.5752062,0.6089365184307098,0.4247937798500061,-0.1841427385807037,Global South (G77/Developing)
environmental_protection,UKR,0.48943263,0.43738243,0.5105673670768738,0.5626175701618195,0.0520502030849456,Global North (Western/Allies)
environmental_protection,ROU,0.5107731,0.5021647,0.4892268776893616,0.4978352785110473,0.0086084008216857,Global North (Western/Allies)
environmental_protection,THA,0.52507687,0.54392254,0.4749231338500976,0.4560774564743042,-0.0188456773757934,Global South (G77/Developing)
environmental_protection,MMR,0.39647126,0.54503524,0.6035287380218506,0.4549647569656372,-0.1485639810562133,Global South (G77/Developing)
environmental_protection,TGO,0.63509476,0.5415238,0.3649052381515503,0.458476185798645,0.0935709476470947,Global South (G77/Developing)
environmental_protection,AUS,0.42368203,0.3506971,0.5763179659843445,0.6493028998374939,0.0729849338531494,Global North (Western/Allies)
environmental_protection,NZL,0.4679767,0.29982495,0.5320233106613159,0.7001750469207764,0.1681517362594604,Global North (Western/Allies)
environmental_protection,ITA,0.35612252,0.50916874,0.6438774764537811,0.4908312559127807,-0.1530462205410003,Global North (Western/Allies)
environmental_protection,IDN,0.48939645,0.47103474,0.5106035470962524,0.5289652645587921,0.0183617174625396,Global South (G77/Developing)
environmental_protection,RUS,0.49043664,0.4274492,0.5095633566379547,0.5725508034229279,0.0629874467849731,P5 (Major Powers)
environmental_protection,TUN,0.46543276,0.27756506,0.5345672369003296,0.722434937953949,0.1878677010536193,Global South (G77/Developing)
environmental_protection,NOR,0.4711509,0.29522038,0.5288490951061249,0.7047796249389648,0.1759305298328399,Global North (Western/Allies)
environmental_protection,ALB,0.41673,0.4137197,0.5832700133323669,0.5862802863121033,0.0030102729797363,Global South (G77/Developing)
environmental_protection,CHN,0.53329027,0.51881397,0.4667097330093384,0.481186032295227,0.0144762992858886,P5 (Major Powers)
environmental_protection,ECU,0.4078784,0.42285743,0.5921216011047363,0.5771425664424896,-0.0149790346622467,Global South (G77/Developing)
environmental_protection,POL,0.33448863,0.48221922,0.6655113697052002,0.5177807807922363,-0.1477305889129638,Global North (Western/Allies)
environmental_protection,COG,0.40329066,0.21596047,0.5967093408107758,0.7840395271778107,0.1873301863670349,Global South (G77/Developing)
environmental_protection,MEX,0.5009322,0.5190363,0.4990677833557129,0.4809637069702148,-0.018104076385498,Global South (G77/Developing)
environmental_protection,HUN,0.5862273,0.3160486,0.413772702217102,0.6839514076709747,0.2701787054538727,Global North (Western/Allies)
environmental_protection,ISL,0.43929347,0.4530443,0.5607065260410309,0.5469557046890259,-0.013750821352005,Global North (Western/Allies)
environmental_protection,LUX,0.31426984,0.06277271,0.6857301592826843,0.9372272863984108,0.2514971271157264,Global North (Western/Allies)
environmental_protection,URY,0.5147641,0.28350306,0.4852359294891357,0.7164969444274902,0.2312610149383545,Global South (G77/Developing)
environmental_protection,BRA,0.4215244,0.43412238,0.5784755945205688,0.5658776164054871,-0.0125979781150817,Global South (G77/Developing)
environmental_protection,NER,0.3082178,0.38614532,0.6917822062969208,0.6138546764850616,-0.0779275298118591,Global South (G77/Developing)
environmental_protection,FRA,0.40644586,0.4249304,0.5935541391372681,0.5750696063041687,-0.0184845328330993,P5 (Major Powers)
environmental_protection,BEL,0.15173152,0.40579724,0.8482684791088104,0.5942027568817139,-0.2540657222270965,Global North (Western/Allies)
environmental_protection,BLR,0.50483316,0.39719346,0.4951668381690979,0.6028065383434296,0.1076397001743316,Global North (Western/Allies)
environmental_protection,JPN,0.49659196,0.43988907,0.5034080445766449,0.5601109266281128,0.0567028820514678,Global North (Western/Allies)
environmental_protection,RWA,0.4471957,0.4051561,0.5528042912483215,0.5948438942432404,0.0420396029949188,Global South (G77/Developing)
environmental_protection,GMB,0.25943783,0.31374547,0.7405621707439423,0.6862545311450958,-0.0543076395988464,Global South (G77/Developing)
environmental_protection,DNK,0.6124053,0.5662992,0.3875946998596191,0.4337007999420166,0.0461061000823974,Global North (Western/Allies)
environmental_protection,OMN,0.46469286,0.46600538,0.5353071391582489,0.5339946150779724,-0.0013125240802764,Global South (G77/Developing)
environmental_protection,DEU,0.6515076,0.3455577,0.3484923839569092,0.654442310333252,0.3059499263763428,Global North (Western/Allies)
environmental_protection,BGD,0.53536177,0.50421256,0.4646382331848144,0.4957874417304992,0.0311492085456848,Global South (G77/Developing)
environmental_protection,PNG,0.5485928,0.5194014,0.4514071941375732,0.4805986285209656,0.0291914343833923,Global South (G77/Developing)
environmental_protection,SYC,0.40689793,0.50682026,0.5931020677089691,0.4931797385215759,-0.0999223291873931,Global South (G77/Developing)
environmental_protection,DMA,0.4129761,0.54709744,0.587023913860321,0.4529025554656982,-0.1341213583946228,Global South (G77/Developing)
environmental_protection,VCT,0.49152896,0.18171963,0.5084710419178009,0.8182803690433502,0.3098093271255493,Global South (G77/Developing)
environmental_protection,ATG,0.043781836,0.4572993,0.9562181644141674,0.5427007079124451,-0.4135174565017223,Global South (G77/Developing)
environmental_protection,KNA,0.6085867,0.5379784,0.3914132714271545,0.4620215892791748,0.0706083178520202,Global South (G77/Developing)
environmental_protection,LTU,0.2353816,0.39177284,0.7646183967590332,0.6082271635532379,-0.1563912332057953,Global North (Western/Allies)
biodiversity,CAN,0.15902379,0.3092348,0.84097620844841,0.6907652020454407,-0.1502110064029693,Global North (Western/Allies)
biodiversity,MLT,0.366731,0.3966186,0.6332690119743347,0.6033813953399658,-0.0298876166343688,Global North (Western/Allies)
biodiversity,MMR,0.24453273,0.5739938,0.7554672658443451,0.4260061979293823,-0.3294610679149627,Global South (G77/Developing)
biodiversity,NZL,0.15022916,0.513772,0.8497708439826965,0.4862279891967773,-0.3635428547859192,Global North (Western/Allies)
biodiversity,FIN,0.26859456,0.31238067,0.7314054369926453,0.6876193284988403,-0.0437861084938049,Global North (Western/Allies)
biodiversity,ZMB,0.39861414,0.3635196,0.6013858616352081,0.6364803910255432,0.035094529390335,Global South (G77/Developing)
biodiversity,GUY,0.39865047,0.63607806,0.6013495326042175,0.3639219403266907,-0.2374275922775268,Global South (G77/Developing)
biodiversity,DNK,0.19143486,0.3285982,0.8085651397705078,0.6714017987251282,-0.1371633410453796,Global North (Western/Allies)
biodiversity,BHS,0.39829662,0.39536285,0.6017033755779266,0.6046371459960938,0.0029337704181671,Global South (G77/Developing)
biodiversity,BGD,0.24863935,0.5277839,0.7513606548309326,0.4722161293029785,-0.2791445255279541,Global South (G77/Developing)
biodiversity,GRD,0.2651745,0.2986991,0.7348254919052124,0.7013008892536163,-0.033524602651596,Global South (G77/Developing)
biodiversity,BLZ,0.36036912,0.3175081,0.6396308839321136,0.6824918985366821,0.0428610146045684,Global South (G77/Developing)
pollution,QAT,0.48963204,0.4738521,0.5103679597377777,0.5261479020118713,0.0157799422740936,Global South (G77/Developing)
pollution,USA,0.5271938,0.20809236,0.4728062152862549,0.7919076383113861,0.3191014230251312,P5 (Major Powers)
pollution,GTM,0.6207722,0.086156756,0.3792278170585632,0.9138432443141936,0.5346154272556305,Global South (G77/Developing)
pollution,CAN,0.71553904,0.366889,0.284460961818695,0.6331110000610352,0.3486500382423401,Global North (Western/Allies)
pollution,ESP,0.46260855,0.30327556,0.5373914539813995,0.6967244446277618,0.1593329906463623,Global North (Western/Allies)
pollution,HTI,0.23687409,-0.18213557,0.7631259113550186,1.1821355670690536,0.419009655714035,Global South (G77/Developing)
pollution,MLT,0.3187139,0.5973851,0.681286096572876,0.4026148915290832,-0.2786712050437927,Global North (Western/Allies)
pollution,IRQ,0.18621714,0.263981,0.8137828558683395,0.7360189855098724,-0.0777638703584671,Global South (G77/Developing)
pollution,JAM,0.44775373,0.73449445,0.5522462725639343,0.2655055522918701,-0.2867407202720642,Global South (G77/Developing)
pollution,SEN,0.4721986,0.07346978,0.5278013944625854,0.9265302196145058,0.3987288251519203,Global South (G77/Developing)
pollution,IRN,0.33118764,0.42126447,0.6688123643398285,0.5787355303764343,-0.0900768339633941,Global South (G77/Developing)
pollution,KWT,0.343434,0.44901276,0.6565659940242767,0.5509872436523438,-0.1055787503719329,Global South (G77/Developing)
pollution,LBR,0.3434232,0.2610376,0.6565768122673035,0.7389624118804932,0.0823855996131897,Global South (G77/Developing)
pollution,CMR,0.576991,0.490296,0.4230089783668518,0.5097039937973022,0.0866950154304504,Global South (G77/Developing)
pollution,NPL,0.53868073,0.41645336,0.4613192677497864,0.5835466384887695,0.1222273707389831,Global South (G77/Developing)
pollution,LAO,0.34839144,0.70470375,0.6516085565090179,0.2952962517738342,-0.3563123047351837,Global South (G77/Developing)
pollution,UKR,0.47333613,0.45007014,0.5266638696193695,0.5499298572540283,0.0232659876346588,Global North (Western/Allies)
pollution,ROU,0.6183916,0.3338214,0.3816084265708923,0.6661786139011383,0.2845701873302459,Global North (Western/Allies)
pollution,GAB,0.4796395,0.47340888,0.5203604996204376,0.5265911221504211,0.0062306225299835,Global South (G77/Developing)
pollution,PRY,0.533388,0.17552127,0.4666119813919067,0.8244787305593491,0.3578667491674423,Global South (G77/Developing)
pollution,AUS,0.47900695,0.5638182,0.5209930539131165,0.4361817836761474,-0.084811270236969,Global North (Western/Allies)
pollution,NLD,0.43415794,0.5531703,0.5658420622348785,0.4468296766281128,-0.1190123856067657,Global North (Western/Allies)
pollution,LBN,0.09082178,0.6358527,0.9091782197356224,0.3641473054885864,-0.545030914247036,Global South (G77/Developing)
pollution,SLE,0.5256962,0.2337825,0.4743037819862366,0.7662174999713898,0.2919137179851532,Global South (G77/Developing)
pollution,NZL,0.6439191,0.3953181,0.3560808897018432,0.6046819090843201,0.2486010193824768,Global North (Western/Allies)
pollution,FJI,0.5222002,0.40309787,0.4777997732162475,0.5969021320343018,0.1191023588180542,Global South (G77/Developing)
pollution,PER,0.48204803,0.45320916,0.5179519653320312,0.5467908382415771,0.0288388729095459,Global South (G77/Developing)
pollution,COL,0.58817196,0.73328733,0.4118280410766601,0.2667126655578613,-0.1451153755187988,Global South (G77/Developing)
pollution,CHL,0.44168383,0.56154007,0.558316171169281,0.4384599328041076,-0.1198562383651733,Global South (G77/Developing)
pollution,SGP,0.58333266,0.53715324,0.4166673421859741,0.4628467559814453,0.0461794137954711,Global South (G77/Developing)
pollution,ISR,0.56839633,0.39092055,0.4316036701202392,0.6090794503688812,0.1774757802486419,Global North (Western/Allies)
pollution,KHM,0.3942885,0.30480608,0.6057114899158478,0.6951939165592194,0.0894824266433715,Global South (G77/Developing)
pollution,KEN,0.5038945,0.16752627,0.4961054921150207,0.8324737250804901,0.3363682329654693,Global South (G77/Developing)
pollution,GIN,0.5955452,0.107023574,0.4044548273086548,0.892976425588131,0.4885215982794761,Global South (G77/Developing)
pollution,BOL,0.5113106,0.5590845,0.4886894226074219,0.4409155249595642,-0.0477738976478576,Global South (G77/Developing)
pollution,SYR,0.22225052,0.19660832,0.7777494788169861,0.8033916801214218,0.0256422013044357,Global South (G77/Developing)
pollution,TUN,0.52937424,0.40993607,0.4706257581710815,0.5900639295578003,0.1194381713867187,Global South (G77/Developing)
pollution,NOR,0.57262796,0.2046072,0.4273720383644104,0.7953927963972092,0.3680207580327987,Global North (Western/Allies)
pollution,ARG,0.4729194,0.09661262,0.5270805954933167,0.9033873826265336,0.3763067871332168,Global South (G77/Developing)
pollution,ECU,0.6501509,0.49993342,0.3498491048812866,0.5000665783882141,0.1502174735069275,Global South (G77/Developing)
pollution,GBR,0.36049724,0.43365276,0.639502763748169,0.5663472414016724,-0.0731555223464965,P5 (Major Powers)
pollution,PHL,0.5158831,0.6055146,0.4841169118881225,0.3944854140281677,-0.0896314978599548,Global South (G77/Developing)
pollution,LKA,0.45874906,0.64632136,0.5412509441375732,0.3536786437034607,-0.1875723004341125,Global South (G77/Developing)
pollution,POL,0.5499555,0.49304664,0.4500445127487182,0.5069533586502075,0.0569088459014892,Global North (Western/Allies)
pollution,COG,0.6916683,0.06765816,0.3083317279815674,0.9323418363928796,0.6240101084113121,Global South (G77/Developing)
pollution,AUT,0.30036068,0.3484226,0.6996393203735352,0.6515774130821228,-0.0480619072914123,Global North (Western/Allies)
pollution,MEX,0.33508623,0.37387776,0.6649137735366821,0.626122236251831,-0.038791537284851,Global South (G77/Developing)
pollution,MYS,0.68681645,0.40990698,0.3131835460662842,0.5900930166244507,0.2769094705581665,Global South (G77/Developing)
pollution,VEN,0.15513177,0.33653092,0.8448682278394699,0.6634690761566162,-0.1813991516828537,Global South (G77/Developing)
pollution,ISL,0.52122045,0.59580576,0.4787795543670654,0.4041942358016968,-0.0745853185653686,Global North (Western/Allies)
pollution,COD,0.7162584,0.48773676,0.2837415933609009,0.5122632384300232,0.2285216450691223,Global South (G77/Developing)
pollution,LUX,0.60090864,0.33762354,0.399091362953186,0.6623764634132385,0.2632851004600525,Global North (Western/Allies)
pollution,URY,0.6525472,0.74468136,0.3474528193473816,0.2553186416625976,-0.0921341776847839,Global South (G77/Developing)
pollution,TUR,0.6151217,0.67977345,0.3848782777786255,0.3202265501022339,-0.0646517276763916,Global South (G77/Developing)
pollution,LBY,0.58881056,0.61084765,0.4111894369125366,0.3891523480415344,-0.0220370888710021,Global South (G77/Developing)
pollution,DOM,0.089430794,0.1717557,0.9105692058801652,0.8282442986965179,-0.0823249071836471,Global South (G77/Developing)
pollution,BDI,0.46779484,0.6064804,0.5322051644325256,0.3935195803642273,-0.1386855840682983,Global South (G77/Developing)
pollution,NER,0.5272915,0.27767867,0.472708523273468,0.7223213315010071,0.249612808227539,Global South (G77/Developing)
pollution,MUS,0.5964179,0.3724951,0.4035820960998535,0.6275048851966858,0.2239227890968322,Global South (G77/Developing)
pollution,IRL,0.6801202,0.32043853,0.3198797702789306,0.6795614659786224,0.3596816956996918,Global North (Western/Allies)
pollution,BLR,0.73407495,0.27795494,0.2659250497817993,0.7220450639724731,0.4561200141906738,Global North (Western/Allies)
pollution,GUY,0.55511904,0.35472935,0.4448809623718261,0.6452706456184387,0.2003896832466125,Global South (G77/Developing)
pollution,JPN,0.62847507,-0.037496902,0.3715249300003052,1.0374969020485878,0.6659719720482826,Global North (Western/Allies)
pollution,BHR,0.46427187,0.39237118,0.5357281267642975,0.6076288223266602,0.0719006955623626,Global South (G77/Developing)
pollution,HND,0.31757265,0.67927504,0.6824273467063904,0.3207249641418457,-0.3617023825645447,Global South (G77/Developing)
pollution,GMB,0.6042151,0.49100512,0.3957849144935608,0.5089948773384094,0.1132099628448486,Global South (G77/Developing)
pollution,BTN,0.34976906,0.56470317,0.6502309441566467,0.4352968335151672,-0.2149341106414795,Global South (G77/Developing)
pollution,BRB,0.6791779,0.53008115,0.3208221197128296,0.4699188470840454,0.1490967273712158,Global South (G77/Developing)
pollution,OMN,0.37001294,0.20153789,0.6299870610237122,0.7984621077775955,0.1684750467538833,Global South (G77/Developing)
pollution,BHS,0.4992227,0.2571513,0.5007773041725159,0.7428486943244934,0.2420713901519775,Global South (G77/Developing)
pollution,LSO,0.20631947,0.28129345,0.7936805337667465,0.7187065482139587,-0.0749739855527877,Global South (G77/Developing)
pollution,DEU,0.3271618,0.33919322,0.6728382110595703,0.6608067750930786,-0.0120314359664917,Global North (Western/Allies)
pollution,BGD,0.5744518,0.6347316,0.4255481958389282,0.3652684092521667,-0.0602797865867614,Global South (G77/Developing)
pollution,PNG,0.39418817,0.77882147,0.6058118343353271,0.2211785316467285,-0.3846333026885986,Global South (G77/Developing)
pollution,MDV,0.5859086,0.15169564,0.414091408252716,0.8483043611049652,0.4342129528522491,Global South (G77/Developing)
pollution,WSM,0.77563155,0.44989488,0.2243684530258178,0.5501051247119904,0.3257366716861725,Global South (G77/Developing)
pollution,SYC,0.6281415,0.556666,0.3718584775924682,0.4433339834213257,0.0714755058288574,Global South (G77/Developing)
pollution,VNM,0.41844952,0.6679263,0.5815504789352417,0.3320736885070801,-0.2494767904281616,Global South (G77/Developing)
pollution,DMA,0.5500562,0.71537054,0.4499437808990478,0.2846294641494751,-0.1653143167495727,Global South (G77/Developing)
pollution,LCA,0.29934385,0.43337387,0.7006561458110809,0.5666261315345764,-0.1340300142765045,Global South (G77/Developing)
pollution,VCT,0.5893325,0.46275985,0.4106674790382385,0.5372401475906372,0.1265726685523986,Global South (G77/Developing)
pollution,ATG,0.23080917,0.5840101,0.7691908329725266,0.415989875793457,-0.3532009571790695,Global South (G77/Developing)
pollution,SLB,0.4401355,0.4664254,0.5598644912242889,0.5335746109485626,-0.0262898802757263,Global South (G77/Developing)
pollution,KNA,0.45371297,0.6009379,0.5462870299816132,0.3990620970726013,-0.1472249329090118,Global South (G77/Developing)
pollution,LTU,0.51483107,0.43748266,0.4851689338684082,0.5625173449516296,0.0773484110832214,Global North (Western/Allies)
deforestation,TTO,0.47711584,0.29992637,0.5228841602802277,0.700073629617691,0.1771894693374633,Global South (G77/Developing)
deforestation,HTI,0.62128985,0.2928306,0.3787101507186889,0.7071694135665894,0.3284592628479004,Global South (G77/Developing)
deforestation,GAB,0.5613178,0.38486174,0.4386821985244751,0.6151382625102997,0.1764560639858245,Global South (G77/Developing)
deforestation,NLD,0.5746075,0.16457208,0.4253925085067749,0.835427924990654,0.4100354164838791,Global North (Western/Allies)
deforestation,TZA,0.6206463,0.15844364,0.3793537020683288,0.8415563553571701,0.4622026532888412,Global South (G77/Developing)
deforestation,GIN,0.5242263,0.57512283,0.4757736921310425,0.4248771667480469,-0.0508965253829956,Global South (G77/Developing)
deforestation,BFA,0.36590695,0.09744031,0.6340930461883545,0.9025596901774406,0.2684666439890861,Global South (G77/Developing)
deforestation,COG,0.8515502,0.20658684,0.1484497785568237,0.7934131622314453,0.6449633836746216,Global South (G77/Developing)
deforestation,ISL,0.8375515,0.016004343,0.1624485254287719,0.983995657414198,0.821547131985426,Global North (Western/Allies)
deforestation,GHA,0.6705358,0.17521086,0.3294641971588135,0.8247891366481781,0.4953249394893646,Global South (G77/Developing)
deforestation,BGD,0.56509966,0.61891615,0.4349003434181213,0.3810838460922241,-0.0538164973258972,Global South (G77/Developing)
deforestation,WSM,0.66066384,0.317609,0.3393361568450928,0.6823909878730774,0.3430548310279846,Global South (G77/Developing)
renewable_energy,USA,0.46630755,0.4631688,0.5336924493312836,0.5368312001228333,0.0031387507915496,P5 (Major Powers)
renewable_energy,GTM,0.4374307,0.3430664,0.5625692903995514,0.656933605670929,0.0943643152713775,Global South (G77/Developing)
renewable_energy,MLT,0.34671974,0.436334,0.6532802581787109,0.5636659860610962,-0.0896142721176147,Global North (Western/Allies)
renewable_energy,JAM,0.42000502,0.34890538,0.5799949765205383,0.6510946154594421,0.0710996389389038,Global South (G77/Developing)
renewable_energy,AUS,0.486381,0.567328,0.5136190056800842,0.4326720237731933,-0.0809469819068908,Global North (Western/Allies)
renewable_energy,NLD,0.23370156,0.5701747,0.7662984430789948,0.4298253059387207,-0.336473137140274,Global North (Western/Allies)
renewable_energy,KEN,0.2995742,0.5418268,0.7004258036613464,0.4581732153892517,-0.2422525882720947,Global South (G77/Developing)
renewable_energy,BFA,0.34649915,0.39319268,0.6535008549690247,0.6068073213100433,-0.0466935336589813,Global South (G77/Developing)
renewable_energy,GRC,0.35121638,0.11434041,0.6487836241722107,0.8856595903635025,0.2368759661912918,Global North (Western/Allies)
renewable_energy,URY,0.19343774,0.412956,0.8065622597932816,0.5870440006256104,-0.2195182591676712,Global South (G77/Developing)
renewable_energy,FRA,0.3052626,0.3619921,0.6947374045848846,0.6380079090595245,-0.0567294955253601,P5 (Major Powers)
renewable_energy,JPN,0.16475238,0.6292503,0.8352476209402084,0.3707497119903564,-0.464497908949852,Global North (Western/Allies)
renewable_energy,DEU,0.14193265,0.49418455,0.8580673485994339,0.5058154463768005,-0.3522519022226333,Global North (Western/Allies)
desertification,SDN,0.49860722,0.3969526,0.5013927817344666,0.6030474007129669,0.1016546189785003,Global South (G77/Developing)
desertification,MAR,0.355656,0.5055455,0.6443440020084381,0.4944545030593872,-0.1498894989490509,Global South (G77/Developing)
desertification,CAN,0.52563065,0.085609995,0.4743693470954895,0.914390005171299,0.4400206580758095,Global North (Western/Allies)
desertification,ESP,0.48787716,0.45349857,0.5121228396892548,0.5465014278888702,0.0343785881996154,Global North (Western/Allies)
desertification,MRT,0.4290594,0.31143332,0.5709406137466431,0.6885666847229004,0.1176260709762573,Global South (G77/Developing)
desertification,SOM,0.54497695,0.6314689,0.4550230503082275,0.3685311079025268,-0.0864919424057006,Global South (G77/Developing)
desertification,NGA,0.5882385,0.2131845,0.4117615222930908,0.7868154942989349,0.3750539720058441,Global South (G77/Developing)
desertification,SEN,0.31677246,0.28947878,0.6832275390625,0.7105212211608887,0.0272936820983886,Global South (G77/Developing)
desertification,CMR,0.6942646,0.6105279,0.3057354092597961,0.3894721269607544,0.0837367177009582,Global South (G77/Developing)
desertification,NPL,0.012693254,0.48940364,0.98730674572289,0.510596364736557,-0.4767103809863329,Global South (G77/Developing)
desertification,TGO,0.5328454,0.24812615,0.4671546220779419,0.7518738508224487,0.2847192287445068,Global South (G77/Developing)
desertification,UGA,0.4838881,0.39942068,0.5161119103431702,0.6005793213844299,0.0844674110412597,Global South (G77/Developing)
desertification,TCD,0.5554642,0.52369976,0.4445357918739319,0.4763002395629883,0.0317644476890563,Global South (G77/Developing)
desertification,FIN,0.5220487,0.15394181,0.4779512882232666,0.846058189868927,0.3681069016456604,Global North (Western/Allies)
desertification,ISR,0.22986327,0.39431316,0.7701367288827896,0.6056868433952332,-0.1644498854875564,Global North (Western/Allies)
desertification,KEN,0.59387743,0.21748519,0.4061225652694702,0.7825148105621338,0.3763922452926636,Global South (G77/Developing)
desertification,TUN,0.44853193,0.27949786,0.5514680743217468,0.7205021381378174,0.1690340638160705,Global South (G77/Developing)
desertification,JOR,0.5258165,0.40048504,0.4741834998130798,0.5995149612426758,0.1253314614295959,Global South (G77/Developing)
desertification,BFA,0.21412973,0.19821864,0.7858702689409256,0.8017813563346863,0.0159110873937606,Global South (G77/Developing)
desertification,COG,0.1471112,0.78854954,0.8528887927532196,0.211450457572937,-0.6414383351802826,Global South (G77/Developing)
desertification,ISL,0.6504433,0.5502088,0.3495566844940185,0.4497911930084228,0.1002345085144043,Global North (Western/Allies)
desertification,GRC,0.3984316,0.40463814,0.6015684008598328,0.5953618586063385,-0.0062065422534942,Global North (Western/Allies)
desertification,COD,0.23518088,0.5238893,0.7648191154003143,0.4761106967926025,-0.2887084186077118,Global South (G77/Developing)
desertification,LUX,0.09040895,0.15634286,0.9095910489559174,0.8436571359634399,-0.0659339129924774,Global North (Western/Allies)
desertification,ZMB,0.45954448,0.36556163,0.5404555201530457,0.6344383656978607,0.093982845544815,Global South (G77/Developing)
desertification,URY,0.44204172,0.4649381,0.5579582750797272,0.5350618958473206,-0.0228963792324066,Global South (G77/Developing)
desertification,LBY,0.59655076,0.58111286,0.4034492373466491,0.4188871383666992,0.01543790102005,Global South (G77/Developing)
desertification,ETH,0.60306734,0.22393896,0.3969326615333557,0.7760610431432724,0.3791283816099167,Global South (G77/Developing)
desertification,NER,0.47686914,0.56514573,0.523130863904953,0.4348542690277099,-0.088276594877243,Global South (G77/Developing)
desertification,FRA,0.5180651,0.31305003,0.481934905052185,0.6869499683380127,0.2050150632858276,P5 (Major Powers)
desertification,MLI,0.49983403,0.49864563,0.5001659691333771,0.5013543665409088,0.0011883974075317,Global South (G77/Developing)
desertification,GHA,0.6648995,0.43485484,0.3351004719734192,0.5651451647281647,0.2300446927547454,Global South (G77/Developing)
desertification,BLR,0.6019368,-0.0018541012,0.3980631828308105,1.0018541011959314,0.6037909183651209,Global North (Western/Allies)
desertification,MWI,0.6564106,0.60876954,0.3435894250869751,0.3912304639816284,0.0476410388946533,Global South (G77/Developing)
desertification,BHR,0.47862023,0.5196425,0.5213797688484192,0.4803575277328491,-0.04102224111557,Global South (G77/Developing)
desertification,GMB,0.4417755,0.2761023,0.5582244992256165,0.7238976955413818,0.1656731963157653,Global South (G77/Developing)
desertification,PRT,0.04363131,0.16714507,0.9563686884939672,0.8328549265861511,-0.1235137619078159,Global North (Western/Allies)
desertification,DEU,0.5644504,0.36726353,0.4355496168136596,0.632736474275589,0.1971868574619293,Global North (Western/Allies)
desertification,BGD,0.46131143,0.26516074,0.5386885702610016,0.7348392605781555,0.1961506903171539,Global South (G77/Developing)
desertification,BWA,0.702258,0.4495215,0.2977420091629028,0.5504784882068634,0.2527364790439605,Global South (G77/Developing)
desertification,CPV,0.54332095,0.34772953,0.4566790461540222,0.6522704660892487,0.1955914199352264,Global South (G77/Developing)
desertification,GNB,0.48989207,0.07889387,0.5101079344749451,0.9211061298847198,0.4109981954097748,Global South (G77/Developing)
desertification,DJI,0.5680303,0.48827457,0.4319697022438049,0.5117254257202148,0.0797557234764099,Global South (G77/Developing)
desertification,LCA,0.48994243,0.3948371,0.5100575685501099,0.6051628887653351,0.0951053202152252,Global South (G77/Developing)
desertification,ZWE,0.29797333,0.45256278,0.7020266652107239,0.5474372208118439,-0.15458944439888,Global South (G77/Developing)
desertification,VCT,0.31342757,0.6975552,0.6865724325180054,0.3024448156356811,-0.3841276168823242,Global South (G77/Developing)
desertification,BLZ,0.3701961,0.68379617,0.6298038959503174,0.3162038326263428,-0.3136000633239746,Global South (G77/Developing)
natural_disaster,TTO,0.49081767,0.5319767,0.509182333946228,0.4680233001708984,-0.0411590337753295,Global South (G77/Developing)
natural_disaster,ZAF,0.43935472,0.54623294,0.5606452822685242,0.4537670612335205,-0.1068782210350036,Global South (G77/Developing)
natural_disaster,USA,0.28339827,0.21810699,0.7166017293930054,0.7818930149078369,0.0652912855148315,P5 (Major Powers)
natural_disaster,GTM,0.48786956,0.5086256,0.5121304392814636,0.4913743734359741,-0.0207560658454895,Global South (G77/Developing)
natural_disaster,SDN,0.54733574,0.26117632,0.4526642560958862,0.7388236820697784,0.2861594259738922,Global South (G77/Developing)
natural_disaster,MAR,0.69552207,0.34953874,0.3044779300689697,0.6504612565040588,0.3459833264350891,Global South (G77/Developing)
natural_disaster,CAN,0.31818345,0.35871935,0.6818165481090546,0.6412806510925293,-0.0405358970165252,Global North (Western/Allies)
natural_disaster,ESP,0.58267665,0.35259724,0.417323350906372,0.6474027633666992,0.2300794124603271,Global North (Western/Allies)
natural_disaster,MRT,0.52633905,0.5108462,0.473660945892334,0.4891538023948669,0.0154928565025329,Global South (G77/Developing)
natural_disaster,HTI,0.42324525,0.6074282,0.5767547488212585,0.3925718069076538,-0.1841829419136047,Global South (G77/Developing)
natural_disaster,MLT,0.4103107,0.40763178,0.589689314365387,0.5923682153224945,0.0026789009571075,Global North (Western/Allies)
natural_disaster,IRQ,0.26916814,0.345578,0.7308318614959717,0.6544219851493835,-0.0764098763465881,Global South (G77/Developing)
natural_disaster,JAM,0.5381727,0.6182463,0.461827278137207,0.3817536830902099,-0.080073595046997,Global South (G77/Developing)
natural_disaster,YEM,0.5026891,0.6004175,0.4973108768463135,0.3995825052261352,-0.0977283716201782,Global South (G77/Developing)
natural_disaster,SOM,0.5086881,0.4323033,0.4913119077682495,0.5676966905593872,0.0763847827911377,Global South (G77/Developing)
natural_disaster,NGA,0.36771008,0.65367264,0.6322899162769318,0.3463273644447326,-0.2859625518321991,Global South (G77/Developing)
natural_disaster,IRN,0.37211764,0.47088975,0.6278823614120483,0.5291102528572083,-0.09877210855484,Global South (G77/Developing)
natural_disaster,KWT,0.67338467,0.49855053,0.3266153335571289,0.501449465751648,0.174834132194519,Global South (G77/Developing)
natural_disaster,LBR,0.43216586,0.19886646,0.5678341388702393,0.801133543252945,0.2332994043827057,Global South (G77/Developing)
natural_disaster,CMR,0.74959886,0.49334797,0.2504011392593384,0.5066520273685455,0.2562508881092071,Global South (G77/Developing)
natural_disaster,NPL,0.2966072,0.5530499,0.7033928036689758,0.4469500780105591,-0.2564427256584167,Global South (G77/Developing)
natural_disaster,BEN,0.70078325,0.5261229,0.2992167472839355,0.4738770723342895,0.174660325050354,Global South (G77/Developing)
natural_disaster,THA,0.30821773,0.4305514,0.6917822659015656,0.5694485902786255,-0.12233367562294,Global South (G77/Developing)
natural_disaster,TGO,0.34796193,0.5375738,0.6520380675792694,0.4624261856079101,-0.1896118819713592,Global South (G77/Developing)
natural_disaster,AUS,0.3086853,0.3851374,0.691314697265625,0.6148625910282135,-0.0764521062374115,Global North (Western/Allies)
natural_disaster,NLD,0.2349928,0.51505077,0.7650071978569031,0.4849492311477661,-0.2800579667091369,Global North (Western/Allies)
natural_disaster,LBN,0.40444726,0.15891886,0.5955527424812317,0.8410811424255371,0.2455283999443054,Global South (G77/Developing)
natural_disaster,EGY,0.31895587,0.50648767,0.6810441315174103,0.4935123324394226,-0.1875317990779876,Global South (G77/Developing)
natural_disaster,TZA,0.68516165,0.23652063,0.3148383498191833,0.7634793668985367,0.4486410170793533,Global South (G77/Developing)
natural_disaster,FJI,0.43371853,0.483,0.5662814676761627,0.5169999897480011,-0.0492814779281616,Global South (G77/Developing)
natural_disaster,NIC,0.44501457,0.41526887,0.5549854338169098,0.5847311317920685,0.0297456979751586,Global South (G77/Developing)
natural_disaster,ITA,0.5606967,0.37642196,0.4393032789230346,0.6235780417919159,0.1842747628688812,Global North (Western/Allies)
natural_disaster,TCD,0.6453672,0.5070696,0.3546327948570251,0.4929304122924804,0.1382976174354553,Global South (G77/Developing)
natural_disaster,PER,0.48123968,0.21039572,0.5187603235244751,0.7896042764186859,0.2708439528942108,Global South (G77/Developing)
natural_disaster,SLV,0.4098131,0.36846697,0.5901868939399719,0.6315330266952515,0.0413461327552795,Global South (G77/Developing)
natural_disaster,SAU,0.40822446,0.47470012,0.5917755365371704,0.5252998769283295,-0.0664756596088409,Global South (G77/Developing)
natural_disaster,CUB,0.281296,0.47131938,0.7187039852142334,0.5286806225776672,-0.1900233626365661,Global South (G77/Developing)
natural_disaster,KHM,0.1852434,0.4074663,0.8147566020488739,0.5925337076187134,-0.2222228944301605,Global South (G77/Developing)
natural_disaster,KEN,0.5449639,0.35510576,0.4550361037254333,0.6448942422866821,0.1898581385612487,Global South (G77/Developing)
natural_disaster,GIN,0.49547118,0.49650776,0.504528820514679,0.5034922361373901,-0.0010365843772888,Global South (G77/Developing)
natural_disaster,IDN,0.44398537,0.5845481,0.5560146272182465,0.4154518842697143,-0.1405627429485321,Global South (G77/Developing)
natural_disaster,BOL,0.69361424,0.27655712,0.3063857555389404,0.7234428822994232,0.4170571267604828,Global South (G77/Developing)
natural_disaster,RUS,0.4407115,0.30478886,0.559288501739502,0.6952111423015594,0.1359226405620575,P5 (Major Powers)
natural_disaster,MDG,0.52743924,0.4434983,0.4725607633590698,0.5565016865730286,0.0839409232139587,Global South (G77/Developing)
natural_disaster,IND,0.18951975,0.57961833,0.8104802519083023,0.4203816652297973,-0.3900985866785049,Global South (G77/Developing)
natural_disaster,SWE,0.22088948,0.42226323,0.7791105210781097,0.5777367651462555,-0.2013737559318542,Global North (Western/Allies)
natural_disaster,BFA,0.47239348,0.48750922,0.5276065170764923,0.5124907791614532,-0.015115737915039,Global South (G77/Developing)
natural_disaster,BGR,0.5698594,0.39817098,0.4301406145095825,0.6018290221691132,0.1716884076595306,Global North (Western/Allies)
natural_disaster,PHL,0.22757426,0.31163502,0.7724257409572601,0.6883649826049805,-0.0840607583522796,Global South (G77/Developing)
natural_disaster,LKA,0.40838188,0.61986005,0.5916181206703186,0.380139946937561,-0.2114781737327575,Global South (G77/Developing)
natural_disaster,CYP,0.384296,0.3699089,0.6157039999961853,0.6300911009311676,0.0143871009349823,Global North (Western/Allies)
natural_disaster,COG,0.5242219,0.5669743,0.4757781028747558,0.4330257177352905,-0.0427523851394653,Global South (G77/Developing)
natural_disaster,AUT,0.07012809,0.23496568,0.9298719093203544,0.7650343179702759,-0.1648375913500785,Global North (Western/Allies)
natural_disaster,MEX,0.17645527,0.27540606,0.8235447257757187,0.7245939373970032,-0.0989507883787155,Global South (G77/Developing)
natural_disaster,MYS,0.3756495,0.54315466,0.6243504881858826,0.4568453431129455,-0.167505145072937,Global South (G77/Developing)
natural_disaster,CAF,0.3526348,0.42080036,0.6473652124404907,0.5791996419429779,-0.0681655704975128,Global South (G77/Developing)
natural_disaster,ISL,0.16221657,0.5718721,0.8377834260463715,0.4281278848648071,-0.4096555411815643,Global North (Western/Allies)
natural_disaster,GRC,0.44321927,0.32703558,0.5567807257175446,0.6729644238948822,0.1161836981773376,Global North (Western/Allies)
natural_disaster,LUX,0.579618,0.43116036,0.420382022857666,0.5688396394252777,0.1484576165676117,Global North (Western/Allies)
natural_disaster,AFG,0.5615816,0.4766609,0.4384183883666992,0.5233390927314758,0.0849207043647766,Global South (G77/Developing)
natural_disaster,TUR,0.57469624,0.13120405,0.4253037571907043,0.8687959462404251,0.4434921890497207,Global South (G77/Developing)
natural_disaster,LBY,0.53945565,0.4338497,0.4605443477630615,0.5661503076553345,0.1056059598922729,Global South (G77/Developing)
natural_disaster,BDI,0.5574527,0.48490393,0.4425473213195801,0.5150960683822632,0.0725487470626831,Global South (G77/Developing)
natural_disaster,NER,0.72713006,0.33764142,0.2728699445724487,0.6623585820198059,0.3894886374473572,Global South (G77/Developing)
natural_disaster,MUS,0.5352355,0.39951056,0.4647644758224487,0.6004894375801086,0.1357249617576599,Global South (G77/Developing)
natural_disaster,FRA,0.2101599,0.20848688,0.7898401021957397,0.7915131151676178,0.001673012971878,P5 (Major Powers)
natural_disaster,PAK,-0.08644679,0.36158308,1.086446791887283,0.6384169161319733,-0.44802987575531,Global South (G77/Developing)
natural_disaster,MLI,0.43728167,0.55263376,0.5627183318138123,0.4473662376403808,-0.1153520941734314,Global South (G77/Developing)
natural_disaster,BEL,0.63364506,0.3843775,0.3663549423217773,0.615622490644455,0.2492675483226776,Global North (Western/Allies)
natural_disaster,GHA,0.45676148,0.42072773,0.5432385206222534,0.5792722702026367,0.0360337495803833,Global South (G77/Developing)
natural_disaster,BLR,0.3535739,0.40639827,0.6464261114597321,0.5936017334461212,-0.0528243780136108,Global North (Western/Allies)
natural_disaster,JPN,0.2356554,0.23766662,0.7643446028232574,0.7623333781957626,-0.0020112246274948,Global North (Western/Allies)
natural_disaster,MWI,0.5120939,0.4556245,0.4879060983657837,0.5443755090236664,0.0564694106578826,Global South (G77/Developing)
natural_disaster,BHR,0.19450915,0.49306604,0.8054908514022827,0.5069339573383331,-0.2985568940639496,Global South (G77/Developing)
natural_disaster,HND,0.33321688,0.47310555,0.6667831242084503,0.5268944501876831,-0.1398886740207672,Global South (G77/Developing)
natural_disaster,GMB,0.74409044,0.49735954,0.2559095621109009,0.5026404559612274,0.2467308938503265,Global South (G77/Developing)
natural_disaster,BTN,0.20285857,0.6828585,0.797141432762146,0.3171414732933044,-0.4799999594688415,Global South (G77/Developing)
natural_disaster,SWZ,0.5047436,0.3660286,0.4952564239501953,0.6339713931083679,0.1387149691581726,Global South (G77/Developing)
natural_disaster,BRB,0.3695485,0.53543156,0.630451500415802,0.4645684361457824,-0.1658830642700195,Global South (G77/Developing)
natural_disaster,DNK,0.61544573,0.47623697,0.3845542669296264,0.5237630307674408,0.1392087638378143,Global North (Western/Allies)
natural_disaster,PRT,0.3695758,0.46896455,0.6304242014884949,0.531035453081131,-0.0993887484073638,Global North (Western/Allies)
natural_disaster,OMN,0.14922577,0.3321885,0.8507742285728455,0.6678115129470825,-0.1829627156257629,Global South (G77/Developing)
natural_disaster,BHS,0.68465495,0.6444151,0.3153450489044189,0.3555849194526672,0.0402398705482482,Global South (G77/Developing)
natural_disaster,DEU,0.47182584,0.2895437,0.5281741619110107,0.7104563117027283,0.1822821497917175,Global North (Western/Allies)
natural_disaster,BGD,0.18858093,0.52146477,0.8114190697669983,0.4785352349281311,-0.3328838348388672,Global South (G77/Developing)
natural_disaster,GNQ,0.70086765,0.4554617,0.2991323471069336,0.544538289308548,0.2454059422016143,Global South (G77/Developing)
natural_disaster,GRD,0.48233157,0.5901213,0.5176684260368347,0.409878671169281,-0.1077897548675537,Global South (G77/Developing)
natural_disaster,BWA,0.4575867,0.5211617,0.5424132943153381,0.4788383245468139,-0.0635749697685241,Global South (G77/Developing)
natural_disaster,MOZ,0.6236471,0.5819537,0.3763529062271118,0.4180462956428528,0.0416933894157409,Global South (G77/Developing)
natural_disaster,STP,0.6900064,0.44843557,0.3099936246871948,0.5515644252300262,0.2415708005428314,Global South (G77/Developing)
natural_disaster,CPV,0.5857928,0.44596267,0.4142072200775146,0.55403733253479,0.1398301124572754,Global South (G77/Developing)
natural_disaster,MDV,0.15829998,0.520954,0.84170001745224,0.4790459871292114,-0.3626540303230285,Global South (G77/Developing)
natural_disaster,GNB,0.51851153,0.63917935,0.4814884662628174,0.3608206510543823,-0.120667815208435,Global South (G77/Developing)
natural_disaster,COM,0.23693573,0.524386,0.7630642652511597,0.4756140112876892,-0.2874502539634704,Global South (G77/Developing)
natural_disaster,WSM,0.31279552,0.63305545,0.6872044801712036,0.3669445514678955,-0.3202599287033081,Global South (G77/Developing)
natural_disaster,AGO,0.61180043,0.4784388,0.3881995677947998,0.5215612053871155,0.1333616375923156,Global South (G77/Developing)
natural_disaster,DMA,0.2479196,0.5372503,0.7520803958177567,0.462749719619751,-0.2893306761980057,Global South (G77/Developing)
natural_disaster,DJI,0.49262756,0.38602507,0.5073724389076233,0.613974928855896,0.1066024899482727,Global South (G77/Developing)
natural_disaster,LCA,0.3887536,0.5220643,0.6112464070320129,0.4779356718063354,-0.1333107352256775,Global South (G77/Developing)
natural_disaster,ZWE,0.6662934,0.6554153,0.3337066173553467,0.3445847034454345,0.0108780860900878,Global South (G77/Developing)
natural_disaster,VCT,0.41363525,0.5820229,0.58636474609375,0.4179770946502685,-0.1683876514434814,Global South (G77/Developing)
natural_disaster,ATG,0.24421032,0.68052524,0.7557896822690964,0.3194747567176819,-0.4363149255514145,Global South (G77/Developing)
natural_disaster,VUT,0.42973465,0.510182,0.5702653527259827,0.4898179769515991,-0.0804473757743835,Global South (G77/Developing)
natural_disaster,SLB,0.41624358,0.5224091,0.5837564170360565,0.4775909185409546,-0.1061654984951019,Global South (G77/Developing)
natural_disaster,KNA,0.5710225,0.5243963,0.4289774894714355,0.475603699684143,0.0466262102127075,Global South (G77/Developing)
technology_transfer,MAR,0.44396576,0.30903524,0.5560342371463776,0.6909647583961487,0.1349305212497711,Global South (G77/Developing)
technology_transfer,CAN,0.3694417,0.342858,0.6305583119392395,0.6571420133113861,0.0265837013721466,Global North (Western/Allies)
technology_transfer,SEN,0.3379054,0.5206895,0.6620945930480957,0.4793105125427246,-0.1827840805053711,Global South (G77/Developing)
technology_transfer,UGA,0.42268765,0.49649063,0.5773123502731323,0.5035093724727631,-0.0738029778003692,Global South (G77/Developing)
technology_transfer,KEN,0.49978167,0.5868635,0.5002183318138123,0.4131364822387695,-0.0870818495750427,Global South (G77/Developing)
technology_transfer,IND,0.44395,0.64471895,0.5560500025749207,0.3552810549736023,-0.2007689476013183,Global South (G77/Developing)
technology_transfer,SWE,0.29654032,0.39879894,0.7034596800804138,0.601201057434082,-0.1022586226463317,Global North (Western/Allies)
technology_transfer,ECU,0.64604723,0.5931781,0.3539527654647827,0.4068219065666199,0.0528691411018371,Global South (G77/Developing)
technology_transfer,MEX,0.6071359,0.4322663,0.3928641080856323,0.5677337050437927,0.1748695969581604,Global South (G77/Developing)
technology_transfer,CAF,0.33259138,0.51340455,0.6674086153507233,0.4865954518318176,-0.1808131635189056,Global South (G77/Developing)
technology_transfer,ETH,0.33008432,0.63184345,0.6699156761169434,0.3681565523147583,-0.301759123802185,Global South (G77/Developing)
technology_transfer,GMB,0.57895315,0.48932981,0.4210468530654907,0.5106701850891113,0.0896233320236206,Global South (G77/Developing)
technology_transfer,BRB,0.39602223,0.6468073,0.603977769613266,0.3531926870346069,-0.250785082578659,Global South (G77/Developing)
technology_transfer,BGD,0.5157164,0.71467954,0.4842836260795593,0.2853204607963562,-0.1989631652832031,Global South (G77/Developing)
technology_transfer,FSM,0.1356523,0.44169372,0.8643476963043213,0.5583062767982483,-0.306041419506073,Global South (G77/Developing)
cultural_heritage,QAT,0.10880652,0.30361855,0.8911934792995453,0.6963814496994019,-0.1948120296001434,Global South (G77/Developing)
cultural_heritage,GTM,0.3125655,0.03386108,0.6874344944953918,0.9661389216780664,0.2787044271826744,Global South (G77/Developing)
cultural_heritage,SDN,0.32264942,0.1650492,0.6773505806922913,0.8349508047103882,0.1576002240180969,Global South (G77/Developing)
cultural_heritage,IRQ,0.096722305,0.24677709,0.9032776951789856,0.7532229125499725,-0.150054782629013,Global South (G77/Developing)
cultural_heritage,SEN,-0.03280087,0.35740346,1.032800868153572,0.6425965428352356,-0.3902043253183365,Global South (G77/Developing)
cultural_heritage,IRN,0.2336393,0.26200992,0.7663607001304626,0.7379900813102722,-0.0283706188201904,Global South (G77/Developing)
cultural_heritage,SLE,0.08547819,0.04751789,0.9145218133926392,0.9524821117520332,0.037960298359394,Global South (G77/Developing)
cultural_heritage,NIC,0.342303,0.14940196,0.6576969921588898,0.8505980372428894,0.1929010450839996,Global South (G77/Developing)
cultural_heritage,SYR,0.38082284,0.14827883,0.6191771626472473,0.8517211675643921,0.2325440049171447,Global South (G77/Developing)
cultural_heritage,JOR,0.27377602,0.22215182,0.7262239754199982,0.7778481841087341,0.0516242086887359,Global South (G77/Developing)
cultural_heritage,PHL,0.2567715,-0.044270217,0.7432284951210022,1.0442702174186709,0.3010417222976684,Global South (G77/Developing)
cultural_heritage,LKA,0.2445208,0.4399286,0.7554792016744614,0.5600714087486267,-0.1954077929258346,Global South (G77/Developing)
cultural_heritage,CYP,0.088270254,0.288898,0.9117297455668448,0.7111020088195801,-0.2006277367472648,Global North (Western/Allies)
cultural_heritage,GRC,0.35405073,-0.022936055,0.6459492743015289,1.0229360554367304,0.3769867811352014,Global North (Western/Allies)
cultural_heritage,LUX,0.051746823,0.0043654926,0.9482531771063804,0.9956345073878764,0.047381330281496,Global North (Western/Allies)
cultural_heritage,PAN,0.06257561,0.3898563,0.9374243915081024,0.6101436913013458,-0.3272807002067566,Global South (G77/Developing)
cultural_heritage,IRL,0.3605206,0.22641972,0.639479398727417,0.7735802829265594,0.1341008841991424,Global North (Western/Allies)
cultural_heritage,GHA,0.21045285,0.47176212,0.7895471453666687,0.5282378792762756,-0.261309266090393,Global South (G77/Developing)
cultural_heritage,ARE,0.2493687,0.22503358,0.7506313025951385,0.7749664187431335,0.0243351161479949,Global South (G77/Developing)
cultural_heritage,BTN,0.36879918,0.28741705,0.6312008202075958,0.7125829458236694,0.0813821256160736,Global South (G77/Developing)
cultural_heritage,SWZ,0.14220226,0.20062318,0.8577977418899536,0.7993768155574799,-0.0584209263324737,Global South (G77/Developing)
cultural_heritage,VUT,0.22371542,0.18846983,0.7762845754623413,0.8115301728248596,0.0352455973625183,Global South (G77/Developing)
education,TTO,0.66431165,0.6457343,0.3356883525848388,0.3542656898498535,0.0185773372650146,Global South (G77/Developing)
education,USA,0.46884182,0.5784185,0.5311581790447235,0.421581506729126,-0.1095766723155975,P5 (Major Powers)
education,GTM,0.6537973,0.6476636,0.3462026715278625,0.3523364067077636,0.0061337351799011,Global South (G77/Developing)
education,SDN,0.6010023,0.57079375,0.3989977240562439,0.4292062520980835,0.0302085280418396,Global South (G77/Developing)
education,CAN,0.419362,0.5475916,0.5806379914283752,0.4524083733558655,-0.1282296180725097,Global North (Western/Allies)
education,ESP,0.5478276,0.5759276,0.4521723985671997,0.4240723848342895,-0.0281000137329101,Global North (Western/Allies)
education,HTI,0.45358607,0.6206256,0.54641392827034,0.3793743848800659,-0.167039543390274,Global South (G77/Developing)
education,MLT,0.58058053,0.5437218,0.4194194674491882,0.4562782049179077,0.0368587374687194,Global North (Western/Allies)
education,IRQ,0.734964,0.5491638,0.2650359869003296,0.450836181640625,0.1858001947402954,Global South (G77/Developing)
education,JAM,0.62005246,0.4976125,0.3799475431442261,0.5023874938488007,0.1224399507045745,Global South (G77/Developing)
education,YEM,0.34526765,0.6282204,0.654732346534729,0.3717796206474304,-0.2829527258872986,Global South (G77/Developing)
education,SOM,0.5677705,0.46466783,0.4322295188903808,0.5353321731090546,0.1031026542186737,Global South (G77/Developing)
education,NGA,0.12399824,0.40801468,0.8760017603635788,0.5919853150844574,-0.2840164452791214,Global South (G77/Developing)
education,IRN,0.2815935,0.024904551,0.7184064984321594,0.9750954490154982,0.2566889505833387,Global South (G77/Developing)
education,LBR,0.20277594,0.71870947,0.7972240597009659,0.2812905311584472,-0.5159335285425186,Global South (G77/Developing)
education,CMR,0.48374832,0.58018184,0.5162516832351685,0.4198181629180908,-0.0964335203170776,Global South (G77/Developing)
education,NPL,0.5471792,0.6581292,0.4528207778930664,0.3418707847595215,-0.1109499931335449,Global South (G77/Developing)
education,LAO,0.20000358,0.5768609,0.7999964207410812,0.4231390953063965,-0.3768573254346847,Global South (G77/Developing)
education,UKR,0.53198767,0.38084754,0.4680123329162597,0.6191524565219879,0.1511401236057281,Global North (Western/Allies)
education,ROU,0.53057444,0.4548306,0.4694255590438843,0.5451694130897522,0.0757438540458679,Global North (Western/Allies)
education,GAB,0.6009822,0.5200765,0.3990178108215332,0.4799234867095947,0.0809056758880615,Global South (G77/Developing)
education,PRY,0.45679408,0.60923475,0.5432059168815613,0.3907652497291565,-0.1524406671524047,Global South (G77/Developing)
education,MMR,0.38228077,0.5315984,0.6177192330360413,0.4684016108512878,-0.1493176221847534,Global South (G77/Developing)
education,TGO,0.34318942,0.5818411,0.6568105816841125,0.4181588888168335,-0.238651692867279,Global South (G77/Developing)
education,AUS,0.45216012,0.5793805,0.547839879989624,0.4206194877624511,-0.1272203922271728,Global North (Western/Allies)
education,NLD,0.50366145,0.44642016,0.4963385462760925,0.5535798370838165,0.057241290807724,Global North (Western/Allies)
education,LBN,-0.011383884,0.3479653,1.0113838836550713,0.6520346999168396,-0.3593491837382316,Global South (G77/Developing)
education,SLE,0.34600395,0.6955053,0.6539960503578186,0.3044946789741516,-0.349501371383667,Global South (G77/Developing)
education,EGY,0.27520263,0.3712145,0.7247973680496216,0.6287854909896851,-0.0960118770599365,Global South (G77/Developing)
education,NZL,0.15632421,0.5235294,0.8436757922172546,0.4764705896377563,-0.3672052025794983,Global North (Western/Allies)
education,UGA,0.34069243,0.5441873,0.6593075692653656,0.4558126926422119,-0.2034948766231537,Global South (G77/Developing)
education,TZA,0.274244,0.64192986,0.7257559895515442,0.3580701351165771,-0.367685854434967,Global South (G77/Developing)
education,FJI,0.71855056,0.6210041,0.2814494371414184,0.3789958953857422,0.0975464582443237,Global South (G77/Developing)
education,NIC,0.4790942,0.60545367,0.5209057927131653,0.3945463299751282,-0.1263594627380371,Global South (G77/Developing)
education,ITA,0.17738616,0.5701907,0.8226138353347778,0.4298092722892761,-0.3928045630455017,Global North (Western/Allies)
education,TCD,0.65492296,0.6717997,0.3450770378112793,0.3282002806663513,-0.0168767571449279,Global South (G77/Developing)
education,PER,0.40802756,0.5842396,0.5919724404811859,0.4157603979110718,-0.1762120425701141,Global South (G77/Developing)
education,COL,0.44273585,0.629982,0.5572641491889954,0.3700180053710937,-0.1872461438179016,Global South (G77/Developing)
education,CHL,0.44763172,0.6573509,0.5523682832717896,0.3426491022109985,-0.209719181060791,Global South (G77/Developing)
education,SLV,0.47674406,0.6356642,0.5232559442520142,0.3643357753753662,-0.1589201688766479,Global South (G77/Developing)
education,SAU,0.16820419,0.35784078,0.8317958116531372,0.6421592235565186,-0.1896365880966186,Global South (G77/Developing)
education,SGP,0.4419018,0.636168,0.5580981969833374,0.3638319969177246,-0.1942662000656128,Global South (G77/Developing)
education,CIV,0.771373,0.5943948,0.2286270260810852,0.4056051969528198,0.1769781708717346,Global South (G77/Developing)
education,CUB,0.6354487,0.41348493,0.364551305770874,0.5865150690078735,0.2219637632369995,Global South (G77/Developing)
education,ISR,0.5015218,0.49234405,0.4984781742095947,0.5076559484004974,0.0091777741909027,Global North (Western/Allies)
education,KHM,0.48118812,0.5653671,0.5188118815422058,0.4346328973770141,-0.0841789841651916,Global South (G77/Developing)
education,KEN,0.66589326,0.64002764,0.3341067433357239,0.3599723577499389,0.025865614414215,Global South (G77/Developing)
education,GIN,0.51091146,0.5450455,0.4890885353088379,0.4549545049667358,-0.034134030342102,Global South (G77/Developing)
education,IDN,0.41288802,0.549677,0.5871119797229767,0.4503229856491089,-0.1367889940738678,Global South (G77/Developing)
education,BOL,0.6836081,0.6152739,0.3163918852806091,0.3847261071205139,0.0683342218399047,Global South (G77/Developing)
education,SYR,0.3292815,0.19314411,0.6707184910774231,0.8068558871746063,0.1361373960971832,Global South (G77/Developing)
education,RUS,0.508258,0.36358678,0.4917420148849487,0.6364132165908813,0.1446712017059326,P5 (Major Powers)
education,MDG,0.57529604,0.72595,0.4247039556503296,0.2740499973297119,-0.1506539583206176,Global South (G77/Developing)
education,NOR,0.25892237,0.6432924,0.7410776317119598,0.3567075729370117,-0.3843700587749481,Global North (Western/Allies)
education,ALB,0.6123795,0.47269976,0.3876205086708069,0.527300238609314,0.139679729938507,Global South (G77/Developing)
education,IND,0.51961,0.61630046,0.4803900122642517,0.3836995363235473,-0.0966904759407043,Global South (G77/Developing)
education,ARG,0.418234,0.5196772,0.5817660093307495,0.480322778224945,-0.1014432311058044,Global South (G77/Developing)
education,JOR,0.4297189,0.45698416,0.5702810883522034,0.5430158376693726,-0.0272652506828308,Global South (G77/Developing)
education,CHN,0.087055735,0.46626374,0.9129442647099496,0.5337362587451935,-0.379208005964756,P5 (Major Powers)
education,BFA,0.59014136,0.5745243,0.4098586440086365,0.4254757165908813,0.0156170725822448,Global South (G77/Developing)
education,ECU,0.26289296,0.7058797,0.7371070384979248,0.2941203117370605,-0.4429867267608642,Global South (G77/Developing)
education,BGR,0.3168364,0.54147446,0.6831636130809784,0.458525538444519,-0.2246380746364593,Global North (Western/Allies)
education,GBR,0.33174804,0.57290256,0.6682519614696503,0.4270974397659302,-0.2411545217037201,P5 (Major Powers)
education,PHL,0.4380596,0.61687344,0.5619404017925262,0.3831265568733215,-0.1788138449192047,Global South (G77/Developing)
education,LKA,0.53581655,0.5998966,0.4641834497451782,0.4001033902168274,-0.0640800595283508,Global South (G77/Developing)
education,POL,0.40636674,0.4766698,0.5936332643032074,0.5233302116394043,-0.0703030526638031,Global North (Western/Allies)
education,DZA,0.13599372,0.29905385,0.8640062808990479,0.7009461522102356,-0.1630601286888122,Global South (G77/Developing)
education,COG,0.57740915,0.43691137,0.4225908517837524,0.5630886256694794,0.1404977738857269,Global South (G77/Developing)
education,AUT,0.429754,0.4041659,0.570246011018753,0.5958341062068939,0.0255880951881408,Global North (Western/Allies)
education,MEX,0.72724074,0.50162864,0.2727592587471008,0.4983713626861572,0.2256121039390564,Global South (G77/Developing)
education,MYS,0.2555123,0.5361886,0.7444877028465271,0.4638113975524902,-0.2806763052940368,Global South (G77/Developing)
education,CAF,0.7444262,0.5613745,0.2555738091468811,0.4386255145072937,0.1830517053604126,Global South (G77/Developing)
education,VEN,0.6428098,0.5519884,0.357190191745758,0.448011577129364,0.0908213853836059,Global South (G77/Developing)
education,HUN,0.29160815,0.32203886,0.7083918452262878,0.677961140871048,-0.0304307043552398,Global North (Western/Allies)
education,ISL,0.5603273,0.65585124,0.4396727085113525,0.3441487550735473,-0.0955239534378051,Global North (Western/Allies)
education,GRC,0.37367943,0.4363981,0.6263205707073212,0.5636019110679626,-0.0627186596393585,Global North (Western/Allies)
education,LUX,0.52634966,0.4456002,0.4736503362655639,0.5543997883796692,0.0807494521141052,Global North (Western/Allies)
education,URY,0.6469914,0.60589707,0.3530086278915405,0.394102931022644,0.0410943031311035,Global South (G77/Developing)
education,PAN,0.44379443,0.6411216,0.5562055706977844,0.3588783740997314,-0.1973271965980529,Global South (G77/Developing)
education,AFG,0.51665795,0.6966679,0.4833420515060425,0.3033320903778076,-0.1800099611282348,Global South (G77/Developing)
education,LBY,0.6218245,0.6333021,0.3781754970550537,0.3666979074478149,-0.0114775896072387,Global South (G77/Developing)
education,BRA,0.7416889,0.6474473,0.2583110928535461,0.3525527119636535,0.0942416191101074,Global South (G77/Developing)
education,ETH,0.34836656,0.6124849,0.6516334414482117,0.387515127658844,-0.2641183137893677,Global South (G77/Developing)
education,DOM,0.3586284,0.5948496,0.6413716077804565,0.4051504135131836,-0.2362211942672729,Global South (G77/Developing)
education,BDI,0.4551926,0.63189286,0.5448074042797089,0.3681071400642395,-0.1767002642154693,Global South (G77/Developing)
education,NER,0.28232345,0.61019117,0.7176765501499176,0.3898088335990906,-0.327867716550827,Global South (G77/Developing)
education,MUS,0.5343511,0.58687466,0.465648889541626,0.4131253361701965,-0.0525235533714294,Global South (G77/Developing)
education,IRL,0.3371501,0.62364775,0.6628499031066895,0.3763522505760193,-0.2864976525306701,Global North (Western/Allies)
education,FRA,0.45262736,0.5207728,0.5473726391792297,0.4792271852493286,-0.0681454539299011,P5 (Major Powers)
education,MLI,0.67367136,0.60324985,0.3263286352157593,0.3967501521110534,0.0704215168952941,Global South (G77/Developing)
education,BEL,0.4797531,0.58987105,0.5202468931674957,0.4101289510726928,-0.1101179420948028,Global North (Western/Allies)
education,GHA,0.3879006,0.7166561,0.6120994091033936,0.2833439111709595,-0.3287554979324341,Global South (G77/Developing)
education,BLR,0.7344262,0.58709,0.2655737996101379,0.412909984588623,0.1473361849784851,Global North (Western/Allies)
education,GUY,0.477817,0.4406088,0.5221830010414124,0.55939120054245,0.0372081995010376,Global South (G77/Developing)
education,JPN,0.35727635,0.4984029,0.6427236497402191,0.5015971064567566,-0.1411265432834625,Global North (Western/Allies)
education,RWA,0.58004874,0.31248075,0.4199512600898742,0.6875192523002625,0.2675679922103882,Global South (G77/Developing)
education,MWI,-0.057271667,0.63843095,1.0572716668248177,0.3615690469741821,-0.6957026198506355,Global South (G77/Developing)
education,BHR,0.31394285,0.58274066,0.6860571503639221,0.4172593355178833,-0.2687978148460388,Global South (G77/Developing)
education,ARE,0.57161283,0.45259893,0.4283871650695801,0.5474010705947876,0.1190139055252075,Global South (G77/Developing)
education,HND,0.68416667,0.6341184,0.3158333301544189,0.3658816218376159,0.050048291683197,Global South (G77/Developing)
education,GMB,0.5120898,0.6115969,0.4879102110862732,0.3884031176567077,-0.0995070934295654,Global South (G77/Developing)
education,BRB,0.46593097,0.6025561,0.5340690314769745,0.3974438905715942,-0.1366251409053802,Global South (G77/Developing)
education,DNK,0.40936834,0.7726986,0.5906316637992859,0.2273014187812805,-0.3633302450180053,Global North (Western/Allies)
education,CRI,0.28197828,0.37954915,0.7180217206478119,0.6204508543014526,-0.0975708663463592,Global South (G77/Developing)
education,PRT,0.31137383,0.4110633,0.6886261701583862,0.5889366865158081,-0.0996894836425781,Global North (Western/Allies)
education,BHS,0.36495864,0.5315312,0.635041356086731,0.4684687852859497,-0.1665725708007812,Global South (G77/Developing)
education,LSO,0.30684087,0.59451383,0.6931591331958771,0.4054861664772033,-0.2876729667186737,Global South (G77/Developing)
education,DEU,0.109657004,0.69197047,0.8903429955244064,0.3080295324325561,-0.5823134630918503,Global North (Western/Allies)
education,BGD,0.11110307,0.72160864,0.8888969272375107,0.2783913612365722,-0.6105055660009384,Global South (G77/Developing)
education,GNQ,0.300156,0.58243054,0.6998440027236938,0.4175694584846496,-0.2822745442390442,Global South (G77/Developing)
education,GRD,0.70220053,0.6030685,0.2977994680404663,0.396931529045105,0.0991320610046386,Global South (G77/Developing)
education,BWA,0.49157608,0.6181893,0.508423924446106,0.38181072473526,-0.1266131997108459,Global South (G77/Developing)
education,MOZ,0.54137623,0.63522685,0.4586237668991089,0.364773154258728,-0.0938506126403808,Global South (G77/Developing)
education,STP,0.40870184,0.5157074,0.5912981629371643,0.4842926263809204,-0.1070055365562439,Global South (G77/Developing)
education,CPV,0.6704376,0.60194385,0.3295624256134033,0.398056149482727,0.0684937238693237,Global South (G77/Developing)
education,PNG,0.28207535,0.74219203,0.7179246544837952,0.257807970046997,-0.4601166844367981,Global South (G77/Developing)
education,MDV,0.46732053,0.47043172,0.5326794683933258,0.5295682847499847,-0.003111183643341,Global South (G77/Developing)
education,GNB,0.7154937,0.5727777,0.2845063209533691,0.4272223114967346,0.1427159905433654,Global South (G77/Developing)
education,SUR,0.55672705,0.64489436,0.4432729482650757,0.3551056385040283,-0.0881673097610473,Global South (G77/Developing)
education,WSM,0.43011203,0.42532972,0.5698879659175873,0.574670284986496,0.0047823190689086,Global South (G77/Developing)
education,AGO,0.4822286,0.4531489,0.5177713930606842,0.5468510985374451,0.0290797054767608,Global South (G77/Developing)
education,VNM,0.28131557,0.52814835,0.7186844348907471,0.471851646900177,-0.24683278799057,Global South (G77/Developing)
education,VAT,0.2752442,0.46001804,0.7247557938098907,0.5399819612503052,-0.1847738325595855,Global South (G77/Developing)
education,DMA,-0.12123086,0.56955105,1.1212308630347252,0.4304489493370056,-0.6907819136977196,Global South (G77/Developing)
education,DJI,0.57264656,0.5465989,0.4273534417152405,0.4534010887145996,0.0260476469993591,Global South (G77/Developing)
education,LCA,0.3999473,0.57227856,0.6000527143478394,0.4277214407920837,-0.1723312735557556,Global South (G77/Developing)
education,ATG,0.5610366,0.5562637,0.4389634132385254,0.4437363147735595,0.0047729015350341,Global South (G77/Developing)
education,BLZ,0.52231693,0.69519264,0.4776830673217773,0.3048073649406433,-0.172875702381134,Global South (G77/Developing)
education,VUT,0.35724717,0.43423146,0.6427528262138367,0.5657685399055481,-0.0769842863082885,Global South (G77/Developing)
education,SLB,0.58359015,0.542836,0.4164098501205444,0.4571639895439148,0.0407541394233703,Global South (G77/Developing)
education,KNA,0.28987396,0.6371515,0.7101260423660278,0.3628485202789306,-0.3472775220870971,Global South (G77/Developing)
education,NAM,0.58165467,0.6210131,0.4183453321456909,0.3789868950843811,-0.0393584370613098,Global South (G77/Developing)
education,LIE,0.2810239,0.41681114,0.7189761102199554,0.5831888616085052,-0.1357872486114502,Global South (G77/Developing)
education,EST,0.35872895,0.66373324,0.6412710547447205,0.3362667560577392,-0.3050042986869812,Global North (Western/Allies)
education,MHL,0.36378208,0.46259633,0.6362179219722748,0.5374036729335785,-0.0988142490386962,Global South (G77/Developing)
innovation,USA,0.2832601,0.60023785,0.7167398929595947,0.3997621536254883,-0.3169777393341064,P5 (Major Powers)
innovation,SDN,-0.03549713,0.36064187,1.0354971289634705,0.6393581330776215,-0.396138995885849,Global South (G77/Developing)
innovation,CAN,0.13596097,0.5688003,0.8640390336513519,0.4311997294425964,-0.4328393042087555,Global North (Western/Allies)
innovation,CMR,0.3220018,0.30375198,0.6779981851577759,0.6962480247020721,0.0182498395442962,Global South (G77/Developing)
innovation,ROU,0.36179096,0.59980834,0.6382090449333191,0.4001916646957397,-0.2380173802375793,Global North (Western/Allies)
innovation,BEN,0.10001358,0.36562678,0.8999864235520363,0.6343732178211212,-0.265613205730915,Global South (G77/Developing)
innovation,TGO,0.36690614,0.2650948,0.6330938637256622,0.7349052131175995,0.1018113493919372,Global South (G77/Developing)
innovation,AUS,0.12017786,0.67056555,0.8798221424221992,0.3294344544410705,-0.5503876879811287,Global North (Western/Allies)
innovation,NLD,0.31991637,0.6034541,0.6800836324691772,0.3965458869934082,-0.283537745475769,Global North (Western/Allies)
innovation,LBN,0.021032242,0.43325305,0.9789677578955888,0.5667469501495361,-0.4122208077460527,Global South (G77/Developing)
innovation,SLE,0.5212638,0.6679497,0.4787362217903137,0.3320503234863281,-0.1466858983039856,Global South (G77/Developing)
innovation,NZL,0.21707311,0.3434248,0.7829268872737885,0.6565752029418945,-0.1263516843318939,Global North (Western/Allies)
innovation,UGA,0.31376976,0.5901383,0.6862302422523499,0.40986168384552,-0.2763685584068298,Global South (G77/Developing)
innovation,ITA,0.44410703,0.18288156,0.5558929741382599,0.8171184360980988,0.2612254619598388,Global North (Western/Allies)
innovation,COL,0.19646206,0.45602858,0.8035379350185394,0.5439714193344116,-0.2595665156841278,Global South (G77/Developing)
innovation,CHL,0.21323904,0.7882252,0.7867609560489655,0.2117748260498047,-0.5749861299991608,Global South (G77/Developing)
innovation,SLV,0.26425874,0.47377086,0.7357412576675415,0.5262291431427002,-0.2095121145248413,Global South (G77/Developing)
innovation,SGP,0.05921845,0.65474546,0.9407815486192704,0.3452545404434204,-0.5955270081758499,Global South (G77/Developing)
innovation,ISR,0.20357944,0.43523416,0.7964205592870712,0.5647658407688141,-0.2316547185182571,Global North (Western/Allies)
innovation,BOL,0.112308934,0.44529068,0.8876910656690598,0.5547093152999878,-0.3329817503690719,Global South (G77/Developing)
innovation,RUS,0.3570625,0.18498033,0.6429375112056732,0.8150196671485901,0.1720821559429168,P5 (Major Powers)
innovation,TUN,0.34936816,0.64200395,0.650631844997406,0.3579960465431213,-0.2926357984542846,Global South (G77/Developing)
innovation,NOR,0.35433614,0.51609397,0.645663857460022,0.4839060306549072,-0.1617578268051147,Global North (Western/Allies)
innovation,IND,0.4861512,0.5919274,0.5138488113880157,0.4080725908279419,-0.1057762205600738,Global South (G77/Developing)
innovation,ARG,0.32420617,0.5132539,0.6757938265800476,0.486746072769165,-0.1890477538108825,Global South (G77/Developing)
innovation,PHL,0.028189482,0.4547704,0.9718105178326368,0.5452296137809753,-0.4265809040516615,Global South (G77/Developing)
innovation,MYS,0.1404834,0.23070404,0.8595166057348251,0.7692959606647491,-0.0902206450700759,Global South (G77/Developing)
innovation,VEN,0.4405938,0.61461926,0.559406191110611,0.385380744934082,-0.1740254461765289,Global South (G77/Developing)
innovation,LUX,0.18583313,0.2824555,0.8141668736934662,0.7175444960594177,-0.0966223776340484,Global North (Western/Allies)
innovation,ZMB,0.22113405,0.46123245,0.7788659483194351,0.538767546415329,-0.2400984019041061,Global South (G77/Developing)
innovation,BRA,0.105820075,0.76034015,0.8941799253225327,0.23965984582901,-0.6545200794935226,Global South (G77/Developing)
innovation,ETH,0.332294,0.34430802,0.6677060127258301,0.6556919813156128,-0.0120140314102172,Global South (G77/Developing)
innovation,DOM,0.3823993,0.60889727,0.6176007091999054,0.3911027312278747,-0.2264979779720306,Global South (G77/Developing)
innovation,FRA,0.29088008,0.5063486,0.7091199159622192,0.4936513900756836,-0.2154685258865356,P5 (Major Powers)
innovation,BEL,0.21033987,0.6274039,0.7896601259708405,0.3725960850715637,-0.4170640408992767,Global North (Western/Allies)
innovation,GUY,0.2942072,0.51653916,0.7057928144931793,0.4834608435630798,-0.2223319709300995,Global South (G77/Developing)
innovation,JPN,0.45508873,0.46949393,0.54491126537323,0.5305060744285583,-0.0144051909446716,Global North (Western/Allies)
innovation,DNK,0.11875832,0.6269243,0.8812416791915894,0.3730757236480713,-0.5081659555435181,Global North (Western/Allies)
innovation,GNQ,0.076857746,0.12091105,0.9231422543525696,0.8790889531373978,-0.0440533012151718,Global South (G77/Developing)
innovation,GNB,0.18236072,0.083089404,0.8176392763853073,0.9169105961918832,0.0992713198065757,Global South (G77/Developing)
innovation,WSM,0.23864461,0.72795975,0.761355385184288,0.2720402479171753,-0.4893151372671127,Global South (G77/Developing)
innovation,SYC,0.047496807,0.47250962,0.9525031931698322,0.5274903774261475,-0.4250128157436847,Global South (G77/Developing)
innovation,ZWE,0.15317976,0.71718067,0.8468202352523804,0.2828193306922912,-0.5640009045600891,Global South (G77/Developing)
science_technology,USA,0.5453889,0.4033409,0.4546111226081848,0.5966590940952301,0.1420479714870453,P5 (Major Powers)
science_technology,MAR,0.4622136,0.22889735,0.5377863943576813,0.7711026519536972,0.2333162575960159,Global South (G77/Developing)
science_technology,JAM,0.24696572,0.38074037,0.7530342787504196,0.6192596256732941,-0.1337746530771255,Global South (G77/Developing)
science_technology,NGA,0.26838982,0.29604477,0.7316101789474487,0.7039552330970764,-0.0276549458503723,Global South (G77/Developing)
science_technology,SEN,0.33195862,0.3174589,0.6680413782596588,0.6825411021709442,0.0144997239112854,Global South (G77/Developing)
science_technology,IRN,0.2229667,0.3642192,0.7770332992076874,0.6357808113098145,-0.1412524878978729,Global South (G77/Developing)
science_technology,KWT,0.50948644,0.46354514,0.4905135631561279,0.5364548563957214,0.0459412932395935,Global South (G77/Developing)
science_technology,LBR,0.40402156,0.51463926,0.5959784388542175,0.4853607416152954,-0.1106176972389221,Global South (G77/Developing)
science_technology,CMR,0.36378452,0.4743731,0.636215478181839,0.5256268978118896,-0.1105885803699493,Global South (G77/Developing)
science_technology,NPL,0.49740335,0.494763,0.5025966465473175,0.5052370131015778,0.0026403665542602,Global South (G77/Developing)
science_technology,UKR,0.26426998,0.4817182,0.7357300221920013,0.5182817876338959,-0.2174482345581054,Global North (Western/Allies)
science_technology,ROU,0.45309526,0.12960088,0.5469047427177429,0.8703991174697876,0.3234943747520447,Global North (Western/Allies)
science_technology,BEN,0.28365153,0.29066578,0.7163484692573547,0.7093342244625092,-0.0070142447948455,Global South (G77/Developing)
science_technology,GAB,0.3366859,0.2699471,0.6633141040802002,0.7300528883934021,0.0667387843132019,Global South (G77/Developing)
science_technology,PRY,0.39970398,0.24086691,0.6002960205078125,0.7591330856084824,0.1588370651006698,Global South (G77/Developing)
science_technology,THA,0.36000812,0.5975005,0.6399918794631958,0.4024994969367981,-0.2374923825263977,Global South (G77/Developing)
science_technology,TGO,0.2540933,0.5147699,0.7459067106246948,0.4852300882339477,-0.260676622390747,Global South (G77/Developing)
science_technology,AUS,0.27856088,0.5863029,0.7214391231536865,0.4136971235275268,-0.3077419996261596,Global North (Western/Allies)
science_technology,SLE,0.4325788,0.5339734,0.5674211978912354,0.4660266041755676,-0.1013945937156677,Global South (G77/Developing)
science_technology,EGY,0.38593683,0.2520051,0.614063173532486,0.7479948997497559,0.1339317262172699,Global South (G77/Developing)
science_technology,TZA,0.3991122,0.48258013,0.600887805223465,0.5174198746681213,-0.0834679305553436,Global South (G77/Developing)
science_technology,NIC,0.495412,0.43527597,0.5045880079269409,0.5647240281105042,0.0601360201835632,Global South (G77/Developing)
science_technology,PER,0.2763466,0.5670115,0.7236534059047699,0.4329885244369507,-0.2906648814678192,Global South (G77/Developing)
science_technology,COL,0.30816752,0.45696864,0.6918324828147888,0.5430313646793365,-0.1488011181354522,Global South (G77/Developing)
science_technology,CHL,0.4230134,0.53334033,0.5769866108894348,0.466659665107727,-0.1103269457817077,Global South (G77/Developing)
science_technology,CUB,0.30619773,0.33936423,0.6938022673130035,0.660635769367218,-0.0331664979457855,Global South (G77/Developing)
science_technology,ISR,0.47875416,0.5774261,0.5212458372116089,0.4225739240646362,-0.0986719131469726,Global North (Western/Allies)
science_technology,KHM,0.27664027,0.42547587,0.7233597338199615,0.5745241343975067,-0.1488355994224548,Global South (G77/Developing)
science_technology,KEN,0.40571043,0.29879603,0.5942895710468292,0.7012039721012115,0.1069144010543823,Global South (G77/Developing)
science_technology,GIN,0.41676822,0.19455938,0.5832317769527435,0.8054406195878983,0.2222088426351547,Global South (G77/Developing)
science_technology,IDN,0.57732904,0.29369992,0.4226709604263305,0.7063000798225403,0.2836291193962097,Global South (G77/Developing)
science_technology,BOL,0.31472856,0.6727942,0.6852714419364929,0.3272057771682739,-0.358065664768219,Global South (G77/Developing)
science_technology,RUS,0.52189124,0.38925028,0.4781087636947632,0.6107497215270996,0.1326409578323364,P5 (Major Powers)
science_technology,TUN,0.35281903,0.4310469,0.64718097448349,0.5689530968666077,-0.0782278776168823,Global South (G77/Developing)
science_technology,ALB,0.5214566,0.43238246,0.4785434007644653,0.5676175355911255,0.0890741348266601,Global South (G77/Developing)
science_technology,IND,0.5082542,0.35951775,0.4917458295822143,0.6404822468757629,0.1487364172935485,Global South (G77/Developing)
science_technology,JOR,0.24733356,0.004965528,0.7526664435863495,0.9950344720855356,0.242368028499186,Global South (G77/Developing)
science_technology,CHN,0.38463432,0.49161935,0.6153656840324402,0.508380651473999,-0.1069850325584411,P5 (Major Powers)
science_technology,BFA,0.50186515,-0.013305181,0.4981348514556885,1.0133051807060838,0.5151703292503953,Global South (G77/Developing)
science_technology,ECU,0.53348905,0.4590009,0.4665109515190124,0.5409991145133972,0.0744881629943847,Global South (G77/Developing)
science_technology,BGR,0.46374732,0.4304509,0.5362526774406433,0.5695491135120392,0.0332964360713958,Global North (Western/Allies)
science_technology,LKA,0.4727364,0.20342225,0.5272636115550995,0.7965777516365051,0.2693141400814056,Global South (G77/Developing)
science_technology,POL,0.48760208,0.6370739,0.5123979151248932,0.3629261255264282,-0.1494717895984649,Global North (Western/Allies)
science_technology,DZA,0.33055753,0.27637035,0.6694424748420715,0.7236296534538269,0.0541871786117553,Global South (G77/Developing)
science_technology,COG,0.39223814,0.41535527,0.6077618598937988,0.5846447348594666,-0.0231171250343322,Global South (G77/Developing)
science_technology,AUT,0.42425048,0.2624358,0.5757495164871216,0.737564206123352,0.1618146896362304,Global North (Western/Allies)
science_technology,MYS,0.36985627,0.29770172,0.6301437318325043,0.7022982835769653,0.072154551744461,Global South (G77/Developing)
science_technology,CAF,0.5200734,0.4880324,0.479926586151123,0.5119675993919373,0.0320410132408142,Global South (G77/Developing)
science_technology,VEN,0.3697409,0.30168393,0.630259096622467,0.6983160674571991,0.068056970834732,Global South (G77/Developing)
science_technology,COD,0.45327938,0.60599077,0.5467206239700317,0.3940092325210571,-0.1527113914489746,Global South (G77/Developing)
science_technology,ZMB,0.44708776,0.20097819,0.5529122352600098,0.7990218102931976,0.2461095750331878,Global South (G77/Developing)
science_technology,TUR,0.50897264,0.40619737,0.4910273551940918,0.5938026309013367,0.1027752757072448,Global South (G77/Developing)
science_technology,BRA,0.50085515,0.5689863,0.4991448521614074,0.4310137033462524,-0.068131148815155,Global South (G77/Developing)
science_technology,MNG,0.28606424,0.37437683,0.7139357626438141,0.6256231665611267,-0.0883125960826873,Global South (G77/Developing)
science_technology,BDI,0.5339,0.44347975,0.4660999774932861,0.5565202534198761,0.0904202759265899,Global South (G77/Developing)
science_technology,MUS,0.25625825,0.40839446,0.7437417507171631,0.591605544090271,-0.1521362066268921,Global South (G77/Developing)
science_technology,PAK,0.4543545,0.49666405,0.5456455051898956,0.5033359527587891,-0.0423095524311065,Global South (G77/Developing)
science_technology,MLI,0.3533135,0.48298606,0.6466864943504333,0.5170139372348785,-0.1296725571155548,Global South (G77/Developing)
science_technology,GHA,0.2481244,0.53541934,0.7518755942583084,0.4645806550979614,-0.287294939160347,Global South (G77/Developing)
science_technology,BLR,0.4504166,0.16381067,0.5495834052562714,0.836189329624176,0.2866059243679046,Global North (Western/Allies)
science_technology,GUY,0.5493145,0.3824495,0.4506855010986328,0.6175504922866821,0.1668649911880493,Global South (G77/Developing)
science_technology,JPN,0.49621612,0.33894196,0.5037838816642761,0.6610580384731293,0.1572741568088531,Global North (Western/Allies)
science_technology,GMB,0.5686157,0.29916745,0.4313843250274658,0.7008325457572937,0.2694482207298279,Global South (G77/Developing)
science_technology,BTN,0.42927098,0.5203966,0.5707290172576904,0.4796034097671509,-0.0911256074905395,Global South (G77/Developing)
science_technology,BRB,0.4956972,0.234098,0.5043027997016907,0.7659019976854324,0.2615991979837417,Global South (G77/Developing)
science_technology,DEU,0.5335563,0.23881379,0.4664437174797058,0.7611862123012543,0.2947424948215484,Global North (Western/Allies)
science_technology,BGD,0.49192184,0.5920478,0.5080781579017639,0.4079521894454956,-0.1001259684562683,Global South (G77/Developing)
science_technology,GNQ,0.24205935,0.43722314,0.7579406499862671,0.5627768635749817,-0.1951637864112854,Global South (G77/Developing)
science_technology,BWA,0.34903845,0.43822843,0.6509615480899811,0.5617715716362,-0.0891899764537811,Global South (G77/Developing)
science_technology,MOZ,0.31204253,0.5358126,0.6879574656486511,0.4641873836517334,-0.2237700819969177,Global South (G77/Developing)
science_technology,CPV,0.2561344,0.2917612,0.7438656091690063,0.708238810300827,-0.0356267988681793,Global South (G77/Developing)
science_technology,GNB,0.33137953,0.4700544,0.6686204671859741,0.5299456119537354,-0.1386748552322387,Global South (G77/Developing)
science_technology,SUR,0.40603974,0.33226943,0.5939602553844452,0.6677305698394775,0.0737703144550323,Global South (G77/Developing)
science_technology,VNM,0.3831361,0.516558,0.6168639063835144,0.4834420084953308,-0.1334218978881836,Global South (G77/Developing)
science_technology,LCA,0.35603327,0.46307492,0.6439667344093323,0.5369250774383545,-0.1070416569709777,Global South (G77/Developing)
science_technology,VCT,0.05786328,0.2459648,0.9421367198228836,0.7540352046489716,-0.188101515173912,Global South (G77/Developing)
science_technology,ATG,0.52163726,0.5039766,0.4783627390861511,0.496023416519165,0.0176606774330139,Global South (G77/Developing)
science_technology,SLB,0.3635748,0.59816486,0.6364251971244812,0.4018351435661316,-0.2345900535583496,Global South (G77/Developing)
science_technology,KNA,0.51391065,0.45870426,0.4860893487930298,0.541295737028122,0.0552063882350921,Global South (G77/Developing)
